Timestamp,Open,High,Low,Close,Value,Trades,SMA_10,SMA_50,RSI_14,Return,Middle_Band,Upper_Band,Lower_Band,Return_Signal,Weekday,Day,Month,Year,TOD
2022-09-08,0.0333999,0.039,0.028,0.039,145268.31444538,73,0.03352752,0.022827834,21.967289738785325,-0.02706153846153836,0.028786305,0.040106417971813996,0.017466192028186008,-1,3,8,9,2022,0.0
2022-09-09,0.039,0.043,0.02975,0.0379446,605141.0528482003,225,0.03352752,0.022827834,21.967289738785325,-0.02706153846153836,0.028786305,0.040106417971813996,0.017466192028186008,-1,4,9,9,2022,0.0
2022-09-10,0.0386907,0.0399994,0.0309,0.0317301,363125.18584312,167,0.03352752,0.022827834,21.967289738785325,-0.16377824512578876,0.028786305,0.040106417971813996,0.017466192028186008,-1,5,10,9,2022,0.0
2022-09-11,0.0354272,0.036,0.0317341,0.0359999,92740.85442821,76,0.03352752,0.022827834,21.967289738785325,0.13456623206356122,0.028786305,0.040106417971813996,0.017466192028186008,1,6,11,9,2022,0.0
2022-09-12,0.0359999,0.04,0.0320103,0.0348601,420122.27177352,126,0.03352752,0.022827834,21.967289738785325,-0.031661199058886313,0.028786305,0.040106417971813996,0.017466192028186008,-1,0,12,9,2022,0.0
2022-09-13,0.0349999,0.0398488,0.03,0.0338973,442220.34169742,100,0.03352752,0.022827834,21.967289738785325,-0.02761896839079636,0.028786305,0.040106417971813996,0.017466192028186008,-1,1,13,9,2022,0.0
2022-09-14,0.0345683,0.0348,0.03175,0.0320373,150332.53437349,61,0.03352752,0.022827834,21.967289738785325,-0.05487162694373893,0.028786305,0.040106417971813996,0.017466192028186008,-1,2,14,9,2022,0.0
2022-09-15,0.0320995,0.0327575,0.0299293,0.0308331,618374.0406399003,92,0.03352752,0.022827834,21.967289738785325,-0.03758743714357948,0.028786305,0.040106417971813996,0.017466192028186008,-1,3,15,9,2022,0.0
2022-09-16,0.0308476,0.0309401,0.0289411,0.0289424,128455.09883799,49,0.03352752,0.022827834,21.967289738785325,-0.06132046404675495,0.028786305,0.040106417971813996,0.017466192028186008,-1,4,16,9,2022,0.0
2022-09-17,0.0288632,0.0300304,0.0283648,0.0300304,337096.92411483,50,0.03352752,0.022827834,21.967289738785325,0.03759190668361989,0.028786305,0.040106417971813996,0.017466192028186008,1,5,17,9,2022,0.0
2022-09-18,0.0306384,0.0306384,0.0272678,0.0272689,387428.88921271,47,0.03235441,0.022827834,21.967289738785325,-0.09195681709201342,0.028786305,0.040106417971813996,0.017466192028186008,-1,6,18,9,2022,0.0
2022-09-19,0.0271836,0.0272772,0.0238464,0.0263018,717267.1194087599,73,0.03119013,0.022827834,21.967289738785325,-0.03546531029854516,0.028786305,0.040106417971813996,0.017466192028186008,-1,0,19,9,2022,0.0
2022-09-20,0.0262921,0.0262921,0.0245587,0.02546,366466.57695002,52,0.03056312,0.022827834,21.967289738785325,-0.03200541407812396,0.028786305,0.040106417971813996,0.017466192028186008,-1,1,20,9,2022,0.0
2022-09-21,0.0256686,0.0260048,0.0247646,0.0253257,311115.4451619399,42,0.029495700000000003,0.022827834,21.967289738785325,-0.005274941084053464,0.028786305,0.040106417971813996,0.017466192028186008,-1,2,21,9,2022,0.0
2022-09-22,0.0246142,0.0263785,0.0239246,0.0259816,416527.9669695401,43,0.02860785,0.022827834,24.01081219206415,0.025898593128719005,0.028786305,0.040106417971813996,0.017466192028186008,1,3,22,9,2022,0.0
2022-09-23,0.0264025,0.0264025,0.0224283,0.0237361,822076.4164875699,71,0.02759173,0.022827834,22.921645531504538,-0.08642654801859784,0.028786305,0.040106417971813996,0.017466192028186008,-1,4,23,9,2022,0.0
2022-09-24,0.0235851,0.0242072,0.0225577,0.0240412,589436.4927637102,91,0.026792119999999996,0.022827834,31.086512680490998,0.012853838667683304,0.028786305,0.040106417971813996,0.017466192028186008,1,5,24,9,2022,0.0
2022-09-25,0.0236268,0.0236268,0.0203947,0.0214271,2076287.4526253296,178,0.02585152,0.022827834,10.974355678385493,-0.10873417300301136,0.028786305,0.040106417971813996,0.017466192028186008,-1,6,25,9,2022,0.0
2022-09-26,0.0213873,0.0213873,0.0200001,0.0203085,432394.3872780901,66,0.02498813,0.022827834,10.986830816746732,-0.052204918071040884,0.028786305,0.040106417971813996,0.017466192028186008,-1,0,26,9,2022,0.0
2022-09-27,0.0206826,0.0218845,0.0204538,0.0206,837093.4695672598,48,0.024045089999999998,0.022827834,13.01847226934693,0.014353595785016049,0.028786305,0.040106417971813996,0.017466192028186008,1,1,27,9,2022,0.0
2022-09-28,0.0204654,0.0220338,0.02,0.0219453,368376.6821906501,31,0.023512730000000003,0.022827834,21.10561396275682,0.06530582524271855,0.027933569999999998,0.03856247986440679,0.0173046601355932,1,2,28,9,2022,0.0
2022-09-29,0.0219033,0.0219033,0.0211523,0.0217,258655.96807169,39,0.023052549999999998,0.022827834,22.33182063291062,-0.01117779205570213,0.02712134,0.03698426915952936,0.017258410840470636,-1,3,29,9,2022,0.0
2022-09-30,0.0217,0.0217246,0.0204762,0.02103,230910.84976859,27,0.02260955,0.022827834,24.11541481287621,-0.030875576036866414,0.026586335,0.03655688809013813,0.01661578190986187,-1,4,30,9,2022,0.0
2022-10-01,0.0206376,0.0208621,0.0201171,0.0202,137253.97472838,22,0.02209698,0.022827834,17.28869958738187,-0.0394674274845459,0.02579634,0.03510841353366698,0.01648426646633303,-1,5,1,10,2022,0.0
2022-10-02,0.0202,0.0210772,0.02,0.02,321116.0418644,34,0.021498820000000002,0.022827834,20.84159011592925,-0.009900990099009799,0.025053335,0.033665438753811894,0.01644123124618811,-1,6,2,10,2022,0.0
2022-10-03,0.0200379,0.0200379,0.0193534,0.0200074,120093.70453955,30,0.02112595,0.022827834,22.64446144218067,0.00036999999999998145,0.02435884,0.032171095548249665,0.016546584451750335,0,0,3,10,2022,0.0
2022-10-04,0.0200077,0.0206051,0.019656,0.0206051,285118.4788132,43,0.02078234,0.022827834,28.443169607573253,0.0298739466397433,0.02378723,0.030873107812010067,0.016701352187989932,1,1,4,10,2022,0.0
2022-10-05,0.0203573,0.0208,0.0190001,0.0206,370537.05201111,31,0.020699630000000004,0.022827834,28.77330099267843,-0.00024751153840563145,0.023275575,0.02966263824043908,0.01688851175956092,-1,2,5,10,2022,0.0
2022-10-06,0.0196438,0.0200462,0.0184,0.0184,437618.0626908399,94,0.02050878,0.022827834,20.09372337404146,-0.10679611650485443,0.022748455,0.028902195088066233,0.016594714911933768,-1,3,6,10,2022,0.0
2022-10-07,0.0184875,0.0187464,0.0176003,0.0182897,201652.4746598,94,0.02027775,0.022827834,24.164168342757392,-0.00599456521739139,0.02216142,0.027587226317609414,0.01673561368239059,-1,4,7,10,2022,0.0
2022-10-08,0.0179361,0.0188933,0.017936,0.017936,132814.95935428,81,0.01987682,0.022827834,21.171970913211837,-0.019338753506071615,0.021694775,0.0268706237437734,0.0165189262562266,-1,5,8,10,2022,0.0
2022-10-09,0.017936,0.0194985,0.017936,0.0180004,74536.31795146,77,0.01950686,0.022827834,28.687821078949653,0.003590544157002551,0.021279705000000003,0.026226320296384057,0.01633308970361595,0,6,9,10,2022,0.0
2022-10-10,0.0180004,0.0195,0.0176251,0.0192999,482887.18568976,52,0.019333850000000003,0.022827834,43.8651127709788,0.07219284015910743,0.0209717,0.02557776427909528,0.016365635720904718,1,0,10,10,2022,0.0
2022-10-11,0.0176304,0.0192,0.0175,0.0175,255101.91046193,62,0.01906385,0.022827834,34.067594515140925,-0.09325955056761936,0.020580414999999998,0.024952780120437754,0.01620804987956224,-1,1,11,10,2022,0.0
2022-10-12,0.0185989,0.0188693,0.0175001,0.0175001,106613.05794962,34,0.018813859999999998,0.022827834,23.48808359376862,5.7142857141645464e-06,0.020156340000000002,0.023926785695502915,0.01638589430449709,0,2,12,10,2022,0.0
2022-10-13,0.0184512,0.0185,0.0165703,0.0175709,239237.43272931,74,0.018570209999999997,0.022827834,24.84985808086344,0.004045691167479104,0.01984808,0.023387231617400275,0.016308928382599727,1,3,13,10,2022,0.0
2022-10-14,0.0175729,0.01898,0.0168613,0.01898,79904.40054919,69,0.0184077,0.022827834,38.544926240500665,0.08019509529961466,0.01959502,0.022546811341648525,0.016643228658351477,1,4,14,10,2022,0.0
2022-10-15,0.01898,0.0191017,0.0171317,0.0185,268774.56012808,46,0.0181977,0.022827834,40.11397999534775,-0.025289778714436273,0.019448664999999997,0.02230675595452111,0.016590574045478885,-1,5,15,10,2022,0.0
2022-10-16,0.0171531,0.0188,0.0167001,0.0172398,126102.41954681,44,0.01808168,0.022827834,35.71058789422459,-0.06811891891891886,0.01929523,0.022285395315690338,0.016305064684309662,-1,6,16,10,2022,0.0
2022-10-17,0.0172091,0.0190995,0.0171695,0.0190995,368659.1581426199,101,0.01816266,0.022827834,46.056209547804166,0.10787248111927039,0.019220204999999997,0.022147157120137692,0.016293252879862302,1,0,17,10,2022,0.0
2022-10-18,0.0197557,0.0197557,0.0173577,0.0197499,442795.81606101,108,0.01834405,0.022827834,46.30206171302061,0.03405324746721128,0.019110435,0.02175845019972971,0.016462419800270287,1,1,18,10,2022,0.0
2022-10-19,0.0178667,0.0189378,0.0170001,0.0188,164748.96791412,44,0.018424009999999998,0.022827834,42.80460505276623,-0.04809644605795471,0.018965435,0.021317453141959125,0.016613416858040873,-1,2,19,10,2022,0.0
2022-10-20,0.018,0.0188154,0.0176001,0.0176001,169812.235,24,0.018254029999999997,0.022827834,46.52456138826371,-0.06382446808510644,0.01879394,0.021008268919987794,0.016579611080012203,-1,3,20,10,2022,0.0
2022-10-21,0.0177,0.0183999,0.0172002,0.0173,176230.94293365,25,0.018234030000000002,0.022827834,45.769681219385006,-0.017051039482730235,0.01864894,0.02085538041449943,0.016442499585500567,-1,4,21,10,2022,0.0
2022-10-22,0.0173,0.0174,0.0171,0.0171,329440.85189717,33,0.018194019999999998,0.022827834,46.37907137907138,-0.01156069364161838,0.018503940000000003,0.02071768432451342,0.016290195675486587,-1,5,22,10,2022,0.0
2022-10-23,0.0171,0.01725,0.0167002,0.0167002,306472.66100054,56,0.01810695,0.022827834,44.52750138895903,-0.0233801169590645,0.01833858,0.020573440697978285,0.016103719302021716,-1,6,23,10,2022,0.0
2022-10-24,0.01725,0.0173,0.0167008,0.0173,45675.15319661,25,0.017938950000000002,0.022827834,41.05566338989419,0.03591573753607746,0.018173324999999997,0.020179615754890086,0.01616703424510991,1,0,24,10,2022,0.0
2022-10-25,0.01729,0.0194122,0.0167002,0.0194122,275102.66920216,60,0.01803017,0.022827834,58.31970066132961,0.12209248554913299,0.018113935,0.019872835887994836,0.016355034112005166,1,1,25,10,2022,0.0
2022-10-26,0.0302618,0.0302618,0.0178618,0.019499,276994.11826961,53,0.01825609,0.022827834,58.63179804295818,0.00447141488342373,0.018168885,0.020031051842290416,0.016306718157709583,1,2,26,10,2022,0.0
2022-10-27,0.0178665,0.0197975,0.0175376,0.0178001,61340.63174095,19,0.01812615,0.022827834,50.867734803283156,-0.0871275450023078,0.018144405,0.02001274685474984,0.01627606314525016,-1,3,27,10,2022,0.0
2022-10-28,0.018896,0.0197,0.0167002,0.0177501,431167.51457293,56,0.017926169999999998,0.022402836000000002,44.80954109236392,-0.0028089729832977417,0.018135110000000003,0.02000965679199213,0.016260563208007877,-1,4,28,10,2022,0.0
2022-10-29,0.0184949,0.0198842,0.01775,0.0198842,200969.43406476,40,0.01803459,0.022041627999999997,55.125983202239716,0.12023030856164185,0.0182293,0.02025829409249213,0.01620030590750787,1,5,29,10,2022,0.0
2022-10-30,0.0194779,0.0221365,0.0181044,0.0190497,195571.3850248,39,0.01817955,0.02178802,56.92064147566935,-0.04196799468925083,0.01821679,0.02022092376368355,0.01621265623631645,-1,6,30,10,2022,0.0
2022-10-31,0.0190495,0.0193935,0.0181043,0.0181043,95327.82421763,30,0.01825998,0.021430108,45.90850038645596,-0.04962807813246395,0.018247005,0.020223670445669757,0.016270339554330243,-1,0,31,10,2022,0.0
2022-11-01,0.01862,0.0197,0.0181044,0.0181044,117970.37775638,44,0.01836042,0.021094994,42.8527993745385,5.52354965388524e-06,0.01827722,0.02022406306030898,0.01633037693969102,0,1,1,11,2022,0.0
2022-11-02,0.0181044,0.0183,0.0151,0.0168025,611030.1470967901,86,0.01837065,0.020753097999999998,41.58132085809415,-0.07191069574247133,0.0182388,0.02027271399911329,0.01620488600088671,-1,2,2,11,2022,0.0
2022-11-03,0.0165702,0.0183975,0.0159472,0.0183684,226352.23910642,126,0.018477490000000003,0.02047972,53.1411750275972,0.09319446510935858,0.01820822,0.020213399883359878,0.016203040116640123,1,3,3,11,2022,0.0
2022-11-04,0.0171985,0.0194999,0.0171985,0.0192361,119355.58869544,44,0.01845988,0.02024778,57.56460448070266,0.047238736090241984,0.018245025,0.020299178932503745,0.016190871067496258,1,4,4,11,2022,0.0
2022-11-05,0.0193064,0.023,0.0188006,0.0213995,559209.03539743,68,0.018649930000000002,0.020096922,64.56420852952135,0.11246562452888065,0.01845301,0.020886025664734128,0.01601999433526587,1,5,5,11,2022,0.0
2022-11-06,0.0189004,0.0205434,0.0188003,0.0201999,28715.77108746,25,0.018889910000000003,0.019900312,61.24560580451534,-0.056057384518329756,0.01850803,0.021049934224540413,0.01596612577545959,-1,6,6,11,2022,0.0
2022-11-07,0.0200999,0.021,0.0180068,0.0190376,141139.85616929,43,0.01901866,0.019735686,55.388642171335,-0.057539888811330875,0.018472415,0.020960445330052813,0.015984384669947185,-1,0,7,11,2022,0.0
2022-11-08,0.0197841,0.0197999,0.0151,0.0151,131492.63930621,68,0.01854024,0.019511650000000002,37.98709619906174,-0.20683279404967003,0.018287414999999998,0.02118878570638936,0.015386044293610639,-1,1,8,11,2022,0.0
2022-11-09,0.0151,0.0178148,0.0150001,0.0150006,557752.6551759699,78,0.018135329999999998,0.019302462,37.47717250901963,-0.006582781456953679,0.018157440000000004,0.02140115952866322,0.014913720471336786,-1,2,9,11,2022,0.0
2022-11-10,0.0188177,0.0188177,0.0152652,0.0152663,28431.19509941,16,0.01785153,0.019101273999999998,42.3346402381471,0.01771262482834035,0.018055755,0.02153183395160467,0.01457967604839533,1,3,10,11,2022,0.0
2022-11-11,0.0176285,0.0176285,0.015,0.0159,117742.12561419,44,0.01763109,0.018899642,44.59392331383354,0.041509730583048965,0.017995755,0.021581007106513946,0.01441050289348605,1,4,11,11,2022,0.0
2022-11-12,0.0158981,0.0158981,0.014,0.0140201,60258.69685597,15,0.017352849999999996,0.018705322,32.60643882992922,-0.11823270440251576,0.01786175,0.021830705272586102,0.013892794727413896,-1,5,12,11,2022,0.0
2022-11-13,0.0141131,0.0157983,0.014,0.014,142870.88733323,32,0.01691601,0.018504498,34.261689117168544,-0.0014336559653640446,0.01769675,0.02202238784867553,0.01337111215132447,-1,6,13,11,2022,0.0
2022-11-14,0.014,0.0152999,0.014,0.0152999,47555.74377361,15,0.01652239,0.018381954,41.44853999463323,0.09284999999999988,0.017491134999999998,0.021864126242796912,0.013118143757203085,1,0,14,11,2022,0.0
2022-11-15,0.0155579,0.0156999,0.0135003,0.0146,128466.56942886,28,0.01584244,0.018267784,39.751418377493124,-0.0457453970287387,0.017246185,0.021693813075739338,0.012798556924260664,-1,1,15,11,2022,0.0
2022-11-16,0.0158999,0.0159,0.0137107,0.0137107,32575.989,6,0.015193519999999999,0.018129998,40.734458536117565,-0.06091095890410969,0.017041715,0.021750459415625437,0.012332970584374561,-1,2,16,11,2022,0.0
2022-11-17,0.0137457,0.0159,0.0135,0.0155199,290563.02058209,29,0.01484175,0.01800149,41.58627574921579,0.1319553341550761,0.016930204999999997,0.021673815069834058,0.012186594930165936,1,3,17,11,2022,0.0
2022-11-18,0.0148505,0.01529,0.0137,0.0137201,63902.13702285,17,0.01470376,0.017841891999999998,34.557497844320764,-0.11596724205697195,0.016621999999999998,0.02135847891781932,0.011885521082180677,-1,4,18,11,2022,0.0
2022-11-19,0.0153,0.0153,0.01372,0.015,102698.54768212,25,0.0147037,0.017721292,31.15166437916389,0.09328649208096151,0.016419515000000003,0.02106437084764134,0.011774659152358664,1,5,19,11,2022,0.0
2022-11-20,0.0137701,0.0157575,0.01315,0.01315,126227.79199939,29,0.01449207,0.017580292,30.00221255254813,-0.1233333333333333,0.0161718,0.020964420010412887,0.011379179989587113,-1,6,20,11,2022,0.0
2022-11-21,0.0140997,0.0140999,0.0128001,0.0128101,127010.88039758,29,0.014183079999999997,0.017436494,31.47051647494986,-0.025847908745247228,0.015907084999999998,0.020833241496552437,0.010980928503447559,-1,0,21,11,2022,0.0
2022-11-22,0.0147999,0.0147999,0.0113,0.0134,170497.82896403,32,0.014121070000000003,0.017304345999999998,43.68339699478322,0.046049601486327196,0.01573696,0.020766832689568065,0.010707087310431938,1,1,22,11,2022,0.0
2022-11-23,0.0134,0.0134,0.01221,0.0134,23817.67894735,16,0.01406107,0.017160244,44.008474830054205,0.0,0.015488539999999999,0.02046164338749722,0.010515436612502777,0,2,23,11,2022,0.0
2022-11-24,0.0134999,0.0135,0.01222,0.0135,14259.48592592,11,0.013881079999999999,0.017018244000000002,43.30515862487208,0.00746268656716409,0.015201735,0.01991991463124936,0.01048355536875064,1,3,24,11,2022,0.0
2022-11-25,0.0122,0.0124321,0.0115554,0.0120235,59985.00606359,31,0.01362343,0.016890714,36.189193618491835,-0.10937037037037045,0.014732934999999999,0.018654111201775164,0.010811758798224835,-1,4,25,11,2022,0.0
2022-11-26,0.0121492,0.0133,0.01154,0.012,223237.45270572,33,0.01345236,0.016764920000000003,41.705877039555254,-0.001954505759554137,0.014322940000000001,0.017477002300489305,0.011168877699510695,-1,5,26,11,2022,0.0
2022-11-27,0.0121999,0.0124863,0.0115211,0.0124863,30541.19928311,12,0.013149,0.016655925999999998,44.01420425336719,0.04052499999999992,0.013995375000000001,0.016346310702516742,0.01164443929748326,1,6,27,11,2022,0.0
2022-11-28,0.0124937,0.0124937,0.01155,0.0121,134317.64155663,27,0.01298699,0.016537918,36.36076893568049,-0.030937907947110155,0.013845375000000002,0.016280859117766777,0.011409890882233228,-1,0,28,11,2022,0.0
2022-11-29,0.0121,0.0125,0.01175,0.0120001,72688.20965503,22,0.012687,0.016391922,38.32083015138583,-0.008256198347107446,0.013695349999999998,0.016199887512932012,0.011190812487067985,-1,1,29,11,2022,0.0
2022-11-30,0.0120002,0.0129,0.0115,0.0129,157577.96734817,30,0.012662000000000001,0.016299921999999998,46.36166985306658,0.07499104174131888,0.013577035000000001,0.015991033328412514,0.011163036671587488,1,2,30,11,2022,0.0
2022-12-01,0.0119197,0.0129799,0.0119061,0.01191,55842.34565854,21,0.01257199,0.01618812,32.51339385190711,-0.07674418604651156,0.013377535,0.01563780638405511,0.01111726361594489,-1,3,1,12,2022,0.0
2022-12-02,0.01265,0.0134499,0.0119449,0.0122065,84267.14102418,16,0.012452640000000001,0.016080832,41.41813893361758,0.024895046179680858,0.013286855,0.015583805056029559,0.010989904943970442,1,4,2,12,2022,0.0
2022-12-03,0.0122837,0.01345,0.0122659,0.01345,112484.42620811,25,0.01245764,0.015970232,41.175331921386444,0.10187195346741484,0.013259355,0.015533410890138398,0.010985299109861603,1,5,3,12,2022,0.0
2022-12-04,0.0134499,0.01345,0.0124001,0.01345,32488.76472116,20,0.01245264,0.015869232,52.163815239029454,0.0,0.013166859999999999,0.015232378083499296,0.011101341916500702,0,6,4,12,2022,0.0
2022-12-05,0.0135,0.0135,0.0125001,0.0134,34365.7859117,35,0.01259029,0.015792436,54.44047995423273,-0.0037174721189591198,0.013106860000000001,0.015063962989409947,0.011149757010590056,-1,0,5,12,2022,0.0
2022-12-06,0.0134,0.0177999,0.0124434,0.01345,89512.55252733,37,0.01273529,0.015679446,50.409674882013626,0.003731343283582156,0.013093825,0.015037420237128585,0.011150229762871415,0,1,6,12,2022,0.0
2022-12-07,0.01345,0.01349,0.0119926,0.0119926,97612.34713106,13,0.01268592,0.0155243,40.69155268657901,-0.10835687732342003,0.01291746,0.01454926145515687,0.011285658544843131,-1,2,7,12,2022,0.0
2022-12-08,0.0133999,0.0134,0.0122113,0.0134,21761.5626567,10,0.01281592,0.0154163,49.4361241429087,0.1173557026833214,0.012901455000000001,0.014506163639204105,0.011296746360795897,1,3,8,12,2022,0.0
2022-12-09,0.01335,0.01335,0.012,0.01315,28925.15977536,18,0.01293091,0.015327298,57.371706780792344,-0.018656716417910446,0.012808955,0.014083683877633644,0.011534226122366356,-1,4,9,12,2022,0.0
2022-12-10,0.013097,0.013097,0.0120901,0.0122,62845.27447051,12,0.01286091,0.015225298,51.16724250630312,-0.07224334600760451,0.012761455,0.014053358909535508,0.011469551090464492,-1,5,10,12,2022,0.0
2022-12-11,0.01225,0.0122999,0.0115717,0.0120235,83903.64482331,24,0.012872260000000002,0.015123768000000003,47.19766512461549,-0.014467213114754185,0.012722125,0.014055036249661108,0.011389213750338894,-1,6,11,12,2022,0.0
2022-12-12,0.0121999,0.0121999,0.011407,0.011407,133362.02374189,25,0.012792310000000001,0.015017904,45.917573872472786,-0.051274587266602834,0.012622475,0.014037472541191642,0.011207477458808356,-1,0,12,12,2022,0.0
2022-12-13,0.0118997,0.01204,0.01089,0.0117521,252347.25989515,31,0.012622520000000002,0.014906946,48.580065958226456,0.030253353204172884,0.01254008,0.01395635862944054,0.01112380137055946,1,1,13,12,2022,0.0
2022-12-14,0.0110103,0.0127,0.0110103,0.0126999,85406.09650521,16,0.012547510000000001,0.014772700000000001,48.86056920291093,0.08064941584908225,0.012500075,0.013845621456589869,0.01115452854341013,1,2,14,12,2022,0.0
2022-12-15,0.0126989,0.0126989,0.0110022,0.0123,10171.71436585,11,0.01243751,0.01462872,52.380777964984254,-0.031488436916826124,0.0125139,0.01384442709618544,0.01118337290381456,-1,3,15,12,2022,0.0
2022-12-16,0.0122998,0.0122999,0.0110044,0.0120999,20496.31093302,13,0.012302500000000001,0.014514715999999999,49.34150379283932,-0.016268292682926844,0.012518894999999999,0.013842028439544761,0.011195761560455236,-1,4,16,12,2022,0.0
2022-12-17,0.0108901,0.01206,0.010398,0.0115,86489.56878734,24,0.01225324,0.014389714,36.91380559954902,-0.04957892213985238,0.012469580000000001,0.01386914272659844,0.011070017273401562,-1,5,17,12,2022,0.0
2022-12-18,0.011499,0.0115,0.010398,0.0115,82250.40901448,17,0.01206324,0.014222029999999998,36.91380559954902,0.0,0.01243958,0.013897024134308766,0.010982135865691234,0,6,18,12,2022,0.0
2022-12-19,0.0104352,0.0115,0.0092,0.0097711,175951.15956869,34,0.011725349999999999,0.014036458,30.12541760227832,-0.15033913043478264,0.01232813,0.014207037967382699,0.0104492220326173,-1,0,19,12,2022,0.0
2022-12-20,0.0097801,0.011,0.0097801,0.0108,158533.9505320399,29,0.01158535,0.013890372,36.89208974714099,0.10530032442611392,0.01222313,0.014199652622235822,0.010246607377764179,1,1,20,12,2022,0.0
2022-12-21,0.0100004,0.0107551,0.0097801,0.0100003,59619.40907043,27,0.011383029999999999,0.01372829,39.45951093569788,-0.07404629629629633,0.012127645,0.014338485424601484,0.009916804575398515,-1,2,21,12,2022,0.0
2022-12-22,0.0105868,0.0105999,0.00978,0.0103495,77245.018,29,0.01127728,0.01359923,31.82603515043192,0.034918952431427064,0.012034795000000001,0.014383379440376456,0.009686210559623546,1,3,22,12,2022,0.0
2022-12-23,0.0103,0.0217014,0.0085,0.0099999,985729.5913277796,98,0.01110206,0.01343186,31.452761978780288,-0.033779409633315494,0.011862290000000001,0.014279034879857043,0.00944554512014296,-1,4,23,12,2022,0.0
2022-12-24,0.0099999,0.0102499,0.0092201,0.0093006,46453.91244653,14,0.01076213,0.013233149999999997,32.40954206809522,-0.06993069930699325,0.01165482,0.014206338503991292,0.009103301496008707,-1,5,24,12,2022,0.0
2022-12-25,0.0101789,0.0101801,0.0093003,0.0093003,74718.21662406,14,0.01046216,0.012991166,33.11759162822992,-3.2255983484885675e-05,0.011449835,0.014068850721320844,0.008830819278679156,-1,6,25,12,2022,0.0
2022-12-26,0.0093102,0.0101,0.0093002,0.0100528,74095.56437203,24,0.01025745,0.012788223999999999,41.743891137882265,0.0809113684504803,0.011279975,0.013791229845794376,0.008768720154205623,1,0,26,12,2022,0.0
2022-12-27,0.0100528,0.0102999,0.0093,0.01009,84285.65784121,24,0.01011645,0.012609272,39.47145047065233,0.0037004615629476767,0.011184845,0.013726399271638446,0.008643290728361555,0,1,27,12,2022,0.0
2022-12-28,0.0100897,0.0100897,0.0092001,0.0092002,10432.3394435,11,0.00988647,0.012491276,27.66709634602377,-0.08818632309217045,0.010974855,0.013438596448734007,0.008511113551265994,-1,2,28,12,2022,0.0
2022-12-29,0.0098998,0.010095,0.0092002,0.0099,115890.82512626,23,0.00989936,0.012389264,35.24928704887404,0.07606356383556889,0.010812355000000001,0.013094022748749504,0.008530687251250498,1,3,29,12,2022,0.0
2022-12-30,0.0099,0.00994,0.0090309,0.009929,28869.55890522,6,0.00981226,0.012282518,36.37071357717759,0.0029292929292927816,0.010698805,0.012914795785155513,0.008482814214844488,0,4,30,12,2022,0.0
2022-12-31,0.0099299,0.0107999,0.0090198,0.01,153198.47540783,15,0.009812230000000002,0.012164518,39.91284699806328,0.007150770470339296,0.01059763,0.012742597475253213,0.008452662524746787,1,5,31,12,2022,0.0
2023-01-01,0.0090073,0.00987,0.0089002,0.00987,47486.65913572,16,0.00976428,0.012081516,39.22698672870513,-0.013000000000000012,0.01052078,0.012653751890258046,0.008387808109741955,-1,6,1,1,2023,0.0
2023-01-02,0.00999,0.00999,0.00893,0.00989,33222.21898241,9,0.009753290000000001,0.011999316,51.01514608199717,0.0020263424518742745,0.010427674999999999,0.012495921997236632,0.008359428002763366,0,0,2,1,2023,0.0
2023-01-03,0.0098799,0.0099,0.008999,0.0099,78983.26426851,24,0.009813230000000001,0.011891318,40.69748211849341,0.0010111223458040275,0.01028768,0.012067229277766536,0.008508130722233465,0,1,3,1,2023,0.0
2023-01-04,0.0098989,0.010699,0.0090101,0.0090372,415260.93848268,56,0.009786920000000001,0.011780062,40.17345168860321,-0.0871515151515152,0.01012454,0.011715584311665646,0.008533495688334353,-1,2,4,1,2023,0.0
2023-01-05,0.0101422,0.0102716,0.0091009,0.01,120265.71532844,30,0.00978164,0.011705847999999998,46.83085181625289,0.10653742309564906,0.010019545000000001,0.011310586080474624,0.008728503919525378,1,3,5,1,2023,0.0
2023-01-06,0.01,0.010193,0.0091002,0.0099999,51727.78232339,26,0.009772630000000001,0.011595448000000001,50.0,-9.99999999995449e-06,0.009944539999999998,0.01103162809578589,0.008857451904214107,-1,4,6,1,2023,0.0
2023-01-07,0.0099999,0.01,0.0091101,0.00985,93342.25428188,24,0.00983761,0.011518045999999999,55.95207141618998,-0.014990149901499161,0.009862039999999999,0.010665548033300441,0.009058531966699557,-1,5,7,1,2023,0.0
2023-01-08,0.0091058,0.0100398,0.0091022,0.0100396,256355.29602661,35,0.00985157,0.011418838,57.6938287022583,0.019248730964466887,0.009875465,0.010681543534178,0.009069386465822,1,6,8,1,2023,0.0
2023-01-09,0.009213,0.01028,0.009213,0.01019,310276.6315048501,214,0.00987767,0.011359638,51.63240053302873,0.01498067652097701,0.009844965,0.010542620421732735,0.009147309578267267,1,0,9,1,2023,0.0
2023-01-10,0.0097038,0.0102981,0.0095135,0.0098345,174227.7755334001,49,0.00986112,0.011300125999999999,47.17411020417191,-0.034887144259077574,0.009836675,0.010530488373586742,0.009142861626413257,-1,1,10,1,2023,0.0
2023-01-11,0.0103713,0.0103713,0.0096719,0.0101165,156525.07208565,58,0.009885769999999999,0.011234455999999999,61.708707097038,0.02867456403477564,0.009825025,0.010489798619955597,0.009160251380044402,1,2,11,1,2023,0.0
2023-01-12,0.0102473,0.010388,0.0095344,0.010388,75597.59009099,42,0.00993557,0.011174216,57.00223842047866,0.026837344931547324,0.00984443,0.010551978375433329,0.00913688162456667,1,3,12,1,2023,0.0
2023-01-13,0.010388,0.01052,0.0097001,0.0098011,134825.97257632,35,0.009925680000000001,0.011100238,48.418058132343845,-0.05649788217173657,0.009869455,0.010529848622573869,0.00920906137742613,-1,4,13,1,2023,0.0
2023-01-14,0.0105499,0.0139995,0.0098219,0.0118883,520596.4968876101,70,0.01021079,0.011097534,65.5833759717431,0.2129556886471926,0.009998855000000001,0.011073782588209612,0.00892392741179039,1,5,14,1,2023,0.0
2023-01-15,0.0118852,0.0122,0.0105571,0.0116989,188220.93992869,19,0.01038068,0.011091512,64.9466337588467,-0.015931630258321117,0.01008116,0.011398273266759197,0.008764046733240804,-1,6,15,1,2023,0.0
2023-01-16,0.0116,0.013,0.0106001,0.0119,505981.9794622703,75,0.010570689999999999,0.011079786000000001,65.95440690881384,0.017189650309003435,0.01017166,0.01171980223119176,0.008623517768808242,1,0,16,1,2023,0.0
2023-01-17,0.0107577,0.0139,0.0107577,0.0112455,314210.82937215,42,0.01071024,0.011062696,59.68863862206028,-0.05500000000000005,0.010273925,0.011822083223757789,0.00872576677624221,-1,1,17,1,2023,0.0
2023-01-18,0.0112717,0.0121,0.0111007,0.0117299,554028.49131353,42,0.01087927,0.011057291999999998,70.50705984494235,0.04307500778089013,0.010365419999999998,0.012032272536779368,0.00869856746322063,1,2,18,1,2023,0.0
2023-01-19,0.0117299,0.0117299,0.0111032,0.0116,110330.49180631,22,0.01102027,0.011031292000000002,63.95576024003907,-0.011074263207699997,0.010448969999999998,0.012189599097526893,0.008708340902473103,-1,3,19,1,2023,0.0
2023-01-20,0.0116,0.0129776,0.0111508,0.011492,75100.64814467,19,0.011186020000000001,0.011022932,62.77417255962879,-0.009310344827586081,0.01052357,0.012310454096732995,0.008736685903267004,-1,4,20,1,2023,0.0
2023-01-21,0.0125415,0.0125415,0.0114,0.0115001,189014.22948824,33,0.01132438,0.011008803999999999,64.47837150127228,0.0007048381482770427,0.010605075,0.012414996834747054,0.008795153165252947,0,5,21,1,2023,0.0
2023-01-22,0.0124504,0.0126999,0.0114009,0.0124,76836.90157763,35,0.011525579999999999,0.010987803999999999,68.41530395705905,0.07825149346527427,0.010730575000000001,0.012674826958845122,0.00878632304115488,1,6,22,1,2023,0.0
2023-01-23,0.0124,0.0128999,0.0115376,0.0128999,136529.80626585,32,0.01183546,0.010976802,70.04868088128673,0.04031451612903236,0.010880569999999999,0.013009157156926156,0.008751982843073842,1,0,23,1,2023,0.0
2023-01-24,0.0128999,0.0149,0.0121006,0.0123101,913281.97132205,81,0.011877639999999998,0.010955003999999999,67.70157023138746,-0.045721284661121464,0.011044215,0.01307718767154838,0.00901124232845162,-1,1,24,1,2023,0.0
2023-01-25,0.0126699,0.0136999,0.0118101,0.0129,332829.88138868,35,0.01199775,0.010944004,69.06376275597562,0.04792000064987301,0.011189214999999999,0.013319927652982178,0.00905850234701782,1,2,25,1,2023,0.0
2023-01-26,0.0121362,0.0131207,0.0121152,0.0124089,221962.78585545,29,0.012048640000000001,0.01095233,63.43665642744113,-0.038069767441860414,0.011309665,0.013429630005942423,0.009189699994057577,-1,3,26,1,2023,0.0
2023-01-27,0.01309,0.0138999,0.0123101,0.0130587,156976.50468442,26,0.01222996,0.010945504,71.47962547804299,0.052365640790078105,0.0114701,0.013610508665357214,0.009329691334642787,1,4,27,1,2023,0.0
2023-01-28,0.0129783,0.01308,0.0122001,0.0127996,73957.60471484,33,0.01233693,0.010938495999999999,57.917600653356274,-0.019841178677816318,0.0116081,0.013715818595019002,0.009500381404980997,-1,5,28,1,2023,0.0
2023-01-29,0.0125,0.0132655,0.0124401,0.0129633,74996.20905539,32,0.01247326,0.010953762,61.03469943447601,0.012789462170692989,0.011746765,0.013826378767050184,0.009667151232949815,1,6,29,1,2023,0.0
2023-01-30,0.012831,0.0129632,0.0120201,0.01229,210434.02491056,35,0.01255306,0.010959091999999998,53.14445125294288,-0.051938935301967804,0.011869540000000001,0.013754641788009682,0.009984438211990321,-1,0,30,1,2023,0.0
2023-01-31,0.0117203,0.0125799,0.0114013,0.0116855,163922.60929639,33,0.012571599999999999,0.010964662,53.57642162759697,-0.04918633034987807,0.01194799,0.01364735675500005,0.010248623244999951,-1,1,31,1,2023,0.0
2023-02-01,0.0124999,0.0125991,0.0114202,0.01183,282106.30435131,27,0.0125146,0.01096622,50.86122343629012,0.01236575242822302,0.01202009,0.013555199091820146,0.010484980908179856,1,2,1,2,2023,0.0
2023-02-02,0.0125999,0.0126946,0.0118113,0.0118113,115473.75438848,27,0.01240574,0.010948448,51.85341122397068,-0.0015807269653423939,0.012120599999999999,0.013254878447202832,0.010986321552797166,-1,3,2,2,2023,0.0
2023-02-03,0.0125999,0.0135,0.01182,0.0120055,241850.03892516,20,0.01237528,0.010942558,54.43705175840318,0.016441881926629653,0.01212646,0.01325688972807011,0.01099603027192989,1,4,3,2,2023,0.0
2023-02-04,0.0120001,0.0134999,0.0120001,0.0121165,282857.0030204501,51,0.012296930000000001,0.01094289,55.23313070941013,0.00924576235891883,0.012147340000000001,0.013259801582352364,0.011034878417647638,1,5,4,2,2023,0.0
2023-02-05,0.0121415,0.0127899,0.0114162,0.0121999,506832.9730680599,49,0.012276029999999999,0.010956888,48.02775532732756,0.006883175834605737,0.012162335,0.013268827765976033,0.011055842234023967,1,6,5,2,2023,0.0
2023-02-06,0.011441,0.0121999,0.0106005,0.01188,387638.9420124699,38,0.01215816,0.010964488000000001,39.577755523309285,-0.0262215264059541,0.01219406,0.013223576674336185,0.011164543325663814,-1,0,6,2,2023,0.0
2023-02-07,0.01188,0.01218,0.01105,0.0120052,488451.8898255301,58,0.01207872,0.011009169999999999,46.557369645236335,0.010538720538720625,0.012207825,0.013218398662774829,0.011197251337225171,1,1,7,2,2023,0.0
2023-02-08,0.0118839,0.0122999,0.0112601,0.0114501,540644.7794916403,51,0.0119274,0.011022171999999998,33.49948787982247,-0.04623829673808022,0.01220033,0.013231890218615944,0.011168769781384057,-1,2,8,2,2023,0.0
2023-02-09,0.0115496,0.0118459,0.0102053,0.0115999,567909.6414236799,54,0.01185839,0.011054164,40.017768125956266,0.013082855171570484,0.012205725,0.013222712913554133,0.011188737086445869,1,3,9,2,2023,0.0
2023-02-10,0.0107001,0.0116,0.0102053,0.01104,396547.1332940901,30,0.01179384,0.011067974000000001,24.526159049037204,-0.04826765747980588,0.01218272,0.013284219409847383,0.011081220590152615,-1,4,10,2,2023,0.0
2023-02-11,0.0110399,0.01137,0.0102331,0.01132,110375.68736324,27,0.01174284,0.011094376000000001,31.42699337216311,0.025362318840579823,0.012128719999999999,0.01328965743536915,0.010967782564630848,1,5,11,2,2023,0.0
2023-02-12,0.01132,0.01133,0.0102532,0.0103347,138968.49505281,33,0.01159518,0.011115058000000002,22.64610389610391,-0.08704063604240275,0.012000460000000001,0.013353562581243499,0.010647357418756503,-1,6,12,2,2023,0.0
2023-02-13,0.01133,0.01137,0.0102053,0.0104999,419247.97112847,34,0.011444619999999999,0.01113905,29.168897060534817,0.015984982631329414,0.011909949999999999,0.013410032349318276,0.010409867650681722,1,0,13,2,2023,0.0
2023-02-14,0.0102054,0.0117,0.009727,0.01118,569369.1529818897,42,0.011350969999999998,0.011161594000000002,44.21928961873615,0.06477204544805204,0.01182395,0.013281661364830943,0.010366238635169056,1,1,14,2,2023,0.0
2023-02-15,0.01118,0.0116699,0.0102018,0.0104184,152051.5591187,25,0.01117282,0.011168161999999999,35.8540105022648,-0.0681216457960645,0.011724425,0.013282337320855408,0.010166512679144592,-1,2,15,2,2023,0.0
2023-02-16,0.011651,0.0123899,0.0103317,0.01202,149055.30453581,45,0.01118682,0.011224558,51.58772423656862,0.15372801965752902,0.011672489999999999,0.013107526124100394,0.010237453875899603,1,3,16,2,2023,0.0
2023-02-17,0.01162,0.0129069,0.01162,0.0129065,135733.87405352,32,0.011276949999999999,0.011284688000000001,56.20130495829088,0.07375207986688848,0.011677835000000001,0.013131226211542465,0.010224443788457537,1,4,17,2,2023,0.0
2023-02-18,0.0125714,0.0130596,0.0118444,0.0130596,30066.49714321,32,0.0114379,0.0113473,56.45366581356836,0.011862239956611065,0.01168265,0.013154493393413931,0.010210806606586067,1,5,18,2,2023,0.0
2023-02-19,0.0124608,0.01393,0.0122551,0.0124,408339.80448929,44,0.01151791,0.011395299999999999,51.269202958302145,-0.0505069067965328,0.01168815,0.013170335167066881,0.010205964832933118,-1,6,19,2,2023,0.0
2023-02-20,0.0138599,0.0145,0.0124,0.0145,226812.56846663,36,0.01186391,0.0114879,63.55686639759909,0.1693548387096775,0.011828874999999999,0.013772586534667475,0.009885163465332523,1,0,20,2,2023,0.0
2023-02-21,0.0136236,0.0143976,0.012201,0.0122011,605633.8705917099,54,0.01195202,0.011534122,50.82751104615306,-0.15854482758620703,0.011847429999999999,0.013798258889526172,0.009896601110473826,-1,1,21,2,2023,0.0
2023-02-22,0.012201,0.0138734,0.0121529,0.0136999,158680.23347244,20,0.01228854,0.01161012,58.80175894338205,0.12284138315397786,0.01194186,0.014060908081618233,0.009822811918381767,1,2,22,2,2023,0.0
2023-02-23,0.0121778,0.0137,0.0120964,0.0125406,61611.11267389,18,0.01249261,0.011680188000000001,53.410829665189745,-0.08462105562814315,0.011968614999999998,0.014104491775742758,0.009832738224257238,-1,3,23,2,2023,0.0
2023-02-24,0.0132999,0.013868,0.01162,0.0121999,395574.81161731,26,0.012594600000000001,0.011724186000000001,54.273545211374504,-0.02716775911838354,0.011972785,0.014110202556698644,0.009835367443301355,-1,4,24,2,2023,0.0
2023-02-25,0.0121999,0.0133441,0.01113,0.01214,290099.8081006799,49,0.012766759999999999,0.011766987999999999,53.071023025182384,-0.004909876310461581,0.01196979,0.014106035148459132,0.009833544851540867,-1,5,25,2,2023,0.0
2023-02-26,0.0112758,0.014,0.01126,0.0128897,322621.8992026599,24,0.012853729999999999,0.011827782,59.74075486084636,0.061754530477759584,0.012020275,0.014194963280021426,0.009845586719978575,1,6,26,2,2023,0.0
2023-02-27,0.0128823,0.0138,0.0119002,0.0134999,181988.96525538,38,0.012913069999999999,0.011896987999999999,61.06194690265487,0.047340124285282004,0.01209501,0.014368027228637652,0.009821992771362347,1,0,27,2,2023,0.0
2023-02-28,0.0135,0.0135,0.0119001,0.0119001,229955.01440647,42,0.01279712,0.011931190000000001,52.4865846668094,-0.11850458151541865,0.01211751,0.014372485354188906,0.009862534645811093,-1,1,28,2,2023,0.0
2023-03-01,0.0124856,0.0139767,0.0120022,0.0126986,636197.0437109101,65,0.012826979999999998,0.011988471999999998,57.85376741110178,0.06710027646826511,0.012172445,0.014427858565507014,0.009917031434492986,1,2,1,3,2023,0.0
2023-03-02,0.012015,0.0132815,0.0119001,0.01204,384184.63301474,46,0.01258098,0.012026942,50.07367242293866,-0.05186398500622125,0.012222445,0.014415632498620363,0.010029257501379637,-1,3,2,3,2023,0.0
2023-03-03,0.0115245,0.0120218,0.0112,0.0112169,150367.05392783,23,0.01248256,0.012043519999999999,43.74694675134344,-0.06836378737541526,0.01221729,0.014419873242133131,0.01001470675786687,-1,4,3,3,2023,0.0
2023-03-04,0.0113889,0.0124927,0.0105,0.0114728,312291.9217586001,38,0.01225985,0.012076953999999999,44.17174759421142,0.022813789906302118,0.012274195,0.014325606741344407,0.010222783258655593,1,5,4,3,2023,0.0
2023-03-05,0.0115255,0.0115255,0.0106001,0.0115,259778.62113629,19,0.01215579,0.012069188,46.53328813768239,0.0023708249076075383,0.0123242,0.014237622025696482,0.01041077797430352,0,6,5,3,2023,0.0
2023-03-06,0.0107601,0.0115,0.0103368,0.01149,73136.39635727,23,0.0120848,0.012065010000000001,36.180743026095904,-0.0008695652173912327,0.0123397,0.014218810331485119,0.010460589668514882,-1,0,6,3,2023,0.0
2023-03-07,0.01149,0.01162,0.0103015,0.0114,296771.88230585,36,0.0120108,0.01205501,45.386272273863426,-0.007832898172323688,0.01238878,0.014100410786060138,0.010677149213939863,-1,1,7,3,2023,0.0
2023-03-08,0.0103871,0.0114,0.010326,0.0113,24122.73178947,11,0.011851829999999999,0.0120561,33.52373367751858,-0.008771929824561542,0.01235278,0.014126239476900981,0.01057932052309902,-1,2,8,3,2023,0.0
2023-03-09,0.0102309,0.01125,0.0102,0.0102,357014.98498013,36,0.01152184,0.012025502,33.798936818207,-0.09734513274336276,0.012217454999999999,0.014212243036727978,0.01022266696327202,-1,3,9,3,2023,0.0
2023-03-10,0.0106997,0.0114324,0.0093,0.0112277,471042.7699819999,52,0.0114546,0.012018056,43.85508052486537,0.1007549019607843,0.01212586,0.014126055548755807,0.010125664451244194,1,4,10,3,2023,0.0
2023-03-11,0.0112482,0.0112482,0.0097007,0.010519,45099.04666819,9,0.01123664,0.011998596000000002,40.5308783325934,-0.06312067475974592,0.01203181,0.014151077692685978,0.009912542307314023,-1,5,11,3,2023,0.0
2023-03-12,0.0098001,0.0108989,0.0098001,0.0108989,19767.333,9,0.01112253,0.011986572,37.845560222721495,0.03611560034223782,0.011851755,0.013680000118283025,0.010023509881716975,1,6,12,3,2023,0.0
2023-03-13,0.0096638,0.0116,0.0096637,0.0112973,402082.6242604199,48,0.011130570000000001,0.011964518000000002,36.19544235252826,0.03655414766627829,0.011806565000000002,0.013643113060929708,0.009970016939070295,1,0,13,3,2023,0.0
2023-03-14,0.0116387,0.01248,0.010701,0.0116475,435424.26667655,38,0.01114804,0.011939469999999999,48.12282631312981,0.03099855717737876,0.011703945,0.013309939276026844,0.010097950723973157,1,1,14,3,2023,0.0
2023-03-15,0.0118997,0.0119899,0.0104036,0.011191,203365.63860939,42,0.011117140000000001,0.011917088,38.19642353825436,-0.03919295986263149,0.011636465,0.013207474306515178,0.010065455693484823,-1,2,15,3,2023,0.0
2023-03-16,0.011191,0.01168,0.0107184,0.0116796,40002.84511661,6,0.0111361,0.01189268,47.10112287249444,0.043660083996068355,0.01161045,0.013159249172873663,0.010061650827126336,1,3,16,3,2023,0.0
2023-03-17,0.0106286,0.0123185,0.0106286,0.0118267,85899.61829698,20,0.01117877,0.011881036000000001,55.50341142919028,0.0125946094044318,0.011594785,0.013127284347333745,0.010062285652666255,1,4,17,3,2023,0.0
2023-03-18,0.0116751,0.0124887,0.0112285,0.0117999,147000.85397036,28,0.01122876,0.011855860000000001,53.07939974769821,-0.0022660590020885385,0.011540295,0.012951641262075007,0.010128948737924994,-1,5,18,3,2023,0.0
2023-03-19,0.0119647,0.0119799,0.011037,0.01121,32015.99640152,8,0.01132976,0.011824068,47.5314106711158,-0.04999194908431437,0.0114258,0.012498757321954726,0.010352842678045274,-1,6,19,3,2023,0.0
2023-03-20,0.01195,0.0124838,0.0111003,0.0117922,138944.05397681,30,0.011386209999999999,0.011800646000000001,52.34408935774123,0.051935771632471095,0.011420405,0.012484368203706556,0.010356441796293444,1,0,20,3,2023,0.0
2023-03-21,0.0113001,0.0118692,0.0109863,0.0113975,233307.07035109,32,0.01147406,0.011782796,49.981483401721306,-0.03347127762419222,0.01135535,0.012233048328464223,0.010477651671535778,-1,1,21,3,2023,0.0
2023-03-22,0.0113958,0.0115,0.0109001,0.0109998,137501.03770952,28,0.011484150000000002,0.011769082,47.870438681119126,-0.03489361702127647,0.01130334,0.012132131455960487,0.010474548544039513,-1,2,22,3,2023,0.0
2023-03-23,0.0103082,0.0113,0.0103081,0.0113,345144.14506363,27,0.011484419999999999,0.011758481999999999,58.80197164164772,0.027291405298278004,0.011307495,0.012135294437888092,0.01047969556211191,1,3,23,3,2023,0.0
2023-03-24,0.0113,0.0125,0.0106,0.0109999,225526.53162396,26,0.011419660000000002,0.011742254,47.93696794059047,-0.02655752212389373,0.01128385,0.012118753560771477,0.010448946439228522,-1,4,24,3,2023,0.0
2023-03-25,0.0108,0.0111975,0.01025,0.0104025,115991.27038342,19,0.01134081,0.011710194,48.92323049337301,-0.054309584632587504,0.011228974999999999,0.01214444272371139,0.010313507276288608,-1,5,25,3,2023,0.0
2023-03-26,0.0108899,0.010977,0.0104,0.010977,67438.2368672,18,0.01127055,0.011687404000000002,50.6967863961601,0.055227108868060704,0.011203325,0.012116743607844902,0.010289906392155098,1,6,26,3,2023,0.0
2023-03-27,0.0104198,0.0109341,0.01011,0.01055,89028.21859831,16,0.01114288,0.011654405999999999,43.36664950558328,-0.03889951717226936,0.011160825,0.012113948604675122,0.010207701395324877,-1,0,27,3,2023,0.0
2023-03-28,0.0102121,0.0111,0.0098754,0.0101348,303599.18681781,48,0.010976370000000001,0.011619501999999999,36.725811263798946,-0.03935545023696696,0.011102564999999998,0.012156937843821814,0.010048192156178182,-1,1,28,3,2023,0.0
2023-03-29,0.0111,0.0113197,0.0098218,0.0105496,192803.29019648,41,0.01091033,0.01159039,44.330115625331494,0.04092828669534665,0.011120045,0.012121687929286131,0.010118402070713869,1,2,29,3,2023,0.0
2023-03-30,0.0105496,0.01093,0.01045,0.0108,41275.92681481,23,0.01081111,0.011577388,41.882613510520486,0.02373549708045819,0.01109866,0.012108851590790922,0.010088468409209078,1,3,30,3,2023,0.0
2023-03-31,0.0108,0.01139,0.0104999,0.0109013,236620.58756557,37,0.01076149,0.011563416,41.38714120844345,0.009379629629629571,0.011117775,0.012095737552021969,0.010139812447978031,1,4,31,3,2023,0.0
2023-04-01,0.0112182,0.0112182,0.01052,0.0108977,96963.24603417,37,0.01075128,0.01156057,41.566647971583464,-0.00033023584343150336,0.011117715,0.01209573423837469,0.01013969576162531,-1,5,1,4,2023,0.0
2023-04-02,0.010564,0.0110534,0.0104999,0.0105003,171124.19463874,31,0.01067131,0.011544176,43.118394259672264,-0.03646641034346687,0.011077865,0.01208944716936038,0.010066282830639619,-1,6,2,4,2023,0.0
2023-04-03,0.0110088,0.0110936,0.0099378,0.0110936,243784.31765735,61,0.01068068,0.011559353999999999,43.24057589596718,0.056503147529118225,0.01105017,0.012025776812733523,0.010074563187266477,1,0,3,4,2023,0.0
2023-04-04,0.0109518,0.01135,0.0104315,0.01135,227269.51800257,40,0.010775429999999999,0.011576356000000001,49.527767283717424,0.023112425182086893,0.011058120000000001,0.012041122060499775,0.010075117939500227,1,1,4,4,2023,0.0
2023-04-05,0.0107652,0.0111984,0.0105002,0.01113,139364.26741187,31,0.01079073,0.011575355999999998,51.341825377195136,-0.01938325991189438,0.01103064,0.011970261237016312,0.010091018762983687,-1,2,5,4,2023,0.0
2023-04-06,0.0106222,0.01125,0.0105019,0.011218,412295.5144527199,40,0.01085753,0.011591348000000001,49.11626503427169,0.00790655884995517,0.011000205,0.011867940684895776,0.010132469315104226,1,3,6,4,2023,0.0
2023-04-07,0.0107401,0.010993,0.0101001,0.0106999,96955.06747847,34,0.01091404,0.011564946,46.9119281920369,-0.046184703155642715,0.010945205,0.011735508844233319,0.01015490115576668,-1,4,7,4,2023,0.0
2023-04-08,0.0105625,0.0108793,0.0102,0.0108678,26356.92421555,14,0.01094586,0.011524172,55.254183698818856,0.01569173543677982,0.010928095,0.011709022369019457,0.010147167630980544,1,5,8,4,2023,0.0
2023-04-09,0.0099001,0.0108,0.0099001,0.0108,61109.94581889,11,0.01094586,0.011478980000000001,47.74303784555748,-0.006238613150775674,0.010878485,0.01154612557861245,0.01021084442138755,-1,6,9,4,2023,0.0
2023-04-10,0.0108,0.01109,0.0098306,0.0105568,290047.3262844401,41,0.01091141,0.011442116,50.090972333707924,-0.022518518518518604,0.010836450000000001,0.011471571135565139,0.010201328864434863,-1,0,10,4,2023,0.0
2023-04-11,0.0102999,0.011,0.0102001,0.0105243,133611.54881818,27,0.01087407,0.011362602,55.80528810325813,-0.0030785844195210244,0.010812674999999999,0.011457573842740367,0.01016777615725963,-1,1,11,4,2023,0.0
2023-04-12,0.0109887,0.011,0.0103,0.0103063,40772.31818181,16,0.01085467,0.011324706,46.14775642040597,-0.020713966724627886,0.01076299,0.011402900677647959,0.010123079322352041,-1,2,12,4,2023,0.0
2023-04-13,0.0103514,0.0111699,0.0103514,0.0105227,124528.0824333,41,0.01079758,0.011261162,45.56163769646914,0.020996865994585834,0.010739130000000001,0.011377431018246242,0.01010082898175376,1,3,13,4,2023,0.0
2023-04-14,0.0111698,0.012,0.0104008,0.012,466615.00194884,84,0.01086258,0.01125035,62.20804906775706,0.14039172455738558,0.010819005,0.011650510545064571,0.009987499454935428,1,4,14,4,2023,0.0
2023-04-15,0.012,0.012,0.01075,0.0108004,54766.22346906,19,0.010829620000000002,0.01122236,49.14587685879317,-0.09996666666666665,0.010810175000000002,0.011638360249744396,0.009981989750255608,-1,5,15,4,2023,0.0
2023-04-16,0.01169,0.0117993,0.0104981,0.0109405,178907.81929826,52,0.01080187,0.011198370000000003,54.04699738903393,0.012971741787341173,0.010829700000000001,0.011650437845189172,0.01000896215481083,1,6,16,4,2023,0.0
2023-04-17,0.0115499,0.0115499,0.0106393,0.0106393,117756.32511269,32,0.01079581,0.011153362,45.58632080054407,-0.0275307344271285,0.010854925,0.01161446648738043,0.01009538351261957,-1,0,17,4,2023,0.0
2023-04-18,0.0109923,0.0110256,0.0106,0.0110256,57417.52535786,18,0.01081159,0.011103876000000002,46.92593434917747,0.03630877971295088,0.010878725,0.011627740963219302,0.010129709036780699,1,1,18,4,2023,0.0
2023-04-19,0.0106003,0.0110097,0.0095987,0.0097005,175388.37718254,40,0.01070164,0.011059883999999999,38.79965525346707,-0.12018393556813223,0.010823750000000002,0.011739856159097454,0.00990764384090255,-1,2,19,4,2023,0.0
2023-04-20,0.010511,0.010511,0.0096035,0.01,33533.18385,21,0.010645960000000001,0.011005912000000001,40.76293038070681,0.030874697180557575,0.010778685,0.011764732167175173,0.009792637832824826,1,3,20,4,2023,0.0
2023-04-21,0.0096155,0.0098795,0.0085,0.0097999,460767.634476,62,0.01057352,0.010961110000000001,42.82868525896415,-0.020009999999999972,0.010723795,0.011800042876897215,0.009647547123102784,-1,4,21,4,2023,0.0
2023-04-22,0.0097999,0.00998,0.009,0.0096997,242815.81612047,38,0.01051286,0.010930766000000001,40.59091714594108,-0.01022459412851151,0.010683765000000001,0.011850744242633002,0.009516785757367,-1,5,22,4,2023,0.0
2023-04-23,0.0096997,0.0097,0.00881,0.00949,169821.32160515,37,0.01040959,0.010891109999999999,39.68373968373968,-0.02161922533686611,0.010603585,0.011868269368819469,0.009338900631180532,-1,6,23,4,2023,0.0
2023-04-24,0.00949,0.0097,0.00882,0.0096999,49810.31853855,28,0.010179579999999999,0.010855108,43.21632704760999,0.022118018967334008,0.01052108,0.011795991419172445,0.009246168580827555,1,0,24,4,2023,0.0
2023-04-25,0.00966,0.00966,0.0088224,0.0088438,123846.7911918,29,0.009983920000000002,0.010802184000000001,38.230968555220954,-0.08825864184166832,0.01040677,0.01185058037988099,0.008962959620119008,-1,1,25,4,2023,0.0
2023-04-26,0.0094999,0.0098,0.00885,0.0094599,49597.47019094,31,0.00983586,0.010763382000000002,44.38548078964127,0.0696646238042471,0.010318865,0.011768780995061887,0.008868949004938113,1,2,26,4,2023,0.0
2023-04-27,0.0094598,0.0099538,0.0088546,0.0099538,30770.60904463,20,0.00976731,0.010736457999999999,46.36025130836459,0.05220985422678881,0.01028156,0.011728587398569214,0.008834532601430786,1,3,27,4,2023,0.0
2023-04-28,0.0099519,0.00996,0.0092,0.0098999,170429.46388817,37,0.00965474,0.010730456,33.57166325077834,-0.005415017380297038,0.010233164999999999,0.011662269606351193,0.008804060393648805,-1,4,28,4,2023,0.0
2023-04-29,0.0098999,0.00998,0.0092,0.0099644,33714.85621794,16,0.00968113,0.01070519,42.04809192253547,0.00651521732542748,0.010191385,0.011599417313138294,0.008783352686861708,1,5,29,4,2023,0.0
2023-04-30,0.0093001,0.00998,0.0090015,0.0093681,258557.42956162,36,0.009617940000000002,0.010682171999999998,36.23792185968352,-0.0598430412267672,0.010131949999999999,0.011574955336824757,0.008688944663175241,-1,6,30,4,2023,0.0
2023-05-01,0.0093515,0.0098999,0.0093,0.0093,173095.01801735,15,0.00956795,0.010650194000000002,37.77944048031825,-0.007269350241778105,0.010070735,0.011547146914102814,0.008594323085897188,-1,0,1,5,2023,0.0
2023-05-02,0.0093,0.0096987,0.0082001,0.0086545,506077.48997786,82,0.00946343,0.010597337999999998,29.341859938315693,-0.06940860215053746,0.009988145,0.011588659470543933,0.008387630529456068,-1,1,2,5,2023,0.0
2023-05-03,0.0086544,0.0089884,0.0082254,0.0089883,227837.57473625,53,0.009413260000000001,0.010544154000000002,42.49936810177772,0.03856953030215471,0.009911425,0.011550683048951448,0.008272166951048552,1,2,3,5,2023,0.0
2023-05-04,0.0089883,0.0089885,0.0085005,0.0089872,152395.11124446,34,0.00934199,0.010500078,38.61817854895261,-0.00012238131793540497,0.009760785000000001,0.011122072405014869,0.008399497594985133,-1,3,4,5,2023,0.0
2023-05-05,0.0089884,0.0096765,0.0087013,0.0088073,143813.41690443,22,0.009338339999999999,0.010442632,38.79431022804244,-0.020017358020295584,0.00966113,0.010993476806598085,0.008328783193401915,-1,4,5,5,2023,0.0
2023-05-06,0.0094823,0.0095,0.0087451,0.0094758,220731.57393605,28,0.00933993,0.010395614,47.759790286754836,0.07590294414860388,0.009587895,0.0107775208031302,0.008398269196869802,1,5,6,5,2023,0.0
2023-05-07,0.0087291,0.0093862,0.0087035,0.0092254,53787.20846934,17,0.00926709,0.010344124000000001,47.37395791980945,-0.026425209480993694,0.0095172,0.010607660053564798,0.008426739946435202,-1,6,7,5,2023,0.0
2023-05-08,0.0087036,0.0092,0.008307,0.0086999,124562.08174475,21,0.00914709,0.010293922,40.66049013747758,-0.056962299737680744,0.009400915,0.010291864176351601,0.008509965823648397,-1,0,8,5,2023,0.0
2023-05-09,0.0082075,0.0086993,0.0082075,0.0086787,53816.51763156,13,0.009018519999999999,0.010231652,48.173147144090095,-0.0024368096185014565,0.009349824999999999,0.010284551995043285,0.008415098004956713,-1,1,9,5,2023,0.0
2023-05-10,0.0087957,0.0088,0.00756,0.0076101,464228.00946961,63,0.00884272,0.010155904,31.39483424525264,-0.12312904006360392,0.00923033,0.010397285425297416,0.008063374574702584,-1,2,10,5,2023,0.0
2023-05-11,0.0076101,0.0085,0.00756,0.00845,195024.08013826,33,0.00875772,0.010104908,35.85909877379069,0.11036648664275095,0.009162835,0.010347106662068482,0.007978563337931517,1,3,11,5,2023,0.0
2023-05-12,0.00845,0.00845,0.0064437,0.00789,582598.7072448499,76,0.00868127,0.010036708,32.74260299143096,-0.06627218934911239,0.00907235,0.0103562590154678,0.0077884409845321995,-1,4,12,5,2023,0.0
2023-05-13,0.0076998,0.0082536,0.0072004,0.0072004,121746.61421951,15,0.00850248,0.009960718,28.56832702685935,-0.08740177439797203,0.00895787,0.0104725461392246,0.0074431938607754,-1,5,13,5,2023,0.0
2023-05-14,0.0081913,0.0082799,0.0072365,0.0075249,447562.47291045,29,0.00835625,0.009903166,35.07916976977623,0.045066940725515314,0.008849119999999999,0.01044937796157321,0.007248862038426788,1,6,14,5,2023,0.0
2023-05-15,0.0082896,0.0082899,0.0075101,0.0080999,297774.02122213,26,0.00828551,0.009845624,41.021919652876484,0.07641297558771543,0.008811925000000002,0.01044690797287111,0.007176942027128893,1,0,15,5,2023,0.0
2023-05-16,0.0080999,0.0080999,0.0073,0.0074,150042.76473527,28,0.00807793,0.009782624,40.69071966042831,-0.08640847417869357,0.00870893,0.010429337264023484,0.006988522735976517,-1,1,16,5,2023,0.0
2023-05-17,0.0077563,0.00776,0.0072001,0.00776,214323.44945041,26,0.00793139,0.009735128000000001,40.920447657485845,0.048648648648648596,0.00859924,0.010264310530385245,0.006934169469614755,1,2,17,5,2023,0.0
2023-05-18,0.0074201,0.00818,0.0074201,0.0075163,385920.4547028899,43,0.00781303,0.009674462,39.503617965661434,-0.03140463917525782,0.008480060000000001,0.010093565470967365,0.0068665545290326375,-1,3,18,5,2023,0.0
2023-05-19,0.0075105,0.008,0.0075013,0.008,104858.4605,23,0.007745160000000001,0.009618462,44.47848984337596,0.06435347178798079,0.00838184,0.009847258822690035,0.006916421177309965,1,4,19,5,2023,0.0
2023-05-20,0.0079999,0.0079999,0.0075001,0.0079499,65194.03233508,30,0.0077791399999999995,0.009559434,38.599243884580325,-0.00626250000000006,0.00831093,0.0097112079695473,0.006910652030452698,-1,5,20,5,2023,0.0
2023-05-21,0.0075003,0.00794,0.0075001,0.0078999,50547.30273887,14,0.00772413,0.009499477999999999,39.79080980328727,-0.006289387287890413,0.008240925,0.009571249025230235,0.006910600974769763,-1,6,21,5,2023,0.0
2023-05-22,0.0075001,0.0078999,0.0074,0.0074402,115886.76525191,19,0.00767915,0.009438276,40.198260165891156,-0.05819061000772152,0.00818021,0.009541537492830567,0.006818882507169433,-1,0,22,5,2023,0.0
2023-05-23,0.0074238,0.0078998,0.0074238,0.0078,82505.5113461,29,0.007739109999999999,0.009372403999999999,43.50506319757557,0.04835891508292778,0.008120795,0.009436586291200666,0.006805003708799334,1,1,23,5,2023,0.0
2023-05-24,0.00743,0.0078971,0.0074,0.0074,213161.59672292,28,0.007726619999999999,0.009293404,48.2767105759609,-0.05128205128205121,0.008041435,0.009328343539301,0.006754526460698999,-1,2,24,5,2023,0.0
2023-05-25,0.0074,0.0076839,0.0072005,0.0072015,151799.08557763,22,0.00763678,0.009214834,38.555321294344125,-0.026824324324324467,0.007961145,0.009247236301457143,0.006675053698542855,-1,3,25,5,2023,0.0
2023-05-26,0.0076976,0.0076999,0.0072111,0.0072346,18369.91592385,11,0.007620239999999999,0.009135166,43.34970370971671,0.004596264667083183,0.007849085,0.008957824014945664,0.006740345985054337,1,4,26,5,2023,0.0
2023-05-27,0.0072297,0.0075,0.0072297,0.0075,19947.89333333,8,0.0075942399999999995,0.009071168,53.32637562730381,0.03668482016973984,0.007762814999999999,0.008671017686107103,0.006854612313892896,1,5,27,5,2023,0.0
2023-05-28,0.0072394,0.008,0.0072394,0.008,245816.88397609,24,0.007642609999999999,0.009013812,55.07704802410823,0.06666666666666665,0.007727819999999999,0.008531965573623627,0.006923674426376371,1,6,28,5,2023,0.0
2023-05-29,0.008,0.008,0.0073171,0.00794,50197.1048555,21,0.007636609999999999,0.008956612000000001,48.07992507024664,-0.007500000000000173,0.007690885,0.008369141539805553,0.007012628460194447,-1,0,29,5,2023,0.0
2023-05-30,0.0073356,0.0081962,0.0073356,0.008196,147932.23767567,20,0.007661219999999999,0.008909396,60.698924731182785,0.03224181360201528,0.00772018,0.008433453062349345,0.007006906937650656,1,1,30,5,2023,0.0
2023-05-31,0.0081961,0.0081961,0.00741,0.00788,78977.238,12,0.00765923,0.00885651,51.6322089227421,-0.03855539287457299,0.007691680000000001,0.00832301324122306,0.007060346758776943,-1,2,31,5,2023,0.0
2023-06-01,0.00788,0.00788,0.0078699,0.0078699,24561.53716047,11,0.007702200000000001,0.008807782,55.135951661631424,-0.0012817258883247584,0.007690674999999999,0.008320741702817668,0.007060608297182331,-1,3,1,6,2023,0.0
2023-06-02,0.00787,0.00787,0.0074378,0.00786,24596.21244852,8,0.0077082,0.008754528000000001,47.64198612140404,-0.0012579575344032756,0.007723655,0.008313431408926165,0.0071338785910738355,-1,4,2,6,2023,0.0
2023-06-03,0.00786,0.007869,0.0074207,0.0074242,37948.57722708,8,0.00771062,0.008663012,42.16378976239454,-0.05544529262086528,0.00771862,0.008317194575575879,0.007120045424424121,-1,5,3,6,2023,0.0
2023-06-04,0.0074207,0.0077999,0.0072232,0.00779,111445.42061308,12,0.0077694700000000005,0.008602804,48.502765592218196,0.0492713019584603,0.007703125,0.00827561788618844,0.0071306321138115605,1,6,4,6,2023,0.0
2023-06-05,0.0074032,0.0078099,0.007,0.007,832766.0630681498,48,0.00774601,0.008523994,44.4980501949805,-0.10141206675224645,0.007683125000000001,0.00832406238876377,0.007042187611236232,-1,0,5,6,2023,0.0
2023-06-06,0.006937,0.0073499,0.0068502,0.0073468,54617.27844403,13,0.00773069,0.008458143999999999,44.31709886141346,0.04954285714285711,0.007662465,0.008319407122820855,0.007005522877179145,1,1,6,6,2023,0.0
2023-06-07,0.0070101,0.00735,0.0069129,0.0069129,14484.50053982,8,0.00762198,0.00837589,43.94350085793151,-0.05905972668372628,0.007632295,0.008368179777808358,0.006896410222191641,-1,2,7,6,2023,0.0
2023-06-08,0.0069073,0.00729,0.0069073,0.00727,35244.75370933,9,0.00755498,0.00832728,50.81939759324386,0.05165704697015738,0.007595795,0.008327290386825439,0.00686429961317456,1,3,8,6,2023,0.0
2023-06-09,0.00727,0.00727,0.0069023,0.0069023,3993.42599724,4,0.007425609999999999,0.008265326,46.31963672610478,-0.050577716643741444,0.0075434149999999995,0.008316968360252173,0.006769861639747826,-1,4,9,6,2023,0.0
2023-06-10,0.0069023,0.0069023,0.0052356,0.0062999,1428586.0247417905,47,0.007267599999999999,0.008195326,37.63166031124395,-0.08727525607406228,0.007463414999999999,0.008396274306309346,0.006530555693690652,-1,5,10,6,2023,0.0
2023-06-11,0.0062999,0.0064,0.00541,0.0063,245674.68979288,20,0.007110609999999999,0.008127332000000001,30.466954683334876,1.5873267829702442e-05,0.007406405,0.008474760206995934,0.0063380497930040644,0,6,11,6,2023,0.0
2023-06-12,0.0064,0.0064,0.0064,0.0064,3763.42388523,2,0.00696461,0.008065532,32.46652700610258,0.015873015873015817,0.007336405,0.008477180592997364,0.006195629407002636,1,0,12,6,2023,0.0
2023-06-13,0.0064,0.0068,0.0064,0.0066,74464.63715219,9,0.006882190000000001,0.008003534,31.594243011347928,0.03125,0.007296405000000001,0.008482974627073894,0.006109835372926108,1,1,13,6,2023,0.0
2023-06-14,0.0058759,0.0067695,0.0058759,0.0067695,9501.02189673,3,0.00678014,0.007962048000000001,36.74536296579218,0.02568181818181814,0.007274805,0.008484158132833531,0.006065451867166468,1,2,14,6,2023,0.0
2023-06-15,0.0057001,0.0065999,0.0057001,0.0065999,10106.81134108,2,0.0067401299999999996,0.007904847999999999,35.39759922733752,-0.02505354900657375,0.00724307,0.00848960451084853,0.00599653548915147,-1,3,15,6,2023,0.0
2023-06-16,0.0065,0.0065,0.0057,0.0064,51440.61535729,16,0.00664545,0.007833772,33.915744943374605,-0.030288337702086277,0.00718807,0.008483002094297476,0.005893137905702525,-1,4,16,6,2023,0.0
2023-06-17,0.0064,0.0088,0.0057445,0.0060999,336089.09839355,35,0.00656415,0.0077577720000000005,34.96104839991824,-0.046890625000000075,0.007093065,0.008415693800652447,0.005770436199347553,-1,5,17,6,2023,0.0
2023-06-18,0.0060999,0.0064,0.00581,0.00581,92947.2,13,0.00641815,0.007674684,27.120406748324484,-0.047525369268348716,0.006986565,0.008363939304934676,0.005609190695065325,-1,6,18,6,2023,0.0
2023-06-19,0.00637,0.00637,0.0057143,0.00637,22846.71522762,5,0.0063649200000000005,0.007614721999999999,42.311447400536984,0.09638554216867457,0.006895265,0.00817360400993255,0.00561692599006745,1,0,19,6,2023,0.0
2023-06-20,0.00636,0.00636,0.005758,0.0057661,9250.7,7,0.00631154,0.007544044,31.84814312946419,-0.09480376766091059,0.00678957,0.008074633781501082,0.005504506218498918,-1,1,20,6,2023,0.0
2023-06-21,0.0063599,0.0064,0.00561,0.00638,357187.6534324901,34,0.00631954,0.007498553999999999,44.1234203039192,0.10646710948474714,0.006715075000000001,0.007905717635633807,0.005524432364366194,1,2,21,6,2023,0.0
2023-06-22,0.006,0.0067,0.006,0.00669,190306.98653268,19,0.00634854,0.007452588,43.53688433251615,0.048589341692789834,0.0066565750000000005,0.007718358252487392,0.005594791747512609,1,3,22,6,2023,0.0
2023-06-23,0.00612,0.0074999,0.00612,0.0064,199084.92987007,25,0.0063285400000000006,0.007400844000000001,44.3040845485678,-0.04334828101644239,0.006605365,0.0076084345799445185,0.005602295420055482,-1,4,23,6,2023,0.0
2023-06-24,0.0064,0.0074814,0.0064,0.00715,23154.51056835,9,0.00636659,0.007367698000000001,59.32761307028902,0.1171875,0.006573364999999999,0.007450200574275664,0.005696529425724335,1,5,24,6,2023,0.0
2023-06-25,0.0065,0.0072,0.0065,0.00651,74482.1443986,16,0.0063576,0.0073083819999999996,52.02047413793104,-0.08951048951048945,0.006548864999999999,0.007402585731547049,0.005695144268452949,-1,6,25,6,2023,0.0
2023-06-26,0.0065101,0.00719,0.0065001,0.00651,136370.377345,18,0.0063686,0.007254073999999999,51.07910846021033,0.0,0.006507025,0.007273669661735779,0.00574038033826422,0,0,26,6,2023,0.0
2023-06-27,0.00713,0.00713,0.00641,0.00641,100880.16119439,13,0.00639961,0.0072082760000000004,48.098783221261606,-0.015360983102918668,0.00648188,0.0072251045664737355,0.005738655433526264,-1,1,27,6,2023,0.0
2023-06-28,0.0071184,0.0071184,0.0062001,0.0062001,47296.95956987,12,0.006438620000000001,0.007158704,44.348050504248384,-0.03274570982839309,0.006428385,0.007081289542954078,0.005775480457045922,-1,2,28,6,2023,0.0
2023-06-29,0.0062001,0.0077035,0.0062001,0.0071,293146.70177053,28,0.00651162,0.007148502,54.335500650195065,0.14514282027709235,0.00643827,0.007126420479565235,0.005750119520434765,1,3,29,6,2023,0.0
2023-06-30,0.0064769,0.0070985,0.0063027,0.0064002,194957.41760569,24,0.006575030000000001,0.007107506,50.001595557966624,-0.0985633802816902,0.006443285,0.0071286458662207924,0.0057579241337792075,-1,4,30,6,2023,0.0
2023-07-01,0.0068899,0.0072,0.0065151,0.0066007,207155.35014004,23,0.0065971,0.007081719999999999,54.05979441616136,0.031327146026686625,0.006458320000000001,0.007143639068524843,0.005773000931475159,1,5,1,7,2023,0.0
2023-07-02,0.0066,0.00718,0.0066,0.00718,102950.62415641,22,0.006646099999999999,0.007081311999999999,60.60831320076812,0.0877634190313148,0.006497320000000001,0.007253751563258888,0.005740888436741114,1,6,2,7,2023,0.0
2023-07-03,0.0067,0.0072,0.0067,0.0067039,116461.593,19,0.00667649,0.007064892,52.61952206863007,-0.06630919220055709,0.006502515,0.007263330175771196,0.005741699824228804,-1,0,3,7,2023,0.0
2023-07-04,0.0071999,0.0075,0.0064004,0.0069469,388760.83119528,34,0.00665618,0.0070418320000000005,59.819705941055155,0.036247557391965834,0.006511385,0.007289251478259312,0.005733518521740687,1,1,4,7,2023,0.0
2023-07-05,0.0069469,0.00695,0.006273,0.0068971,333661.98599706,42,0.006694889999999999,0.007031774000000001,54.74551695024135,-0.007168665159999477,0.006526245,0.007322372071250873,0.005730117928749127,-1,2,5,7,2023,0.0
2023-07-06,0.0062701,0.0068727,0.0062701,0.006275,30970.55799894,11,0.006671390000000001,0.007002074,46.39781959586141,-0.09019732931231961,0.006519995000000001,0.007322234233185902,0.005717755766814099,-1,3,6,7,2023,0.0
2023-07-07,0.006275,0.0068,0.006275,0.0062759,65749.19883968,10,0.006657980000000001,0.006977265999999999,48.86590024308666,0.00014342629482078095,0.0065287949999999996,0.007315339173417099,0.0057422508265829,0,4,7,7,2023,0.0
2023-07-08,0.0069,0.00699,0.0063003,0.0069,74600.45526646,10,0.00672797,0.006955266,47.6615407640214,0.09944390445991802,0.006583295,0.007308817338079384,0.005857772661920616,1,5,8,7,2023,0.0
2023-07-09,0.0068999,0.00709,0.0063893,0.0063893,267321.48601831,21,0.0066569,0.006924054,48.843005310481004,-0.07401449275362326,0.00658426,0.007308638256524766,0.005859881743475234,-1,6,9,7,2023,0.0
2023-07-10,0.0068999,0.0068999,0.0062004,0.00664,200319.53079573,22,0.00668088,0.006898856000000001,51.18899539035634,0.03923747515377274,0.006627955,0.007241482236044141,0.006014427763955858,1,0,10,7,2023,0.0
2023-07-11,0.0066999,0.0070499,0.0062902,0.0064027,102342.56103591,23,0.00666108,0.006878106,49.93486911368462,-0.03573795180722894,0.00662909,0.007240767038622908,0.006017412961377091,-1,1,11,7,2023,0.0
2023-07-12,0.0067998,0.00705,0.0063012,0.0064184,627362.73540384,21,0.006584919999999999,0.006850474,52.01759736778868,0.0024520905243101687,0.00661551,0.007233520171607288,0.005997499828392712,0,2,12,7,2023,0.0
2023-07-13,0.007,0.0073,0.0063904,0.0073,194894.89435811,26,0.00664453,0.006848474000000001,51.85473699829363,0.1373551040757821,0.00666051,0.007340414129154727,0.005980605870845273,1,3,13,7,2023,0.0
2023-07-14,0.0071999,0.00755,0.0067331,0.00755,369685.75044322,27,0.006704840000000001,0.0068554440000000005,61.63341292646404,0.03424657534246589,0.006680510000000001,0.007439924278173831,0.00592109572182617,1,4,14,7,2023,0.0
2023-07-15,0.0068548,0.0073,0.00661,0.00661,65998.42887671,14,0.00667613,0.006842952,50.08184746448877,-0.12450331125827807,0.00668551,0.00744150647980214,0.0059295135201978605,-1,5,15,7,2023,0.0
2023-07-16,0.0069999,0.00709,0.0066101,0.0066101,36039.38931891,9,0.00670964,0.006825154,44.41504478548048,1.5128593040758531e-05,0.006690515000000001,0.007442936022328357,0.005938093977671645,0,6,16,7,2023,0.0
2023-07-17,0.00707,0.00707,0.0066101,0.0066101,11222.1562942,6,0.00674306,0.006797356,48.98616515348033,0.0,0.00670052,0.007442484466732928,0.005958555533267071,0,0,17,7,2023,0.0
2023-07-18,0.0070199,0.0070199,0.0064012,0.006405,115423.69606632,21,0.0066935599999999994,0.006766655999999999,44.09450535079881,-0.031028274912633602,0.0067107650000000005,0.0074289119173098555,0.005992618082690145,-1,1,18,7,2023,0.0
2023-07-19,0.0068355,0.00685,0.006284,0.0068,171460.09632694,19,0.00673463,0.006738736,49.01587172886303,0.061670569867291025,0.006695765000000001,0.007391874523369606,0.005999655476630396,1,2,19,7,2023,0.0
2023-07-20,0.0068,0.0068999,0.0063,0.0063011,67624.5,9,0.006700739999999999,0.006707158000000001,50.27130413089124,-0.07336764705882359,0.00669081,0.00739711409106289,0.005984505908937111,-1,3,20,7,2023,0.0
2023-07-21,0.0063011,0.0069,0.0063011,0.0069,14948.73451801,6,0.00675047,0.006687759999999999,55.77004863075756,0.0950468965736142,0.006705775,0.007416708055919854,0.0059948419440801455,1,4,21,7,2023,0.0
2023-07-22,0.0064057,0.0069,0.0064,0.0064012,21523.23237681,9,0.00674875,0.0066585839999999995,45.27901870220338,-0.07228985507246377,0.006666835,0.007353293908265007,0.005980376091734994,-1,5,22,7,2023,0.0
2023-07-23,0.0069,0.00755,0.00688,0.00755,265167.90722705,38,0.00677375,0.0066611,59.80171933320948,0.17946635005936384,0.00670914,0.007501356749713018,0.005916923250286981,1,6,23,7,2023,0.0
2023-07-24,0.0068,0.00753,0.00641,0.0068799,438708.82919028,42,0.00670674,0.006642898,51.89186631547403,-0.08875496688741724,0.0067057900000000005,0.007494331592935349,0.005917248407064652,-1,0,24,7,2023,0.0
2023-07-25,0.00635,0.0068,0.00635,0.0067,119261.37622903,21,0.0067157399999999996,0.006636898,52.365945662035045,-0.026148635881335536,0.006695935,0.007479319203043749,0.005912550796956251,-1,1,25,7,2023,0.0
2023-07-26,0.0064,0.006624,0.0064,0.0064,19327.222,8,0.00669473,0.006617962000000001,49.85990985503715,-0.04477611940298509,0.006702184999999999,0.007473327876446563,0.005931042123553436,-1,2,26,7,2023,0.0
2023-07-27,0.0064,0.0066,0.00634,0.00634,72569.63330073,18,0.00666772,0.006606504,41.645781119465326,-0.009375000000000022,0.00670539,0.007469574460784703,0.005941205539215298,-1,3,27,7,2023,0.0
2023-07-28,0.0066,0.0066,0.0063,0.0066,65854.03569695,15,0.006687220000000001,0.006593104,41.74716797553686,0.04100946372239744,0.00669039,0.007450255497516062,0.0059305245024839385,1,4,28,7,2023,0.0
2023-07-29,0.0066,0.0066,0.0063201,0.0063202,81876.46969696,14,0.00663924,0.006581461999999999,47.15625858617576,-0.04239393939393943,0.006686935000000001,0.007453166473271049,0.005920703526728952,-1,5,29,7,2023,0.0
2023-07-30,0.0063201,0.0066,0.00631,0.00631,186440.09642231,18,0.006640129999999999,0.006581664,47.06101263343453,-0.0016138729787031902,0.006670435,0.007454917100094045,0.005885952899905954,-1,6,30,7,2023,0.0
2023-07-31,0.00658,0.00658,0.0063,0.0063,48443.17841945,6,0.006580130000000001,0.006581663999999999,46.96901573648715,-0.0015847860538826808,0.006665299999999999,0.007458457644116599,0.005872142355883399,-1,0,31,7,2023,0.0
2023-08-01,0.0064985,0.0064997,0.0059,0.0064997,69160.31202427,12,0.0065899800000000005,0.006583658,50.926596348408054,0.03169841269841256,0.006669365000000001,0.007458015245405713,0.0058807147545942885,1,1,1,8,2023,0.0
2023-08-02,0.0061342,0.0065488,0.0059101,0.006021,23536.19838749,8,0.00643708,0.006572078,42.50067388039586,-0.07364955305629484,0.006605415000000001,0.007386135094797487,0.0058246949052025146,-1,2,2,8,2023,0.0
2023-08-03,0.0060299,0.00647,0.0058004,0.0058004,99197.3992751,15,0.00632913,0.006552696,44.90692706743974,-0.03663843215412732,0.006517935,0.007243119794670017,0.005792750205329982,-1,3,3,8,2023,0.0
2023-08-04,0.0064396,0.0064399,0.0057121,0.0058,98634.13023255,15,0.00623913,0.006536698,37.25967106787121,-6.896076132689721e-05,0.006477434999999999,0.007268455844159165,0.005686414155840833,-1,4,4,8,2023,0.0
2023-08-05,0.0058,0.0063,0.0058,0.0063,31128.394,11,0.00622913,0.006534698,48.82821546014543,0.0862068965517242,0.00646193,0.007254157567252827,0.005669702432747174,1,5,5,8,2023,0.0
2023-08-06,0.0063,0.0064699,0.0058538,0.0062839,96341.27875913,13,0.00622352,0.006538377999999999,30.1271385967666,-0.002555555555555533,0.006445619999999999,0.007238434635798548,0.005652805364201451,-1,6,6,8,2023,0.0
2023-08-07,0.0062644,0.00629,0.00582,0.0058501,24897.29306421,10,0.00614853,0.00653918,32.54102807541027,-0.06903356195992949,0.006417875000000001,0.007254312918229546,0.005581437081770456,-1,0,7,8,2023,0.0
2023-08-08,0.0062797,0.0066,0.00585,0.0064999,269863.78681623,28,0.0061665,0.006541778000000001,47.073791348600516,0.1110750243585581,0.00640287,0.007221011725207716,0.005584728274792283,1,1,8,8,2023,0.0
2023-08-09,0.0064934,0.0064934,0.0055489,0.0062499,153902.50675741,29,0.006160489999999999,0.006551454,47.772402125196635,-0.03846213018661826,0.006400309999999999,0.007220111267060027,0.005580508732939971,-1,2,9,8,2023,0.0
2023-08-10,0.0058217,0.00625,0.0058131,0.00585,95573.38021816,22,0.0061154899999999995,0.0065408540000000005,43.39444594230251,-0.06398502376038018,0.006347810000000001,0.007167357764639658,0.005528262235360343,-1,3,10,8,2023,0.0
2023-08-11,0.00585,0.00585,0.0058001,0.0058001,21144.1,4,0.00604553,0.006523055999999999,38.56926462602533,-0.008529914529914584,0.0063177549999999996,0.007172395305933355,0.005463114694066644,-1,4,11,8,2023,0.0
2023-08-12,0.0058,0.0061966,0.0058,0.0061498,16083.874,9,0.006058409999999999,0.006518052,47.61264290517822,0.06029206392993225,0.006247745,0.006877063911622604,0.005618426088377396,1,5,12,8,2023,0.0
2023-08-13,0.0061498,0.0062402,0.0058,0.0062402,30869.829,9,0.00610239,0.006499855999999999,49.04357358180324,0.014699665029756837,0.00621576,0.006770391611830455,0.005661128388169545,1,6,13,8,2023,0.0
2023-08-14,0.0058501,0.0062898,0.0058,0.0058201,32182.24817916,14,0.0061044,0.006486058,44.0885910669853,-0.06732156020640356,0.006171765,0.0067037967215508735,0.005639733278449127,-1,0,14,8,2023,0.0
2023-08-15,0.0062822,0.0062822,0.0054131,0.0056996,695848.5184950202,35,0.00604436,0.00646985,39.94823990552527,-0.020704111613202514,0.006136745000000001,0.006696978952915694,0.005576511047084307,-1,1,15,8,2023,0.0
2023-08-16,0.0056989,0.0059943,0.005401,0.0056,294930.83593092,22,0.00597597,0.00645365,44.15407687180627,-0.01747491052003647,0.006099745,0.006699788417639237,0.005499701582360763,-1,2,16,8,2023,0.0
2023-08-17,0.0053008,0.0057,0.0053008,0.0053021,516640.1880249701,30,0.00592117,0.006435689999999999,43.22612218264865,-0.05319642857142859,0.00603485,0.0066856798750943545,0.005384020124905645,-1,3,17,8,2023,0.0
2023-08-18,0.0053023,0.0057999,0.0051055,0.0057997,155869.5459922,28,0.005851149999999999,0.006409684,49.9964074437765,0.09384960675958576,0.006008825,0.006653205998363682,0.005364444001636317,1,4,18,8,2023,0.0
2023-08-19,0.0057991,0.0057991,0.0053526,0.0053526,166029.86481588,13,0.005761420000000001,0.006388731999999999,38.50912090044634,-0.07709019432039588,0.0059609549999999996,0.00665170924367675,0.005270200756323249,-1,5,19,8,2023,0.0
2023-08-20,0.0053526,0.0056237,0.0052101,0.0052101,149358.0761705,11,0.00569743,0.00636092,37.363490868009784,-0.026622575944400872,0.0059064600000000005,0.006654208816254545,0.005158711183745456,-1,6,20,8,2023,0.0
2023-08-21,0.0056102,0.0056999,0.0053101,0.0053102,358380.19995528,26,0.005648439999999999,0.0063235240000000005,43.10490153508213,0.01921268305790691,0.005846985000000001,0.0065852199027807866,0.005108750097219215,1,0,21,8,2023,0.0
2023-08-22,0.0053102,0.0053102,0.0049993,0.0050022,42482.04770095,15,0.00553368,0.00628949,29.043181372960575,-0.05800158186132354,0.0057960450000000005,0.006619412791387472,0.004972677208612529,-1,1,22,8,2023,0.0
2023-08-23,0.0053097,0.0053102,0.0050101,0.0053102,280284.8989983,20,0.00544068,0.006256756,37.061107592322315,0.06157290792051495,0.005771535,0.006623060017773573,0.004920009982226428,1,2,23,8,2023,0.0
2023-08-24,0.0053102,0.0057803,0.0053102,0.0053994,364931.82443555,17,0.00539861,0.006226802,43.215081611756915,0.016797860720876745,0.005751505,0.006618908960950853,0.004884101039049146,1,3,24,8,2023,0.0
2023-08-25,0.0046272,0.0057192,0.0044001,0.0050107,322750.04917226,31,0.0053297200000000005,0.006201516000000001,39.21407881073401,-0.07198948031262742,0.005687039999999999,0.006574221380374811,0.004799858619625187,-1,4,25,8,2023,0.0
2023-08-26,0.0050119,0.0050121,0.0050119,0.0050121,2102.4,2,0.00527093,0.00617624,32.819908791640245,0.00027940207954979535,0.00562345,0.006512815201170014,0.004734084798829987,0,5,26,8,2023,0.0
2023-08-27,0.0053933,0.0053933,0.0051002,0.0051002,7929.37974113,10,0.00525074,0.006140244,32.773210831721485,0.01757746254065151,0.005585955,0.006498027542070831,0.004673882457929169,1,6,27,8,2023,0.0
2023-08-28,0.0051004,0.0056379,0.00485,0.0056379,266816.87743225,53,0.005234560000000001,0.006125216,47.34123278076115,0.10542723814752364,0.005542855,0.006348318338314022,0.004737391661685978,1,0,28,8,2023,0.0
2023-08-29,0.0056164,0.00598,0.004,0.005,1541620.6975157498,95,0.0051993,0.006092416,41.130381865206154,-0.11314496532396823,0.00548036,0.006247902842006449,0.004712817157993551,-1,1,29,8,2023,0.0
2023-08-30,0.0050001,0.0055873,0.0050001,0.00546,246975.74991503,23,0.00522429,0.006073562,48.37368152037544,0.09199999999999986,0.00546086,0.0062084181819283156,0.004713301818071684,1,2,30,8,2023,0.0
2023-08-31,0.0054588,0.0056535,0.00505,0.0052874,245953.58225899,42,0.005222010000000001,0.006050942,49.82411639426644,-0.031611721611721544,0.005435225,0.006168834231632475,0.004701615768367525,-1,3,31,8,2023,0.0
2023-09-01,0.0049254,0.00559,0.0049254,0.0054911,176134.41567518,25,0.0052709,0.006014763999999999,46.02831402831403,0.03852555131066304,0.00540229,0.006055569532012841,0.004749010467987158,1,4,1,9,2023,0.0
2023-09-02,0.0051,0.0059799,0.0049,0.0053354,437626.7329282599,35,0.00527342,0.005970472,49.7606856634016,-0.028354974413141276,0.00535705,0.0058779045912850415,0.004836195408714959,-1,5,2,9,2023,0.0
2023-09-03,0.0053256,0.0053381,0.0049,0.0053381,268193.53590125,34,0.005267289999999999,0.005945034,51.853031443627316,0.0005060539041121803,0.00533295,0.005806003407466154,0.0048598965925338465,0,6,3,9,2023,0.0
2023-09-04,0.0049215,0.005499,0.0049,0.0049001,163338.9234659201,35,0.005256230000000001,0.005910834,44.59213545375425,-0.08205166632322358,0.005292975,0.005770671145990615,0.004815278854009385,-1,0,4,9,2023,0.0
2023-09-05,0.0048513,0.0054,0.00485,0.0053999,142762.80750931,20,0.00529501,0.00588663,54.9918413455504,0.1019979184098283,0.00528297,0.005741591789368713,0.004824348210631287,1,1,5,9,2023,0.0
2023-09-06,0.0053962,0.0054,0.0048321,0.0048492,7818.45822221,7,0.00526991,0.005855514000000001,44.5459277838247,-0.10198337006240865,0.005260325,0.005758029367439116,0.004762620632560883,-1,2,6,9,2023,0.0
2023-09-07,0.0053996,0.0054677,0.0048,0.0049,270843.72021484,21,0.00519612,0.005817513999999999,44.03744209370074,0.01047595479666752,0.005215340000000001,0.005668412897120115,0.004762267102879887,1,3,7,9,2023,0.0
2023-09-08,0.0052999,0.0054545,0.0049009,0.0054397,11653.0,7,0.00524009,0.005800286,54.94376325251222,0.1101428571428571,0.005219695,0.005679940762609011,0.004759449237390989,1,4,8,9,2023,0.0
2023-09-09,0.0048523,0.0054447,0.0048523,0.0051001,135895.09708125,18,0.0052041,0.005764288000000001,50.94077400042763,-0.062429913414342675,0.005214195,0.005677542129050726,0.0047508478709492735,-1,5,9,9,2023,0.0
2023-09-10,0.0051001,0.0053888,0.0050031,0.0050031,59008.682,7,0.005175669999999999,0.005736326000000001,48.96391301564267,-0.019019234916962335,0.00519884,0.005669093859325021,0.0047285861406749785,-1,6,10,9,2023,0.0
2023-09-11,0.0050031,0.0052,0.004501,0.004602,202604.23771009,33,0.00508676,0.0056773660000000005,38.61473193678148,-0.08017029441746115,0.00517883,0.0057139052985865114,0.004643754701413488,-1,0,11,9,2023,0.0
2023-09-12,0.0046051,0.0050417,0.0043,0.0050417,123292.85678715,14,0.00505739,0.005640601999999999,50.47918917055456,0.09554541503694036,0.005165405,0.005700075273109435,0.004630734726890564,1,1,12,9,2023,0.0
2023-09-13,0.0045001,0.0052931,0.0045001,0.0048001,89635.18308352,17,0.0050035900000000005,0.005602604,42.01611537251675,-0.047920344328301945,0.00513544,0.00568193687975184,0.004588943120248159,-1,2,13,9,2023,0.0
2023-09-14,0.0048001,0.0052981,0.0048,0.005268,110672.67550421,17,0.00504038,0.005579964,49.78093947606142,0.09747713589300222,0.005148305000000001,0.0056945517939441725,0.004602058206055829,1,3,14,9,2023,0.0
2023-09-15,0.0052506,0.0052889,0.0048005,0.0051091,186534.60161756,30,0.0050113,0.005555346,45.6424530023727,-0.030163249810174597,0.0051531549999999995,0.005696021890634268,0.0046102881093657315,-1,4,15,9,2023,0.0
2023-09-16,0.0051999,0.00539,0.00471,0.0048558,359797.42994893,29,0.00501196,0.005520462,44.64827709337619,-0.049578203597502424,0.005140935,0.00569959418157446,0.00458227581842554,-1,5,16,9,2023,0.0
2023-09-17,0.0053499,0.0053876,0.0049003,0.0049003,195223.79848011,21,0.005011989999999999,0.005492064000000001,45.15986379516207,0.009164298364841894,0.005104055,0.00562035839703417,0.004587751602965829,1,6,17,9,2023,0.0
2023-09-18,0.00537,0.00537,0.0048042,0.0049037,182500.644027,24,0.00495839,0.005463937999999999,50.0440313111546,0.0006938350713223684,0.00509924,0.005621392364937741,0.0045770876350622585,0,0,18,9,2023,0.0
2023-09-19,0.0048341,0.00529,0.0048341,0.0049032,17994.70037807,7,0.0049387,0.005436002,43.07966673168556,-0.00010196382323557351,0.0050714,0.0055714710012741584,0.004571328998725842,-1,1,19,9,2023,0.0
2023-09-20,0.0052628,0.00534,0.0049081,0.00534,146132.22762181,33,0.00497239,0.005412808,57.062276965580764,0.08908467939304954,0.00507403,0.005579409253525793,0.004568650746474208,1,2,20,9,2023,0.0
2023-09-21,0.0050004,0.0050575,0.0048214,0.0048214,346891.3982089401,18,0.00499433,0.005388816000000001,49.003195860599604,-0.09711610486891387,0.0050405450000000004,0.005517517586544908,0.004563572413455093,-1,3,21,9,2023,0.0
2023-09-22,0.0053032,0.0053032,0.0048521,0.0052498,32008.98372829,6,0.0050151399999999995,0.005377803999999999,47.52172891707776,0.08885385987472505,0.005036265,0.00550353486353495,0.0045689951364650495,1,4,22,9,2023,0.0
2023-09-23,0.0052498,0.00525,0.004841,0.0051284,37149.46666666,8,0.005047970000000001,0.005364372000000001,50.39163045584125,-0.02312469046439858,0.00502578,0.005473536073630759,0.0045780239263692405,-1,5,23,9,2023,0.0
2023-09-24,0.005,0.0051,0.0048111,0.0049,98990.34823529,15,0.00501117,0.005336371999999999,48.623314194151426,-0.04453630762031047,0.005025775,0.0054735369850575834,0.004578013014942416,-1,6,24,9,2023,0.0
2023-09-25,0.0049,0.0051701,0.00431,0.0051701,1557018.96862995,61,0.00501727,0.005314096000000001,57.860799778608005,0.05512244897959184,0.005014284999999999,0.0054324391054375604,0.004596130894562438,1,0,25,9,2023,0.0
2023-09-26,0.0048001,0.0051259,0.0046022,0.00461,190286.9419119399,36,0.004992689999999999,0.005289294,44.219181017167045,-0.10833446161582949,0.005002325,0.005452794588318179,0.004551855411681821,-1,1,26,9,2023,0.0
2023-09-27,0.004992,0.004992,0.0047488,0.00492,69713.96519952,13,0.00499466,0.005257695999999999,51.57667727428135,0.06724511930585675,0.005003325,0.005452926118536224,0.004553723881463777,1,2,27,9,2023,0.0
2023-09-28,0.0049199,0.00492,0.0047488,0.0048606,32839.88074481,17,0.004990349999999999,0.005229910000000001,43.99787848429489,-0.012073170731707328,0.0049743700000000005,0.0053778678593820115,0.00457087214061799,-1,3,28,9,2023,0.0
2023-09-29,0.0048607,0.0048899,0.0045947,0.0046115,156792.996,23,0.004961180000000001,0.0052051400000000005,42.85878300803674,-0.051248817018474946,0.00494994,0.005379696378476986,0.004520183621523014,-1,4,29,9,2023,0.0
2023-09-30,0.0046201,0.0048455,0.0046201,0.0048455,25295.92380508,11,0.00491173,0.005186048000000001,49.851357981932054,0.050742708446275486,0.00494206,0.005373488454274221,0.004510631545725779,1,5,30,9,2023,0.0
2023-10-01,0.0046615,0.0048907,0.004661,0.0048907,404439.39672999,27,0.00491866,0.005160865999999999,49.8614878513303,0.009328242699411904,0.004956495,0.0053583196775314245,0.0045546703224685755,1,6,1,10,2023,0.0
2023-10-02,0.0048324,0.0053911,0.0048201,0.0048201,123483.59348173,13,0.00487569,0.005132464,48.8167355488875,-0.014435561371582861,0.004945415,0.005349561394918803,0.004541268605081197,-1,0,2,10,2023,0.0
2023-10-03,0.005,0.005,0.0046751,0.0049348,1144810.1717505502,55,0.00485633,0.0051147580000000005,50.433256553690896,0.023796186801103625,0.004952150000000001,0.005350548634006816,0.004553751365993185,1,1,3,10,2023,0.0
2023-10-04,0.0049299,0.00493,0.0039377,0.0048293,964987.8376297896,66,0.00484926,0.0050973519999999994,42.29829588297391,-0.02137877928183507,0.004930215,0.005302868361011588,0.0045575616389884116,-1,2,4,10,2023,0.0
2023-10-05,0.0048293,0.0048293,0.0045178,0.0048293,12586.46737622,6,0.0048151800000000005,0.005081938,50.141227787908036,0.0,0.004916225000000001,0.005281538015745721,0.00455091198425428,0,3,5,10,2023,0.0
2023-10-06,0.0048293,0.0049999,0.0043,0.00493,300018.87873425,23,0.00484718,0.0050744959999999995,43.524218370322394,0.020851883295715856,0.004919935,0.005284169709030739,0.004555700290969262,1,4,6,10,2023,0.0
2023-10-07,0.0043203,0.0049633,0.0041,0.004701,550476.8548523999,60,0.00482528,0.005052522,41.70676808444583,-0.04645030425963492,0.0049099700000000005,0.005287141987015238,0.004532798012984763,-1,5,7,10,2023,0.0
2023-10-08,0.0049588,0.0049999,0.0047079,0.0047079,197333.42558885,23,0.004810010000000001,0.005039627999999999,45.92196323186006,0.0014677728142948876,0.0049001800000000005,0.0052880500140369486,0.0045123099859630525,0,6,8,10,2023,0.0
2023-10-09,0.0048776,0.0048776,0.00435,0.00435,330704.5915867499,24,0.004783859999999999,0.005022426,33.21599607056608,-0.0760211559293954,0.00487252,0.005331808317198835,0.004413231682801165,-1,0,9,10,2023,0.0
2023-10-10,0.0045007,0.0046967,0.0043983,0.0046967,327156.37060442,36,0.004768980000000001,0.005010156,51.94420774095169,0.0797011494252875,0.004840354999999999,0.005249120981048699,0.004431589018951299,1,1,10,10,2023,0.0
2023-10-11,0.0046967,0.0049,0.0043035,0.0043035,314035.9028808499,19,0.004710259999999999,0.004996182,36.672575554498685,-0.08371835544105433,0.00481446,0.005288661535658205,0.004340258464341794,-1,2,11,10,2023,0.0
2023-10-12,0.0045884,0.0048672,0.0042467,0.004344,135635.31392628,20,0.004662649999999999,0.004976858,38.74019180470793,0.00941094457999303,0.00476917,0.005241322232809414,0.0042970177671905856,1,3,12,10,2023,0.0
2023-10-13,0.0047196,0.0047196,0.0043065,0.0043065,18875.90030916,7,0.00459982,0.004955,42.67671917018824,-0.00863259668508276,0.004728075,0.005211516190566534,0.004244633809433466,-1,4,13,10,2023,0.0
2023-10-14,0.0042851,0.0046861,0.0042851,0.0043022,44434.10281869,10,0.00454711,0.00494083,35.33761537215956,-0.0009984906536631977,0.004698185,0.005209960268421567,0.004186409731578433,-1,5,14,10,2023,0.0
2023-10-15,0.0046195,0.0046197,0.0043605,0.0043605,29286.4,6,0.004500229999999999,0.004927798000000001,35.79161753671346,0.013551206359536883,0.004657705,0.005139509924380646,0.004175900075619353,1,6,15,10,2023,0.0
2023-10-16,0.0046196,0.004623,0.00415,0.0045808,707800.8603702202,34,0.00446531,0.0049174100000000005,44.06350781443812,0.05052172915950015,0.004656245000000001,0.005138834922790036,0.004173655077209965,1,0,16,10,2023,0.0
2023-10-17,0.0045,0.0045,0.0042,0.0042249,182689.48493538,25,0.004417699999999999,0.00488915,34.271281074134805,-0.07769385260216555,0.00462149,0.005123816276437481,0.004119163723562518,-1,1,17,10,2023,0.0
2023-10-18,0.0044297,0.0044297,0.004,0.0043394,79908.12242557,22,0.00438085,0.004875938,39.18877168204089,0.027101233165282013,0.00459543,0.005099600861179722,0.004091259138820278,1,2,18,10,2023,0.0
2023-10-19,0.0040001,0.0042297,0.0038004,0.0038004,177610.87871649,13,0.004325890000000001,0.004842746,31.65757478518202,-0.12421072037608893,0.004554875,0.005171540825651025,0.003938209174348975,-1,3,19,10,2023,0.0
2023-10-20,0.0040808,0.004085,0.0034,0.004084,454445.08950804,38,0.004264619999999999,0.004818678,35.84147810951934,0.07462372381854543,0.0045168,0.005151677655847392,0.0038819223441526073,1,4,20,10,2023,0.0
2023-10-21,0.0040894,0.0041,0.0037301,0.00409,67606.96203478,11,0.0042432699999999995,0.004790656,38.94957679230268,0.0014691478942212566,0.004476765,0.005113348278629843,0.0038401817213701557,0,5,21,10,2023,0.0
2023-10-22,0.0038001,0.00408,0.0037301,0.0039697,484737.60614618,28,0.004205840000000001,0.004763342,37.17512161223071,-0.029413202933985416,0.004434245000000001,0.005087650454763987,0.0037808395452360146,-1,6,22,10,2023,0.0
2023-10-23,0.0039499,0.0049999,0.0036601,0.003951,1024623.6101826096,91,0.00417029,0.0047355999999999995,42.14195682999843,-0.004710683426959239,0.0043850550000000005,0.005027834502096428,0.003742275497903573,-1,0,23,10,2023,0.0
2023-10-24,0.0040557,0.0041087,0.00343,0.0040294,1512837.21995494,98,0.00414301,0.004718186,35.30499889892094,0.019843077701847678,0.00434506,0.004970769017287853,0.0037193509827121475,1,1,24,10,2023,0.0
2023-10-25,0.0040292,0.0040292,0.0032204,0.0036774,367975.5480092299,55,0.0040747000000000005,0.004683736,35.95747544072131,-0.08735791929319503,0.004287465,0.004937099511900478,0.003637830488099522,-1,2,25,10,2023,0.0
2023-10-26,0.0035,0.0038362,0.0032001,0.0038362,749974.4801176899,86,0.00400024,0.004663476,39.18469926733687,0.043182683417632095,0.004232774999999999,0.004837247401093507,0.0036283025989064916,1,3,26,10,2023,0.0
2023-10-27,0.0038,0.00432,0.0034201,0.0039,789878.32156339,64,0.003967750000000001,0.004643476,41.43813976999873,0.016631041134455904,0.004192725,0.004772200660902584,0.003613249339097415,1,4,27,10,2023,0.0
2023-10-28,0.0039,0.0048,0.0039,0.0039321,1337983.9293485798,92,0.003927019999999999,0.004613324,42.295041012616075,0.008230769230769264,0.004153934999999999,0.004690481270236596,0.003617388729763403,1,5,28,10,2023,0.0
2023-10-29,0.003932,0.0040504,0.0033823,0.0039959,2038361.36814703,124,0.00394657,0.00459124,42.42688600864076,0.01622542661682047,0.00413623,0.004668890306880337,0.003603569693119663,1,6,29,10,2023,0.0
2023-10-30,0.0041169,0.0041169,0.003311,0.0036985,1411634.71999428,70,0.00390802,0.004565148,32.24248279193334,-0.07442628694411779,0.00408632,0.004583758498075853,0.003588881501924147,-1,0,30,10,2023,0.0
2023-10-31,0.0035022,0.0038999,0.003153,0.0035511,2031389.2893495397,81,0.00385413,0.00454413,35.19641444766677,-0.03985399486278218,0.0040487000000000006,0.0045889440072485405,0.0035084559927514606,-1,1,31,10,2023,0.0
2023-11-01,0.0035511,0.0035967,0.0031,0.0035967,1114788.0694706996,48,0.0038168300000000002,0.00451523,33.173229416829045,0.01284109149277679,0.0040113349999999996,0.00456868419329151,0.003453985806708489,1,2,1,11,2023,0.0
2023-11-02,0.0036239,0.003624,0.0033,0.0035697,342638.66672887,31,0.0037787000000000003,0.004490622,43.194288748598744,-0.007506881307865587,0.003974495,0.004546896491317674,0.0034020935086823256,-1,3,2,11,2023,0.0
2023-11-03,0.0035698,0.003624,0.00325,0.0033005,364862.0103571001,31,0.0037058100000000004,0.004451272,26.688485569770904,-0.07541249964983043,0.003924410000000001,0.004548996603155756,0.0032998233968442453,-1,4,3,11,2023,0.0
2023-11-04,0.0033124,0.0035102,0.0032204,0.0035102,108612.74693523,24,0.00368909,0.004419294,34.61415985564166,0.06353582790486301,0.003881895,0.004497184396950362,0.0032666056030496377,1,5,4,11,2023,0.0
2023-11-05,0.0035136,0.0038789,0.0032356,0.003424,561988.07654811,49,0.0036478699999999997,0.004390658,35.25214853251177,-0.024557005298843415,0.003824055,0.004377046913807411,0.0032710630861925894,-1,6,5,11,2023,0.0
2023-11-06,0.0037908,0.0037908,0.003353,0.0034004,70228.68605849,18,0.00359791,0.00436066,35.159029649595695,-0.006892523364485981,0.00378283,0.004332924174138023,0.0032327358258619774,-1,0,6,11,2023,0.0
2023-11-07,0.0034001,0.0037,0.0033301,0.0036009,204143.24758467,24,0.0035647900000000004,0.004334604,39.16342117242427,0.058963651335137035,0.003745905,0.004234388442481409,0.0032574215575185907,1,1,7,11,2023,0.0
2023-11-08,0.0036009,0.0037519,0.00333,0.0035373,787796.66584926,65,0.00351893,0.0043072860000000004,45.85183869248535,-0.017662251103890747,0.00373275,0.004229160613143642,0.0032363393868563585,-1,2,8,11,2023,0.0
2023-11-09,0.0035373,0.0037521,0.00329,0.0032902,1465236.8169192504,66,0.0034781,0.004266290000000001,34.63702870005628,-0.06985553953580415,0.00369306,0.004198083111091347,0.0031880368889086533,-1,3,9,11,2023,0.0
2023-11-10,0.0034044,0.0035223,0.0032912,0.0035222,2392316.3614597297,56,0.0034752100000000003,0.004240306,40.288916306806506,0.07051243085526715,0.0036646699999999996,0.004138621265981911,0.003190718734018088,1,4,10,11,2023,0.0
2023-11-11,0.0033584,0.0035223,0.0033582,0.0035222,562537.50768891,42,0.0034677600000000003,0.004205754000000001,39.28702106528671,0.0,0.0036422949999999994,0.004097494932822542,0.0031870950671774576,0,5,11,11,2023,0.0
2023-11-12,0.0035222,0.0035223,0.0032923,0.0035223,2297931.9181832,43,0.00346302,0.004173632,37.19584730182761,2.8391346317491184e-05,0.00362086,0.00405472730641809,0.00318699269358191,0,6,12,11,2023,0.0
2023-11-13,0.0035216,0.0043,0.0035216,0.0037999,2021086.20225111,51,0.0035129600000000003,0.00415163,52.771097507651945,0.07881213979502033,0.0036093849999999997,0.0040085053130828234,0.003210264686917176,1,0,13,11,2023,0.0
2023-11-14,0.00385,0.0042,0.003544,0.0037999,2467033.23007868,136,0.00354193,0.004124226,57.39507787421233,0.0,0.0036155099999999997,0.0040227033403441095,0.0032083166596558895,0,1,14,11,2023,0.0
2023-11-15,0.0035528,0.0038,0.0035528,0.0036999,1964028.6671899804,61,0.0035695199999999996,0.004106024000000001,52.971323275365656,-0.02631648201268466,0.003608695,0.0040047463495409726,0.0032126436504590268,-1,2,15,11,2023,0.0
2023-11-16,0.003625,0.0037,0.003625,0.0036251,362598.86614836,35,0.0035919900000000006,0.004080126,51.55234252409774,-0.020216762615205774,0.0035949500000000004,0.00396677373016704,0.003223126269832961,-1,3,16,11,2023,0.0
2023-11-17,0.0036999,0.0037,0.0029263,0.0030126,6000141.916047059,132,0.0035331599999999996,0.004043166,43.234478544907645,-0.16896085625224133,0.0035489750000000002,0.003969473100001422,0.0031284768999985785,-1,4,17,11,2023,0.0
2023-11-18,0.0031773,0.00329,0.003,0.00329,2391291.6823307,40,0.00350843,0.004016736,44.984968570647716,0.09207993095664868,0.0035136800000000004,0.003892681444795977,0.003134678555204024,1,5,18,11,2023,0.0
2023-11-19,0.00329,0.00333,0.0029739,0.0031761,1912381.3140431305,63,0.00349702,0.003983348,44.42445234132518,-0.03462006079027358,0.00348756,0.003884510663246926,0.0030906093367530736,-1,6,19,11,2023,0.0
2023-11-20,0.0031778,0.00369,0.0029374,0.0030738,3532501.099288,177,0.00345218,0.00394701,42.90555217655748,-0.03220931330877497,0.003463695,0.003900001490415271,0.0030273885095847292,-1,0,20,11,2023,0.0
2023-11-21,0.0033156,0.0033584,0.00302,0.0031736,271901.7927522101,29,0.00341732,0.0039140799999999995,40.293489618826946,0.032467954974298996,0.00344254,0.0038925084264941805,0.0029925715735058195,1,1,21,11,2023,0.0
2023-11-22,0.0031888,0.0031888,0.0029421,0.0030788,264493.79749282,28,0.0033729700000000003,0.00387696,39.730322985261836,-0.02987143937484238,0.003417995,0.0038916877739630477,0.0029443022260369524,-1,2,22,11,2023,0.0
2023-11-23,0.0030788,0.0032809,0.0027128,0.002999,2769576.92924934,87,0.00329288,0.003840354,42.94915254237288,-0.02591918929453041,0.0034029199999999994,0.0039103458321739625,0.0028954941678260367,-1,3,23,11,2023,0.0
2023-11-24,0.0030937,0.0031999,0.0030901,0.003195,229956.88085706,13,0.0032323899999999995,0.003807668,41.93691473632331,0.06535511837279095,0.00338716,0.0039001058385275214,0.002874214161472479,1,4,24,11,2023,0.0
2023-11-25,0.0031999,0.0032,0.0031035,0.003196,986159.5528069402,32,0.003182,0.0037729879999999997,41.96551724137932,0.0003129890453834605,0.00337576,0.003895349831754531,0.0028561701682454687,0,5,25,11,2023,0.0
2023-11-26,0.0032,0.00369,0.003195,0.00369,596793.29353574,22,0.00318849,0.003752768,53.322239391418044,0.15456821026282852,0.00339024,0.0039285259361456284,0.0028519540638543717,1,6,26,11,2023,0.0
2023-11-27,0.0033234,0.0039953,0.003306,0.0037634,667527.6799933297,120,0.0032635699999999995,0.003733878,49.2132603353882,0.019891598915989128,0.0033983649999999995,0.003954644226647502,0.002842085773352497,1,0,27,11,2023,0.0
2023-11-28,0.0035137,0.003635,0.0028598,0.003635,5642898.915241751,149,0.00329807,0.003719578,46.632082022793185,-0.034118084710633934,0.00340325,0.003966340563903746,0.002840159436096254,-1,1,28,11,2023,0.0
2023-11-29,0.0030621,0.0034999,0.0030501,0.0032271,1530289.37111795,80,0.0033031700000000002,0.0036901860000000002,41.422351233671996,-0.1122145804676754,0.0034000949999999997,0.003966549645278365,0.002833640354721634,-1,2,29,11,2023,0.0
2023-11-30,0.0034,0.0040825,0.0032557,0.0038,1189771.1004510897,113,0.00337579,0.0036801159999999998,52.687378998801506,0.1775278113476495,0.003413985,0.004006089604111529,0.0028218803958884714,1,3,30,11,2023,0.0
2023-12-01,0.0038,0.004125,0.0037,0.0037002,1255032.6363317098,122,0.0034284500000000004,0.00366724,62.541037426132625,-0.026263157894736877,0.0034228849999999996,0.004027066340065839,0.0028187036599341595,-1,4,1,12,2023,0.0
2023-12-02,0.0037002,0.0041417,0.00368,0.003704,3591139.2742704903,115,0.0034909700000000004,0.0036551900000000004,58.388037928519324,0.0010269715150532654,0.0034319699999999995,0.004047797768471507,0.0028161422315284923,0,5,2,12,2023,0.0
2023-12-03,0.0038517,0.0038517,0.0033425,0.0034715,4779560.633854128,136,0.0035382200000000003,0.003638576,55.71064027219302,-0.06276997840172771,0.00341555,0.004007105674293652,0.0028239943257063476,-1,6,3,12,2023,0.0
2023-12-04,0.0036996,0.0046,0.003551,0.0046,3958983.847035032,187,0.0036787200000000008,0.0036433659999999994,71.12329070475559,0.3250756157280714,0.0034555550000000003,0.0042349467911453826,0.002676163208854618,1,0,4,12,2023,0.0
2023-12-05,0.0046561,0.00819,0.0041478,0.0070599,8773168.285241319,575,0.004065109999999999,0.0036929479999999997,82.53386240728649,0.5347608695652175,0.0036235549999999997,0.0054154968064739194,0.0018316131935260794,1,1,5,12,2023,0.0
2023-12-06,0.0083715,0.0083728,0.0063,0.007,4769799.232002209,702,0.00439611,0.00374845,83.01896325238303,-0.008484539441068528,0.0037922999999999998,0.006135639689642151,0.0014489603103578484,-1,2,6,12,2023,0.0
2023-12-07,0.007,0.007804,0.0056486,0.0065831,2789389.33218218,167,0.004678079999999999,0.0037933240000000003,78.55902086089021,-0.059557142857142864,0.003970825,0.006591656660591239,0.00134999333940876,-1,3,7,12,2023,0.0
2023-12-08,0.0062922,0.0063684,0.0059,0.0063628,1393499.822303291,113,0.00495086,0.0038445719999999992,75.14446278892558,-0.03346447722197743,0.004124465,0.0069309432218250845,0.0013179867781749153,-1,4,8,12,2023,0.0
2023-12-09,0.0063219,0.0063683,0.0059,0.0060749,1532247.7881123496,95,0.00523564,0.00388439,71.85587828912406,-0.04524737536933421,0.0042694049999999996,0.007167577509103945,0.0013712324908960538,-1,5,9,12,2023,0.0
2023-12-10,0.006042,0.0060903,0.0053001,0.0059927,727654.9073218001,92,0.0054549099999999994,0.003922444,68.6474580114345,-0.013531086931472203,0.00441535,0.007353714886158639,0.0014769851138413614,-1,6,10,12,2023,0.0
2023-12-11,0.0056889,0.0060919,0.0053,0.0053,1844458.5080675397,135,0.00561489,0.00394905,61.30917333961375,-0.11559063527291535,0.00452167,0.007424518970163363,0.0016188210298366383,-1,0,11,12,2023,0.0
2023-12-12,0.0053683,0.0057915,0.0053001,0.0053112,1247339.0973809802,77,0.00577561,0.003976254,62.55317236834222,0.0021132075471699263,0.00463329,0.007473539469324754,0.0017930405306752465,0,1,12,12,2023,0.0
2023-12-13,0.0055057,0.007,0.0053164,0.0057701,470512.7114288699,61,0.00600547,0.0040110680000000004,68.90031810208995,0.08640231962644984,0.004771845,0.007546004498677898,0.0019976855013221022,1,2,13,12,2023,0.0
2023-12-14,0.0070926,0.007804,0.006263,0.0073497,1714175.5217082996,176,0.00628044,0.004084514,72.94837149765326,0.27375608741616264,0.00497958,0.007876098201383673,0.0020830617986163265,1,3,14,12,2023,0.0
2023-12-15,0.0070417,0.0073499,0.0063,0.0069003,1599280.1944085904,163,0.00626448,0.004145796,69.79353513861227,-0.061145352871545766,0.005164795,0.008054834147777025,0.0022747558522229743,-1,4,15,12,2023,0.0
2023-12-16,0.00674,0.00748,0.0067355,0.0070346,719552.02800634,76,0.00626794,0.004208488,70.27342894012807,0.01946292190194643,0.005332025,0.008249680251720855,0.0024143697482791457,1,5,16,12,2023,0.0
2023-12-17,0.0070346,0.0096887,0.0070346,0.0084871,2839782.751012612,229,0.00645834,0.004299588,76.58201013334464,0.20647940181389113,0.00556821,0.008707557219373642,0.0024288627806263578,1,6,17,12,2023,0.0
2023-12-18,0.0086045,0.014409,0.0084965,0.0142405,14983118.814307977,925,0.00724611,0.00450448,84.28562283503211,0.6778994002662866,0.006098485,0.010968611141357776,0.001228358858642223,1,0,18,12,2023,0.0
2023-12-19,0.0142405,0.0176999,0.0109686,0.012505,18071594.11202026,1386,0.007889120000000001,0.00468061,70.41703225419394,-0.12187072083143147,0.00656238,0.012013709576341378,0.001111050423658621,-1,1,19,12,2023,0.0
2023-12-20,0.0112733,0.0129,0.0084,0.0114452,15036970.445742045,940,0.00843437,0.004838492,65.5051414061083,-0.08475009996001592,0.00694464,0.012646799442250072,0.0012424805577499285,-1,2,20,12,2023,0.0
2023-12-21,0.0112418,0.0128377,0.0095795,0.0119793,9959606.417528978,570,0.0091023,0.0050061440000000006,68.66964668760986,0.046665851186523444,0.007358595,0.013267351953779843,0.0014498380462201572,1,3,21,12,2023,0.0
2023-12-22,0.0119665,0.0119958,0.0098387,0.010475,3528766.099854132,320,0.009618680000000001,0.00514425,63.066383660188876,-0.12557495012229425,0.007697145,0.013499182481863324,0.001895107518136676,-1,4,22,12,2023,0.0
2023-12-23,0.0099884,0.0117998,0.0096,0.0105678,8678191.289805805,474,0.01009845,0.005289596000000001,64.45526906767392,0.008859188544152685,0.00805196,0.01362952777302942,0.0024743922269705792,1,5,23,12,2023,0.0
2023-12-24,0.0105682,0.0115375,0.0104797,0.0110501,3651835.62627133,216,0.01046849,0.005440394,65.86306835290574,0.045638638127140974,0.008374465000000001,0.013856716206162778,0.0028922137938372245,1,6,24,12,2023,0.0
2023-12-25,0.0110501,0.0121107,0.0098295,0.0116088,7774722.998877942,351,0.01093934,0.005604090000000001,69.955968317433,0.050560628410602604,0.00860191,0.014230031852905944,0.002973788147094057,1,0,25,12,2023,0.0
2023-12-26,0.0117322,0.0127776,0.0109438,0.0125226,2023950.89154816,175,0.01148814,0.005786533999999999,71.57887177277462,0.07871614637171787,0.00887804,0.014713333307885403,0.0030427466921145972,1,1,26,12,2023,0.0
2023-12-27,0.0127776,0.0127776,0.0113001,0.0113003,1724430.9908593812,201,0.01176946,0.005940521999999999,65.82516826152649,-0.09760752559372665,0.0091139,0.014939949904207422,0.003287850095792577,-1,2,27,12,2023,0.0
2023-12-28,0.0114044,0.0119813,0.0108,0.0108,2628658.0680778185,134,0.01142541,0.006085776,60.523378168176414,-0.044273160889533814,0.00933576,0.015057712516736661,0.00361380748326334,-1,3,28,12,2023,0.0
2023-12-29,0.0112997,0.0114477,0.0097646,0.0101581,11609405.357090684,173,0.01119072,0.006223134,59.820933317255516,-0.0594351851851852,0.00953992,0.015059796560252104,0.004020043439747897,-1,4,29,12,2023,0.0
2023-12-30,0.0101554,0.0103701,0.0094,0.0095642,5331942.896018667,131,0.01100262,0.006343974,57.42009668184165,-0.05846565794784453,0.009718494999999999,0.014980233077249615,0.004456756922750383,-1,5,30,12,2023,0.0
2023-12-31,0.0098981,0.0099323,0.00955,0.0097532,1741226.7817561894,108,0.01078001,0.006468593999999999,54.011189892346394,0.019761192781414083,0.009941155,0.014775125209378355,0.005107184790621644,1,6,31,12,2023,0.0
