1578441600,1.0999,1.0999,1.0,1.0189,257.78143383,12
1578528000,1.0078,1.0205,1.0002,1.0002,1688.98128352,29
1578614400,1.0051,1.0099,0.9999,1.0024,1946.25038429,33
1578700800,1.0025,1.0061,1.0011,1.002,5680.84869481,59
1578787200,1.0044,1.0044,1.0007,1.0007,462.75743076,6
1578873600,1.0009,1.0117,1.0001,1.0056,26170.49129148,77
1578960000,1.0051,1.0055,0.9995,1.0046,15291.83596647,83
1579046400,1.0049,1.0114,0.9957,1.0055,9295.20327583,60
1579132800,1.0018,1.0056,1.0001,1.0015,5127.30304183,23
1579219200,1.0018,1.007,1.0009,1.0013,18425.28695891,59
1579305600,1.0059,1.0061,1.0,1.001,30833.11875695,47
1579392000,1.0006,1.0065,1.0,1.0013,18833.05872638,56
1579478400,1.0052,1.0068,1.0014,1.0016,20853.21479289,58
1579564800,1.0034,1.0041,1.0012,1.0018,19832.96901164,57
1579651200,1.0016,1.0045,1.0016,1.0035,24028.32018727,105
1579737600,1.0035,1.0088,1.0021,1.0042,98229.1458009599,450
1579824000,1.0044,1.0044,1.001,1.002,29596.79203206,138
1579910400,1.0019,1.0053,1.0018,1.004,137453.9211713202,429
1579996800,1.0021,1.0094,1.0021,1.0023,176206.56381814,784
1580083200,1.0034,1.0059,1.0018,1.0033,24095.70129884,117
1580169600,1.0032,1.0183,0.9996,0.9996,426235.0424732911,1374
1580256000,0.9996,1.0038,0.999,1.001,20246.19779908,71
1580342400,1.0038,1.0046,1.0011,1.0032,115099.28680879,183
1580428800,1.0018,1.0077,1.0009,1.0012,41120.69668816,238
1580515200,1.0016,1.0031,1.0002,1.0011,18579.34325634,100
1580601600,1.002,1.0034,0.9998,1.0028,10092.01089148,101
1580688000,1.0003,1.0039,1.0,1.001,7905.50173905,26
1580774400,1.0011,1.0043,1.0005,1.0037,40694.0230527,92
1580860800,1.0037,1.0041,0.999,1.0008,91822.3444982,313
1580947200,1.0001,1.013,0.9996,1.001,55136.71698484,163
1581033600,1.0028,1.0033,1.0005,1.0011,13599.98084692,46
1581120000,1.0015,1.003,0.9991,0.9991,123115.99629106,164
1581206400,0.9991,1.0,0.999,0.9996,6711.63265498,26
1581292800,1.0016,1.002,0.991,1.0,16077.87901556,68
1581379200,1.0006,1.0025,0.9953,0.9954,100834.3793467101,281
1581465600,0.9968,0.9986,0.9953,0.9974,17093.47520694,45
1581552000,0.9973,1.0016,0.9973,0.9995,60037.4455517201,208
1581638400,1.0003,1.0014,0.93,0.9971,240624.0744992097,695
1581724800,0.9968,1.0013,0.9959,0.9983,481563.8065366699,1661
1581811200,0.9985,1.001,0.9968,0.9983,79852.05162906,241
1581897600,1.0001,1.0007,0.9968,0.9992,30709.4603092,66
1581984000,0.9992,1.0001,0.9969,0.9975,45765.97803066,144
1582070400,0.9972,1.0134,0.9959,1.0,134248.4490987,320
1582156800,1.0003,1.01,0.9984,0.9989,124745.98831719,164
1582243200,0.9997,1.0004,0.9982,0.9991,37596.1165656,82
1582329600,0.9992,1.0034,0.998,0.9988,45395.9459934,138
1582416000,0.9983,1.0003,0.9966,0.9974,85672.34025214,375
1582502400,0.9982,1.003,0.9968,1.0026,11201.74985182,68
1582588800,1.0026,1.0026,0.9995,1.0009,50427.31095615,164
1582675200,1.0011,1.099,1.0002,1.0016,50644.41437571,235
1582761600,1.0018,1.0028,0.9997,1.0001,90252.96256433,348
1582848000,1.0001,1.0019,0.9986,0.9991,69080.84968128,207
1582934400,0.9982,1.099,0.9982,0.9998,51892.2250147899,253
1583020800,1.0,1.0019,0.9995,1.0005,62593.3669808,230
1583107200,1.0007,1.0012,0.999,0.999,46452.16687533,163
1583193600,0.9992,1.0019,0.9981,0.9997,122279.8003251299,419
1583280000,0.9995,1.0006,0.998,0.9987,27109.19874609,95
1583366400,0.9992,0.9997,0.998,0.9985,49563.14838477,204
1583452800,0.9994,1.0019,0.9976,0.9978,92499.7486008501,274
1583539200,0.9977,0.9998,0.9972,0.9989,24848.48915987,80
1583625600,0.9989,1.0001,0.9977,0.9988,354677.7152803995,644
1583712000,0.9995,1.0009,0.9971,1.0002,149720.65364599,724
1583798400,0.9999,1.0009,0.998,1.0,175966.7427278598,432
1583884800,1.0002,1.0007,0.9989,0.9996,140716.5325342398,439
1583971200,0.9991,1.0135,0.9904,0.9944,655401.7675102969,2676
1584057600,0.9955,1.005,0.934,0.9897,733812.03992624,2506
1584144000,0.99,1.005,0.9878,0.9898,184122.7031702301,540
1584230400,0.9604,1.0077,0.9295,1.0038,223925.8237373299,479
1584316800,1.0039,1.0089,0.995,0.9969,127381.58439613,512
1584403200,0.9973,0.9989,0.994,0.9963,70493.05397575,258
1584489600,0.9961,1.0013,0.994,0.9976,59249.92344651,251
1584576000,0.9974,1.0017,0.9915,0.9966,235388.6110652401,740
1584662400,0.9967,1.0017,0.9955,1.0004,134941.9932658499,461
1584748800,1.0006,1.0006,0.9977,0.9981,17792.19041484,63
1584835200,0.9982,0.9997,0.9967,0.9982,52164.86324785,187
1584921600,0.998,1.0009,0.9941,0.9956,56981.66297644,217
1585008000,0.996,0.9979,0.9946,0.9961,52442.7088821,132
1585094400,0.9975,1.0003,0.9953,0.9988,102262.47762534,192
1585180800,0.9978,0.9989,0.9957,0.9958,95642.30640195,168
1585267200,0.9956,1.0005,0.9947,0.9994,115477.78332668,221
1585353600,0.9984,1.0001,0.9965,0.9979,81791.18903477,190
1585440000,0.9978,1.0001,0.9978,1.0001,21052.20891918,55
1585526400,0.9996,0.9996,0.9963,0.9977,68623.90748734,176
1585612800,0.9978,0.9992,0.9972,0.9975,59572.7120621101,114
1585699200,0.9972,0.9992,0.9967,0.9969,58670.78225866,150
1585785600,0.9976,0.9998,0.9971,0.9998,117825.9724011899,240
1585872000,0.9987,0.9997,0.9977,0.998,14480.69936958,51
1585958400,0.9991,0.9992,0.9972,0.9986,50485.14521411,124
1586044800,0.9976,1.0007,0.9975,0.9986,324403.9997852594,345
1586131200,0.9983,1.0009,0.9976,0.9984,52265.09771312,200
1586217600,0.9991,1.0003,0.9977,0.9983,95663.13261265,241
1586304000,0.9999,1.0,0.9981,0.9983,80533.48838083,272
1586390400,0.9985,1.0,0.998,0.9987,73640.69896007,175
1586476800,0.9987,0.9997,0.998,0.998,106048.9832433301,200
1586563200,0.9985,0.9992,0.9981,0.9984,35266.3904773,78
1586649600,0.9991,0.9991,0.997,0.9986,79654.83078207,113
1586736000,0.9987,0.9999,0.9972,0.9978,110585.7589307301,233
1586822400,0.9977,0.9992,0.9972,0.9981,57558.85257427,237
1586908800,0.9987,1.0011,0.997,1.0,196253.5788076199,547
1586995200,1.0005,1.0007,0.9978,0.9981,62978.22077363,280
1587081600,0.9983,1.0014,0.9979,0.9985,146117.5330405099,377
1587168000,0.9992,0.9996,0.9977,0.9985,45421.57046512,215
1587254400,0.9983,0.9994,0.9979,0.9979,28233.43657703,139
1587340800,0.9983,1.0001,0.9981,0.9984,423932.0790332402,761
1587427200,0.9989,0.9993,0.9972,0.9981,154907.0484348298,443
1587513600,0.9982,0.9991,0.9979,0.9987,73471.60453877,281
1587600000,0.999,0.9995,0.9976,0.9993,167322.92255393,580
1587686400,0.9995,1.0003,0.9981,0.999,79720.78063643,352
1587772800,0.9989,1.0001,0.9977,0.9992,116488.33779741,426
1587859200,0.9989,0.9999,0.9982,0.9985,125538.08532305,403
1587945600,0.9983,0.9996,0.9973,0.9981,110478.1180081201,515
1588032000,0.9981,0.9995,0.9981,0.9982,93470.31135847,323
1588118400,0.9986,1.0013,0.9966,1.0013,350330.01753578,920
1588204800,0.9987,1.0043,0.9976,0.999,205257.64954183,673
1588291200,0.9996,1.0003,0.9982,0.9992,215631.6645199799,651
1588377600,0.9992,1.0345,0.9985,0.9995,252619.4899838001,412
1588464000,0.9988,1.0725,0.9986,0.9993,224506.6473872198,499
1588550400,0.9992,1.0011,0.9952,0.9986,219231.2645492502,782
1588636800,0.9983,0.9998,0.9979,0.9994,290143.9869988401,702
1588723200,0.9994,1.0,0.998,0.9987,273521.1918969602,796
1588809600,0.9987,0.9999,0.9975,0.9976,272291.6825203404,588
1588896000,0.9981,0.9999,0.9979,0.9991,239455.6624574901,526
1588982400,0.9991,1.0005,0.9986,1.0,145794.0347253999,466
1589068800,1.0002,1.011,0.9962,0.9994,624581.4676640411,2018
1589155200,0.9994,1.022,0.9977,0.9988,382109.9690278299,1135
1589241600,0.9993,1.0001,0.9986,0.9993,210622.6186868401,549
1589328000,0.9993,1.0,0.998,0.9982,261516.0296011199,650
1589414400,0.999,1.003,0.998,0.9999,303353.5446888001,720
1589500800,0.9995,1.002,0.9992,1.0007,288486.2985103602,624
1589587200,1.0007,1.0013,0.9996,1.0002,138885.00108222,356
1589673600,1.0007,1.002,0.9992,1.0002,190704.2989566201,510
1589760000,1.0001,1.002,0.998,1.0002,140433.5120988099,505
1589846400,1.0003,1.002,0.9992,0.9995,297038.8787374599,467
1589932800,0.9992,1.002,0.9992,1.001,215327.2430248901,578
1590019200,1.0003,1.0026,1.0,1.0004,408703.3831701197,915
1590105600,1.0005,1.0014,0.9995,1.0,372241.5422090496,518
1590192000,1.0001,1.0007,0.9993,0.9998,124034.23260441,289
1590278400,0.9998,1.0027,0.9993,1.0001,150624.10659435,382
1590364800,1.0008,1.0013,0.9994,1.0001,86905.9452056501,308
1590451200,1.0004,1.001,0.999,1.0003,107463.78899625,216
1590537600,1.0006,1.0013,0.9988,1.0006,118927.6069488701,348
1590624000,0.9997,1.0007,0.9992,0.9994,136301.18887699,393
1590710400,0.9996,1.0026,0.9994,1.0003,164405.2413963602,555
1590796800,1.0004,1.0184,0.9988,1.0002,254572.79819637,606
1590883200,0.9998,1.0014,0.9992,1.0007,334178.1290773602,852
1590969600,1.0009,1.0107,0.9974,0.9995,685250.3009540896,1323
1591056000,0.9995,1.0034,0.9983,1.0007,570280.3313073304,1459
1591142400,1.0002,1.001,0.9988,0.9998,128031.84774724,399
1591228800,0.9999,1.0015,0.9991,1.0001,162068.6951138403,834
1591315200,1.0001,1.002,0.9993,1.0011,141351.8169463401,567
1591401600,1.0009,1.0032,0.9994,1.0002,54268.8953074,176
1591488000,0.9995,1.0013,0.9992,0.9994,101773.17358557,418
1591574400,0.9995,1.0006,0.9983,0.999,115236.04838261,385
1591660800,0.9998,1.0009,0.9986,0.9995,143201.6030370999,517
1591747200,0.9994,1.0014,0.9984,0.9996,179498.4804311102,621
1591833600,0.9992,1.0036,0.9988,1.0014,157758.6992011999,657
1591920000,1.0016,1.0036,1.0,1.0002,94890.31248553,250
1592006400,1.0006,1.0007,0.9994,0.9994,21703.54458322,122
1592092800,1.0,1.001,0.9998,1.0009,107665.2313188999,293
1592179200,1.0007,1.0028,0.9991,0.9991,135651.17661778,437
1592265600,0.9998,1.001,0.9984,1.0004,152637.60863919,318
1592352000,1.0004,1.0022,0.9999,1.0007,123067.95175178,340
1592438400,1.0015,1.0015,1.0004,1.0005,47761.34475995,223
1592524800,1.0011,1.0017,1.0,1.0015,140795.26306143,398
1592611200,1.0015,1.002,1.0001,1.0005,152340.9690597701,410
1592697600,1.0005,1.002,1.0003,1.0009,185219.3716655201,467
1592784000,1.0009,1.0138,0.9992,1.0003,333931.2695590102,563
1592870400,1.0,1.0013,0.9995,1.0008,97704.6086355499,456
1592956800,1.0001,1.0022,0.9997,1.0012,142402.11049184,512
1593043200,1.0012,1.0024,1.0003,1.0006,89842.0107502299,394
1593129600,1.0006,1.002,0.9999,1.001,186579.7489088901,740
1593216000,1.001,1.0024,1.0005,1.0009,242062.6185549599,883
1593302400,1.0009,1.0017,0.9997,1.0003,171571.2726234301,518
1593388800,1.0007,1.036,0.9999,1.0004,406438.45399039,1102
1593475200,1.0004,1.001,0.994,1.0005,345937.6419703299,793
1593561600,1.0,1.0008,0.9992,0.9997,224285.15972445,660
1593648000,0.9996,1.001,0.9994,0.9997,245085.7815458599,916
1593734400,0.9997,1.0058,0.9997,0.9999,260785.0710001996,837
1593820800,1.0,1.0005,0.9995,0.9999,100337.67063144,324
1593907200,0.9998,1.0004,0.9996,0.9997,133778.08468967,376
1593993600,0.9997,1.0008,0.9997,0.9998,348839.8170348704,1218
1594080000,1.0,1.0006,0.9996,1.0001,195839.0558622898,691
1594166400,1.0001,1.0046,0.9993,0.9994,541266.6098528298,1392
1594252800,0.9998,1.00089999,0.9994,1.0002,312102.6853794501,939
1594339200,1.0002,1.0016,0.9997,1.0004,276045.2589178996,993
1594425600,1.0002,1.001,0.9998,1.0004,131906.0602044498,661
1594512000,1.0,1.0004,0.9996,1.0001,238049.8515197504,892
1594598400,1.0,1.0093,0.9998,1.0005,344439.8322014002,1038
1594684800,1.0005,1.00099999,0.9988,1.0002,368764.63774401,848
1594771200,1.0002,1.0057,1.0002,1.0011,467756.0633094104,1559
1594857600,1.001,1.0018,1.0003,1.0006,280476.57187783,917
1594944000,1.0002,1.0013,1.0,1.0003,187898.9555934803,636
1595030400,1.0003,1.0006,0.9993,0.9998,94482.31302692,338
1595116800,0.9999,1.0032,0.9997,0.9998,189174.4900458499,755
1595203200,0.9999,1.0116,0.9996,0.9999,184783.9914839702,677
1595289600,0.9999,1.0005,0.9991,0.9995,237411.8228287906,768
1595376000,0.9995,1.0003,0.998,0.999,296263.8793609198,1117
1595462400,0.9989,0.9997,0.9981,0.9995,355196.3697126593,1769
1595548800,0.9996,0.9996,0.9982,0.9987,260690.7794467699,1500
1595635200,0.9987,0.9992,0.9981,0.9988,385083.0048541604,1972
1595721600,0.9988,0.9997,0.9958,0.9991,654396.5191837712,2777
1595808000,0.9991,0.9995,0.9971,0.9982,772996.2904316898,3007
1595894400,0.9982,1.0025,0.9976,0.998,704051.5592904194,2590
1595980800,0.998,0.9998,0.9302,0.999,492981.9388506201,1835
1596067200,0.9992,1.0003,0.9982,0.9989,458656.210722229,1741
1596153600,0.9986,0.9995,0.9907,0.9985,307258.7183181403,988
1596240000,0.9985,0.9996,0.9972,0.9985,419920.6374594904,1788
1596326400,0.9986,1.0003,0.9899,0.9999,779111.4198948207,2783
1596412800,1.0001,1.0005,0.9986,0.9998,412536.9262948412,1738
1596499200,0.9998,1.0021,0.9989,0.9996,298963.9529388999,1155
1596585600,0.9997,1.0001,0.9974,0.9993,314299.0938583803,965
1596672000,0.9992,0.9996,0.9977,0.9989,337593.7847049002,1242
1596758400,0.9989,1.0,0.9987,0.999,390509.5436980498,1531
1596844800,0.9988,0.9996,0.9984,0.9993,345089.7626326196,1515
1596931200,0.9991,0.9995,0.9984,0.9994,355272.1351648704,1753
1597017600,0.9993,0.9995,0.9977,0.9991,640806.8946468289,2063
1597104000,0.9992,1.0025,0.9984,1.0004,517431.7409164587,2081
1597190400,1.0004,1.0044,0.999,0.9998,467486.1743071199,1973
1597276800,0.9997,1.0002,0.998,0.9988,506749.6029999295,1752
1597363200,0.9989,1.0003,0.9979,0.999,391947.2875645398,1363
1597449600,0.9991,1.0,0.9986,0.9991,307070.8664700199,1317
1597536000,0.9993,1.0002,0.9992,0.9999,421136.2767967695,1490
1597622400,0.9996,1.0001,0.9973,0.999,481634.9300452786,1660
1597708800,0.9987,1.0023,0.9986,0.9992,498714.5347126601,1755
1597795200,0.9992,1.0003,0.9989,0.9997,445938.3969470004,1611
1597881600,0.9996,1.0003,0.9986,0.9992,673697.8817105398,1707
1597968000,0.9992,1.001,0.9987,0.9998,1150539.335235432,2467
1598054400,1.0001,1.0005,0.9992,0.9994,510734.9541334195,1660
1598140800,0.9995,0.9999,0.999,0.9996,353951.1462333694,1225
1598227200,0.9997,1.0016,0.996,0.9996,463453.80634438,1518
1598313600,0.9996,1.0011,0.9992,0.9997,485592.8253249103,1667
1598400000,0.9997,1.0001,0.9952,0.9995,448126.6548897701,1753
1598486400,0.9995,1.0001,0.9991,0.9997,495522.5141783815,1686
1598572800,0.9995,1.0001,0.9959,0.9995,378073.9348753797,1106
1598659200,0.9995,1.0,0.999,0.9995,350296.3026765104,1221
1598745600,0.9996,1.0004,0.9994,0.9997,313393.7118378396,1438
1598832000,0.9998,1.0018,0.9988,0.9998,452879.9022212393,1499
1598918400,0.9996,1.0007,0.9974,0.9997,588200.576180599,1986
1599004800,0.9996,1.0012,0.9961,0.9992,607851.0940658102,1595
1599091200,0.9993,1.0024,0.9975,0.9987,701884.6141555408,1890
1599177600,0.9987,0.9997,0.9978,0.9996,763576.4872012998,2716
1599264000,0.9995,1.0016,0.9987,0.9996,777848.5170135807,2532
1599350400,0.9998,1.0007,0.9995,0.9999,395925.0287067101,1776
1599436800,0.9999,1.0012,0.9992,1.0,451602.0977114096,1993
1599523200,1.0,1.0025,0.9986,1.0,464698.1687222215,1894
1599609600,1.0,1.001,0.999,0.9999,348196.1780526195,1399
1599696000,0.9999,1.0001,0.9988,0.9998,336433.4377440494,1486
1599782400,1.0,1.0021,0.9992,0.9992,351146.0609044807,1444
1599868800,0.9998,1.0004,0.9992,0.9998,184395.5606779204,966
1599955200,0.9998,1.0019,0.9996,0.9999,512757.4568683997,1422
1600041600,0.9999,1.0004,0.9991,1.0,347725.5353899,1500
1600128000,0.9998,1.0022,0.9994,0.9999,415526.596645791,1982
1600214400,1.0,1.0099,0.9995,0.9998,531362.4761015206,2169
1600300800,0.9997,1.002,0.9995,1.0,212518.0479780691,1557
1600387200,1.0,1.0062,0.999,1.0,460487.5819405801,860
1600473600,1.0001,1.0004,0.9997,0.9999,299133.7655471403,457
1600560000,1.0003,1.0007,0.9996,1.0002,112605.55378061,288
1600646400,1.0002,1.0008,0.9996,0.9999,219500.0425134602,1079
1600732800,0.9999,1.0005,0.9995,1.0,221576.6730918496,1752
1600819200,1.0001,1.001,0.9993,1.0005,520071.7061383104,2200
1600905600,1.0006,1.0013,0.9996,0.9999,273115.6605917797,1948
1600992000,1.0,1.0004,0.9993,0.9995,298899.8293248895,2025
1601078400,0.9995,1.0,0.9993,0.9997,154756.3111930301,1814
1601164800,0.9997,1.0001,0.9993,0.9996,171965.5481323698,1531
1601251200,0.9998,1.0016,0.9979,1.0,215349.8466761297,1371
1601337600,1.0,1.0012,0.9997,1.0002,279320.0430802798,1117
1601424000,1.0001,1.0048,0.9991,1.0001,402054.8086512003,1495
1601510400,1.0003,1.0007,0.9994,1.0,202870.4314263599,1300
1601596800,1.0,1.0005,0.9996,0.9998,299753.2298009603,1603
1601683200,0.9998,1.0003,0.9995,0.9998,81458.4842766799,726
1601769600,0.9998,1.0068,0.9995,0.9998,254946.1047100804,848
1601856000,0.9997,1.0006,0.9945,0.9999,511518.6318787502,1717
1601942400,1.0,1.0012,0.9996,1.0002,179906.50130677,784
1602028800,1.0002,1.0012,0.9994,1.0,675739.8173162899,1341
1602115200,1.0,1.0005,0.9991,0.9995,153925.6820469202,884
1602201600,0.9995,1.0011,0.9989,0.9994,273874.2954564499,1162
1602288000,0.9994,1.0004,0.9991,0.9992,181522.16842016,1272
1602374400,0.9992,1.0006,0.996,1.0,157758.1958230001,1333
1602460800,1.0,1.0007,0.9993,0.9997,244828.3003154803,1277
1602547200,0.9996,1.0037,0.9956,0.9995,248937.7345978606,1273
1602633600,0.9996,1.0014,0.9986,0.9995,194947.8233105999,979
1602720000,0.9994,1.0002,0.9993,0.9996,245314.7533998302,1393
1602806400,0.9996,1.0012,0.9992,0.9995,280143.9794681696,1664
1602892800,0.9995,1.0001,0.9993,0.9996,92640.29171007,600
1602979200,0.9996,0.9999,0.9951,0.9996,136604.12720789,1403
1603065600,0.9996,1.0003,0.9993,0.9995,249115.9726210899,1327
1603152000,0.9994,1.0004,0.9989,0.9991,252091.8882421101,1183
1603238400,0.9992,1.0001,0.9918,0.998,519130.84917441,1898
1603324800,0.998,1.0001,0.9978,0.9987,380584.3155915496,1830
1603411200,0.9987,1.0007,0.9973,0.9991,432810.6794818,1643
1603497600,0.9991,0.9996,0.9982,0.9988,210568.9188893302,953
1603584000,0.9989,0.9993,0.9986,0.9992,101327.7978254699,637
1603670400,0.9991,1.0,0.9988,0.9988,417828.2021801593,2018
1603756800,0.9989,1.0001,0.9982,0.9993,539215.3120532599,2231
1603843200,0.9993,1.0115,0.9991,0.9996,582816.2885227507,2187
1603929600,0.9995,1.0,0.9984,0.9994,455491.5942132497,2145
1604016000,0.9994,0.9997,0.9941,0.9992,504078.421188169,2012
1604102400,0.9992,0.9998,0.9989,0.9992,213320.6869178801,904
1604188800,0.9992,0.9995,0.9989,0.9992,87149.56046816,816
1604275200,0.9992,1.0007,0.9977,0.9991,337336.1699140699,1278
1604361600,0.9992,1.0035,0.999,0.9995,514264.2354547303,1864
1604448000,0.9994,0.9999,0.9987,0.9987,403468.8183223998,2062
1604534400,0.999,0.9998,0.9975,0.9987,663250.393398888,2554
1604620800,0.9987,1.0,0.9982,0.9987,603704.7333306986,2907
1604707200,0.9988,1.0003,0.9977,0.9988,614409.5104420794,3109
1604793600,0.9988,0.9995,0.9984,0.9994,545733.9059204189,2770
1604880000,0.9992,0.9998,0.9982,0.9992,519775.4597210903,2474
1604966400,0.9992,1.0003,0.9985,0.999,619369.2939575295,2471
1605052800,0.9989,0.9992,0.9981,0.999,419586.6737293701,2188
1605139200,0.9989,1.001,0.998,0.999,725144.3679412412,3072
1605225600,0.999,1.0023,0.9982,0.9988,544063.6582531304,2373
1605312000,0.9988,0.9996,0.9962,0.999,484717.0913474406,2314
1605398400,0.999,1.0012,0.9989,0.9993,343068.2786670903,1860
1605484800,0.9993,1.0011,0.9959,0.9992,450171.3714053603,2241
1605571200,0.9993,1.0005,0.9985,0.999,778497.5691720293,3015
1605657600,0.9989,1.0031,0.9958,0.9991,847474.7993773093,3059
1605744000,0.9992,1.0015,0.9988,0.9989,744459.0207359995,2983
1605830400,0.999,0.9999,0.9986,0.9992,827501.0372692656,3773
1605916800,0.9991,0.9996,0.9984,0.9992,513263.9797680196,3155
1606003200,0.9992,1.0,0.9894,0.999,719770.8239930841,3698
1606089600,0.9989,1.0,0.9986,0.999,830771.6977400921,3594
1606176000,0.999,1.0,0.997,0.9992,1141637.616509475,4961
1606262400,0.9992,1.0019,0.9978,0.9999,953071.8082061579,3004
1606348800,0.9999,1.0039,0.94,0.9991,1171491.4987578352,4078
1606435200,0.9989,1.0035,0.9988,0.9995,263448.8287078699,1072
1606521600,0.9995,0.9998,0.9985,0.9995,187141.8544839697,1022
1606608000,0.9993,1.0019,0.9986,0.9992,330700.41616499,1559
1606694400,0.9992,1.0101,0.9967,0.9994,1046659.9589619996,2877
1606780800,0.9996,1.0005,0.9975,0.9992,718674.8425856247,2563
1606867200,0.9992,1.0023,0.999,0.9994,446027.1501553402,1776
1606953600,0.9994,1.0049,0.999,0.9992,545623.9058341085,2147
1607040000,0.9992,1.0,0.9963,0.9998,563744.4062303512,2562
1607126400,0.9999,1.0,0.9988,0.9996,307514.20221193,1849
1607212800,0.9995,1.0003,0.9992,0.9995,253359.05506141,1654
1607299200,0.9993,1.0003,0.999,0.9996,591248.838773951,2261
1607385600,0.9997,1.001,0.9995,1.0005,476368.7359355598,2285
1607472000,1.0007,1.0009,0.9985,0.9997,512787.12551476,2744
1607558400,0.9997,1.0012,0.9996,0.9998,897336.9711674278,3180
1607644800,0.9998,1.0012,0.9968,0.9998,603296.602757158,3156
1607731200,1.0,1.0005,0.9993,0.9996,287897.1102189994,1519
1607817600,0.9995,1.0007,0.9993,1.0006,232037.5500142402,1142
1607904000,1.0005,1.0024,0.9998,1.0003,330330.4477638904,1216
1607990400,1.0004,1.0009,0.9994,0.9997,680470.1563277589,2120
1608076800,0.9996,1.0009,0.9972,0.999,1138893.8471417807,3468
1608163200,0.9992,1.0019,0.9971,0.9997,2245364.5426580575,6326
1608249600,0.9996,1.0013,0.9987,0.9989,857765.2355310199,2821
1608336000,0.999,1.0003,0.9982,0.9991,694911.5156763495,2714
1608422400,0.9991,1.0,0.9982,0.9993,1042683.8967382078,3522
1608508800,0.9993,1.0012,0.998,0.9999,1313576.6426339855,3777
1608595200,1.0,1.0023,0.9993,0.9999,1005200.4864552605,2715
1608681600,1.0,1.0033,0.9991,1.0002,1614216.8951289433,4550
1608768000,1.0002,1.0049,0.999,1.0003,1248407.9828874099,3679
1608854400,1.0001,1.0046,0.9998,1.0003,737431.4772323386,3266
1608940800,1.0004,1.0012,0.9994,1.0007,687465.6232544585,2995
1609027200,1.0005,1.0043,1.0001,1.0012,1387054.7652790018,4243
1609113600,1.0013,1.0086,0.9981,1.0016,1440292.5748067808,5445
1609200000,1.0016,1.004,0.998,1.0009,1534117.0920794294,5139
1609286400,1.0009,1.0068,0.9993,0.9996,1521841.4616198582,4633
1609372800,0.9996,1.0005,0.9986,0.9989,1510277.2971231756,3301
1609459200,0.9989,1.003,0.9974,0.9974,1594825.0238304453,4486
1609545600,0.9976,1.0087,0.9966,0.9995,5165230.431620137,9514
1609632000,0.9995,1.0051,0.9949,0.9988,4678196.082748228,14325
1609718400,0.9987,1.0041,0.9947,0.9994,4068594.5604127366,11421
1609804800,0.9995,1.0016,0.9951,0.9968,1853405.6467405646,4731
1609891200,0.9969,1.0073,0.9936,0.9977,3238478.104227857,7947
1609977600,0.9978,1.0096,0.9959,0.9988,4576609.0742322225,10026
1610064000,0.9989,1.0067,0.9945,0.9987,2649394.372700735,6609
1610150400,0.9987,1.0025,0.9953,0.9963,1449131.5566012166,3946
1610236800,0.9963,1.0061,0.9952,0.9998,2591584.1018375764,7425
1610323200,1.0002,1.0119,0.9943,0.9992,4898375.280142827,12865
1610409600,0.9991,1.003,0.9947,1.0002,2495507.39625103,5640
1610496000,1.0002,1.0041,0.995,0.9998,2891827.6455257563,5824
1610582400,0.9995,13.0,0.9959,1.0011,2919114.3332860195,5368
1610668800,1.001,1.0099,0.9993,0.9998,2776688.075534445,5248
1610755200,1.0,1.0047,0.995,1.0,2352460.0024631005,5345
1610841600,1.0002,1.0025,0.9957,1.0,2094389.2194821525,3888
1610928000,1.0002,1.0019,0.9959,0.9998,2159625.306131209,4049
1611014400,0.9998,1.0019,0.9961,0.9995,2651513.9926403994,5682
1611100800,0.9995,1.0019,0.9961,0.9993,2691180.3051811205,5215
1611187200,0.9993,1.0032,0.9957,1.0007,4103200.623839088,8056
1611273600,1.0007,1.0015,0.9975,0.9991,3565787.21852745,6319
1611360000,0.9991,0.9999,0.9984,0.9992,1234446.9859458203,3146
1611446400,0.9991,1.0,0.9982,0.999,1615941.3050348053,3735
1611532800,0.9989,1.001,0.9964,0.9999,2259943.6150396466,6047
1611619200,0.9998,1.0001,0.9983,0.999,1363089.3621544954,4416
1611705600,0.9989,1.012,0.9907,0.9982,3724455.5115442923,6562
1611792000,0.9983,1.0005,0.9939,0.9972,1685109.6954476817,4139
1611878400,0.9976,1.002,0.996,0.9995,4008147.3905674256,5963
1611964800,0.9996,1.0004,0.9986,0.999,1094014.9623294207,2881
1612051200,0.999,1.002,0.9956,0.9991,1937639.8176443845,4549
1612137600,0.9991,1.002,0.9982,0.9992,2321250.1352956416,5670
1612224000,0.9996,1.0004,0.9961,0.9991,2188676.616266858,5709
1612310400,0.9991,1.0007,0.9976,0.9985,3625357.411311225,7398
1612396800,0.9986,1.0038,0.997,0.9989,3288299.530738804,6357
1612483200,0.9988,1.0033,0.9936,0.9991,3271449.2084201737,6088
1612569600,0.9993,1.0019,0.9965,0.9981,1958755.1101050999,4034
1612656000,0.9982,1.0013,0.9951,0.9985,1386570.2026554134,3618
1612742400,0.9981,1.15,0.9886,0.9987,5001162.475285745,7732
1612828800,0.9987,1.002,0.9951,0.9986,2362865.514958974,4666
1612915200,0.9985,1.0114,0.9932,0.9993,3843541.845654429,5804
1613001600,0.9994,1.0049,0.9958,0.9995,3613664.383443708,8296
1613088000,0.9997,1.0002,0.9952,0.9978,2764063.5591986384,7388
1613174400,0.998,1.0093,0.991,0.9987,2439049.581647614,4873
1613260800,0.9988,1.0023,0.9974,0.999,2580695.0903291763,4649
1613347200,0.9989,1.0093,0.9964,0.9996,3117183.999266912,8025
1613433600,0.9996,1.0036,0.9959,0.9999,3921433.814052447,8299
1613520000,0.9999,1.0008,0.9961,0.9991,3079430.0540786553,5299
1613606400,0.9991,1.001,0.996,0.9998,3712252.936442901,5994
1613692800,0.9999,1.0083,0.9989,0.9993,6844284.463077856,9883
1613779200,0.9994,1.001,0.9968,0.9992,7005601.929547958,13410
1613865600,0.9992,1.0015,0.8649,0.9988,6027837.379271024,9317
1613952000,0.9988,1.0035,0.9931,0.9993,7664352.737019468,12357
1614038400,0.9994,1.0035,0.9928,0.9997,7181812.9067791365,13365
1614124800,0.9999,1.0004,0.9931,0.9993,3069125.736829452,5804
1614211200,0.9993,1.0019,0.9989,1.0002,1618389.4964799816,2622
1614297600,1.0002,1.0019,0.9994,0.9999,8835665.447964223,7236
1614384000,0.9999,1.0019,0.9989,0.9991,5773704.989914616,7631
1614470400,0.999,1.0019,0.9936,0.9982,4546631.258792705,5515
1614556800,0.9982,1.0,0.9971,0.9993,3944975.4286104166,5096
1614643200,0.9993,1.014,0.9103,0.9991,4508865.467229328,5982
1614729600,0.9991,1.0006,0.9989,0.9995,3836394.171455089,6105
1614816000,0.9996,1.0072,0.9992,1.0001,7052935.790349711,7848
1614902400,1.0002,1.0012,0.9987,0.9995,3713234.9459315757,3806
1614988800,0.9998,1.0008,0.9995,0.9996,1588012.0998935713,2213
1615075200,0.9996,1.0002,0.9987,0.9997,2926743.682951334,3355
1615161600,0.9996,1.0005,0.9992,0.9997,3852819.0206950293,4715
1615248000,0.9997,1.0023,0.9992,0.9995,4259631.804033381,5982
1615334400,0.9995,1.0077,0.9979,0.9999,5555786.733190234,6013
1615420800,0.9999,1.0049,0.9976,0.9998,1914617.9362849253,2600
1615507200,0.9998,1.0048,0.9974,1.0,2522613.6734351637,2873
1615593600,1.0,1.0017,0.998,1.0004,3812089.639390252,4839
1615680000,1.0004,1.0018,0.9984,0.9999,2515942.2106044805,3776
1615766400,0.9999,1.0017,0.9975,0.9999,3242976.6381161106,4410
1615852800,1.0,1.001,0.9981,0.9997,2060201.403984524,3431
1615939200,0.9999,1.001,0.9899,0.9997,1756455.1627274845,2800
1616025600,1.0,1.16,0.9992,1.0,2606014.264890028,2886
1616112000,1.0003,1.0012,0.9997,0.9999,2155677.805222422,2719
1616198400,1.0,1.0016,0.9996,0.9998,7001267.2039729785,7298
1616284800,1.0001,1.0001,0.9969,0.9997,3615235.7700935095,4318
1616371200,0.9997,1.001,0.9951,0.9998,4170100.6780121373,5571
1616457600,0.9995,1.0016,0.9951,0.9997,1470429.335858041,2644
1616544000,1.0,1.0016,0.998,1.0001,3573909.7184056435,4285
1616630400,1.0002,1.0025,0.9991,0.9998,2619610.692602834,4081
1616716800,0.9999,1.0049,0.999,0.9995,4970274.304550654,6857
1616803200,0.9995,1.0027,0.9961,0.9997,1790307.9316967106,2622
1616889600,0.9997,1.0027,0.9995,1.0003,1571157.6567414338,2771
1616976000,1.0003,1.0027,0.9996,1.0001,1716736.5975799456,3748
1617062400,1.0001,1.0049,0.9967,0.9996,2500375.348553269,4151
1617148800,0.9996,1.0012,0.9966,0.9996,2942281.288180865,4574
1617235200,0.9996,1.003,0.9993,1.0001,3604961.3892203243,5076
1617321600,1.0001,1.0022,0.999,1.0,1824515.0401387755,3086
1617408000,1.0,1.003,0.9992,0.9998,5153260.094187267,7779
1617494400,0.9998,1.0001,0.9989,1.0,5447427.741122471,8488
1617580800,0.9998,1.0014,0.9864,1.0001,6760623.779536712,8899
1617667200,1.0001,1.0024,0.9987,0.9999,8401458.774659464,11040
1617753600,1.0,1.01,0.9985,1.0004,9437609.54362041,12625
1617840000,1.0004,1.0017,0.9996,1.0,8606658.810805026,9054
1617926400,1.0,1.001,0.9993,1.0003,4591175.349612298,6690
1618012800,1.0004,1.0023,0.9999,1.0004,4543726.835548315,8098
1618099200,1.0004,1.0021,1.0002,1.0006,4134328.8593983892,6468
1618185600,1.0007,1.001,0.9994,1.0004,8802815.710233307,10914
1618272000,1.0005,1.0029,0.9986,0.9999,5858829.999175615,7585
1618358400,0.9999,1.0007,0.9983,1.0,4159534.696117005,6345
1618444800,1.0,1.0028,0.9984,0.9991,9417878.156344876,8380
1618531200,0.9988,1.0,0.9971,0.9987,5614590.692812726,7169
1618617600,0.9987,1.0001,0.9983,0.9992,4400021.405802164,6840
1618704000,0.9991,1.0017,0.987,0.9981,12012932.046093138,15283
1618790400,0.9982,1.0006,0.9889,0.9992,4750418.153986342,9571
1618876800,0.9992,1.0005,0.9955,0.9991,4753042.237391927,12217
1618963200,0.999,1.0029,0.87,0.9997,5566855.481550814,12078
1619049600,0.9997,1.0023,0.9961,0.9999,13720853.910162335,25271
1619136000,0.9999,1.0014,0.9982,0.9992,20878178.226706687,29363
1619222400,0.9992,0.9997,0.9985,0.9988,8458748.599483572,11833
1619308800,0.9988,0.9999,0.9986,0.9989,12616581.655271454,18121
1619395200,0.9989,0.9995,0.9978,0.9993,17764773.80722596,28800
1619481600,0.9993,1.16,0.9977,0.999,14571304.22631944,16079
1619568000,0.999,1.1469,0.9967,0.999,18636656.34733488,18787
1619654400,0.9991,1.0001,0.9984,0.9996,13088571.879398167,18852
1619740800,0.9996,1.0003,0.9984,0.9989,8705675.4095685,11511
1619827200,0.9989,1.0003,0.9984,0.999,5598343.397561161,10248
1619913600,0.9991,1.0,0.9986,0.9992,5279559.774719049,9544
1620000000,0.9994,1.0003,0.9982,0.9991,11158027.12774448,16622
1620086400,0.9991,0.9999,0.9988,0.9994,21712829.35454617,25106
1620172800,0.9996,1.0001,0.9984,0.9989,13816513.34735297,14974
1620259200,0.9988,0.9999,0.9982,0.9993,12024668.893408056,13596
1620345600,0.9994,0.9998,0.9985,0.9992,12095891.748562722,14018
1620432000,0.9991,1.0003,0.9979,0.9985,9027382.422673697,8673
1620518400,0.9985,1.0011,0.9975,0.9989,19086099.100581784,19795
1620604800,0.9989,0.9999,0.9976,0.999,15981659.315784547,15899
1620691200,0.999,1.0026,0.9975,0.9987,15213935.895279314,18276
1620777600,0.9987,1.0005,0.9975,1.0001,14060115.297526915,18194
1620864000,1.0001,1.0008,0.9971,0.9999,18867118.316996373,20336
1620950400,0.9999,1.0003,0.9974,0.999,16158781.108773816,17589
1621036800,0.999,1.0003,0.9976,0.9996,16518024.326394906,15647
1621123200,0.9995,1.0005,0.9991,0.9996,17396192.518491898,17552
1621209600,0.9996,1.0005,0.9987,0.9996,20076343.922520176,18924
1621296000,0.9996,1.0002,0.9972,0.9993,21701114.97158518,19188
1621382400,0.9993,1.004,0.99,0.9978,24603134.963833928,20523
1621468800,0.998,1.0035,0.9701,0.9978,33284251.22035818,31220
1621555200,0.998,0.9998,0.9965,0.9985,24299925.79190141,26135
1621641600,0.9985,0.9996,0.9956,0.999,18101859.043960385,19026
1621728000,0.9992,1.13,0.9984,0.9986,32239648.223474298,29211
1621814400,0.9985,0.9996,0.9965,0.9989,24522186.05071415,28071
1621900800,0.9989,0.9994,0.9976,0.9989,31548564.32299738,36929
1621987200,0.9989,0.9992,0.9966,0.9987,23618001.112217743,24052
1622073600,0.9987,0.9993,0.9983,0.9991,16683871.929779835,18086
1622160000,0.9991,1.0,0.9983,0.9996,12967240.823901717,10375
1622246400,0.9996,1.0,0.9988,0.9993,15453665.337548638,10177
1622332800,0.9993,1.0,0.999,0.9994,8695281.2158951,7053
1622419200,0.9995,1.0,0.999,0.9996,9342055.627553903,8944
1622505600,0.9996,1.0047,0.9995,1.0002,5617437.178212481,5230
1622592000,1.0002,1.0004,0.9996,1.0,5933842.591250258,5422
1622678400,1.0,1.001,0.9994,1.0,8462054.642833924,8177
1622764800,1.0,1.0001,0.9991,0.9995,8738514.745844739,8385
1622851200,0.9994,1.0,0.9993,0.9997,6078222.713044083,5699
1622937600,0.9997,1.0,0.9993,0.9998,5096754.081430163,5459
1623024000,0.9998,1.0003,0.9991,0.9996,10100899.668664213,8589
1623110400,0.9996,1.0017,0.9986,0.9993,17704833.62719022,15091
1623196800,0.9993,0.9997,0.9989,0.9994,9284709.48909614,7984
1623283200,0.9994,0.9999,0.9992,0.9997,7829077.156490554,7766
1623369600,0.9997,1.0001,0.9994,1.0001,6559594.813815518,5479
1623456000,1.0,1.0001,0.9995,1.0,5687006.938364096,5668
1623542400,1.0,1.001,0.9995,1.0,7207346.277294334,6100
1623628800,1.0,1.0004,0.9994,0.9998,12833766.70853907,9900
1623715200,0.9997,1.0003,0.9995,0.9999,4592417.681015058,3879
1623801600,0.9999,1.0003,0.9992,1.0002,9452803.306247449,7801
1623888000,1.0002,1.0006,0.9998,0.9999,6707713.851580122,13609
1623974400,0.9999,1.0001,0.9993,0.9995,10734315.028853497,16212
1624060800,0.9997,0.9999,0.9982,0.9997,5911715.382189934,9181
1624147200,0.9997,1.0013,0.9996,1.0002,7616636.099769404,12718
1624233600,1.0001,1.0008,0.9995,1.0002,11956472.457464227,17607
1624320000,1.0001,1.0009,0.999,0.9998,23063360.40970262,19378
1624406400,0.9996,1.0002,0.9993,0.9998,11161557.621838598,9490
1624492800,0.9998,1.001,0.9996,1.0002,6149146.704939077,12463
1624579200,1.0002,1.0006,0.9998,1.0,12925840.61839764,22530
1624665600,1.0,1.0022,0.9997,1.0001,12381317.850143887,19980
1624752000,1.0001,1.0003,0.9997,0.9998,4536419.066069116,6906
1624838400,0.9998,1.0001,0.9995,0.9999,8092976.223392623,7201
1624924800,0.9999,1.0003,0.9994,1.0,7502287.76015515,6342
1625011200,0.9999,1.0001,0.999,0.9999,7187413.153596305,8831
1625097600,0.9997,1.0003,0.9995,0.9999,8328481.601717169,11192
1625184000,1.0,1.0003,0.9997,0.9999,4610780.956090333,9578
1625270400,0.9998,1.0005,0.9996,0.9998,5606343.085650019,6922
1625356800,1.0,1.0001,0.9997,1.0,4377449.795841625,8051
1625443200,1.0,1.004,0.9996,0.9997,11398914.804915227,17693
1625529600,0.9997,1.0001,0.999,1.0,6641011.38063006,12999
1625616000,1.0,1.0001,0.9995,0.9997,8182036.906566927,13490
1625702400,0.9997,1.0004,0.9995,1.0,9215247.779723203,17401
1625788800,1.0001,1.0003,0.9997,1.0001,5094467.111603124,11582
1625875200,1.0001,1.0003,0.9998,1.0001,3793235.8429888063,7531
1625961600,1.0002,1.0004,0.9998,1.0,3271741.59590969,7398
1626048000,1.0,1.0008,0.9998,1.0001,5596996.510023423,8966
1626134400,1.0001,1.0003,0.9996,1.0001,5879614.277166307,10401
1626220800,1.0001,1.0002,0.9996,1.0,7731038.456352745,19496
1626307200,1.0,1.0008,0.9993,1.0001,8962347.987503752,16061
1626393600,1.0001,1.0007,0.999,0.9998,10323515.39929877,22421
1626480000,0.9997,1.0,0.9996,0.9999,2098260.7234249045,5341
1626566400,0.9999,1.0001,0.9995,0.9999,2461905.4026387306,3911
1626652800,0.9999,1.0005,0.9998,1.0,4966347.531999243,11120
1626739200,1.0001,1.0003,0.9996,0.9999,8907956.888165617,16284
1626825600,0.9999,1.0003,0.9993,1.0,13744929.937223842,24122
1626912000,1.0,1.0004,0.9997,0.9999,13328747.140512766,21569
1626998400,0.9998,1.0,0.9996,0.9997,3317097.760539722,2540
1627084800,0.9998,0.9999,0.9988,0.9996,3449104.992826932,2371
1627171200,0.9994,0.9996,0.9989,0.9991,4935285.693730389,3618
1627257600,0.9992,1.0018,0.9987,0.9998,24728743.86869111,30064
1627344000,0.9998,1.0015,0.9993,0.9998,14751379.823458383,20183
1627430400,0.9997,1.0014,0.9988,0.9998,24423382.770433396,31597
1627516800,0.9998,1.0002,0.9995,0.9998,9721326.256955173,16237
1627603200,0.9998,1.0003,0.9992,0.9995,12547900.342754338,19766
1627689600,0.9995,1.0,0.9992,0.9993,10096760.299392084,15475
1627776000,0.9993,0.9999,0.99,0.9997,12041982.230081905,20348
1627862400,0.9997,1.0001,0.9994,0.9999,8986237.312010065,17259
1627948800,0.9999,1.0002,0.9996,1.0001,9297511.15962394,16912
1628035200,1.0001,1.0004,0.9997,1.0001,10509231.631140767,16256
1628121600,1.0001,1.0009,0.9993,0.9995,18640142.524253745,23887
1628208000,0.9996,0.9999,0.999,0.9996,12011121.312306566,16688
1628294400,0.9996,0.9998,0.999,0.9993,16201771.709124006,19162
1628380800,0.9993,0.9996,0.999,0.9994,10616397.903074263,18194
1628467200,0.9994,1.0,0.9986,0.9998,13459459.715991333,18489
1628553600,0.9998,1.0,0.9994,0.9998,11882418.26935436,20436
1628640000,0.9998,1.0013,0.9985,0.9996,15781007.969058994,19320
1628726400,0.9996,1.0,0.9992,0.9997,16453989.746150449,22996
1628812800,0.9997,0.9999,0.9842,0.9998,17921510.437839154,24175
1628899200,0.9996,0.9998,0.9987,0.9993,13178073.375299491,18436
1628985600,0.9993,0.9995,0.999,0.9993,18655296.970347866,28183
1629072000,0.9993,0.9999,0.951,0.9998,22506954.877822477,26508
1629158400,0.9998,1.0003,0.9995,1.0001,20989849.034956016,31660
1629244800,1.0001,1.0002,0.9994,0.9998,26669999.451978445,41096
1629331200,0.9998,1.0002,0.9997,1.0,16111561.639909917,26221
1629417600,1.0,1.0082,0.9994,0.9996,18603414.309497595,28056
1629504000,0.9995,0.9998,0.9931,0.9993,18205608.422557466,19239
1629590400,0.9993,0.9997,0.999,0.9993,11896036.694129692,19122
1629676800,0.9993,0.9999,0.999,0.9998,14351777.507970357,23202
1629763200,0.9997,1.0001,0.9993,0.9998,16090388.297200562,23522
1629849600,0.9998,1.0008,0.9993,0.9999,15445523.87935701,21471
1629936000,0.9999,1.0008,0.9995,0.9998,23870168.2342174,33438
1630022400,0.9998,0.9999,0.9992,0.9994,21774596.829189505,34076
1630108800,0.9994,0.9998,0.9993,0.9994,9838999.63351385,16278
1630195200,0.9994,1.0,0.9992,0.9993,11046815.3614189,17435
1630281600,0.9993,0.9997,0.9979,0.9996,13169508.298202183,24479
1630368000,0.9996,1.0001,0.9995,0.9998,22362219.69128504,37092
1630454400,0.9997,0.9999,0.9992,0.9996,20199493.322662685,29853
1630540800,0.9996,1.0006,0.9989,0.9996,16893009.285298232,22953
1630627200,0.9996,0.9999,0.9994,0.9996,15744285.430762667,25108
1630713600,0.9997,0.9998,0.999,0.9995,9927910.76670093,16001
1630800000,0.9995,0.9999,0.9992,0.9995,9292499.526216285,15633
1630886400,0.9994,1.0003,0.9993,0.9996,10659930.485450143,16305
1630972800,0.9996,1.0008,0.99,0.9996,23009436.519277617,30885
1631059200,0.9996,1.0001,0.9994,0.9997,23674238.115455203,31141
1631145600,0.9998,1.0005,0.9995,0.9999,15517318.414603977,22581
1631232000,1.0,1.0017,0.9996,1.0,12465068.315255092,14787
1631318400,1.0,1.0012,0.9996,0.9999,8621151.406959176,9280
1631404800,0.9999,1.0012,0.9997,0.9999,5548086.039155253,7084
1631491200,1.0,1.0001,0.9995,0.9997,19544955.23673037,22690
1631577600,0.9997,1.002,0.9992,0.9998,13286381.399696618,14084
1631664000,0.9997,1.0,0.9993,0.9997,8900965.170782933,9819
1631750400,0.9997,1.002,0.9994,0.9998,6181592.581150145,5813
1631836800,0.9998,1.0006,0.9896,0.9999,7347908.886747138,3733
1631923200,0.9999,1.0011,0.9997,0.9999,3174271.628299571,2262
1632009600,0.9998,1.0,0.9996,1.0,3245572.761781971,2500
1632096000,0.9999,1.05,0.9995,1.0002,14147806.272129487,8895
1632182400,1.0002,1.0018,0.9999,1.0002,9309040.41209256,7627
1632268800,1.0001,1.0006,0.9985,0.9996,13210718.600552604,9396
1632355200,0.9995,0.9999,0.999,0.9994,8819813.898733767,7949
1632441600,0.9995,1.0,0.9988,0.9993,12202040.070530029,9227
1632528000,0.9993,0.9997,0.9987,0.9994,2888162.7860258548,2435
1632614400,0.9994,0.9999,0.9991,0.9996,10180005.210081268,5930
1632700800,0.9995,1.0,0.9993,0.9998,5263131.647570449,3981
1632787200,0.9997,1.0005,0.9995,1.0,13163952.755762592,6571
1632873600,1.0,1.0012,0.9998,1.0003,3763824.9410031014,2918
1632960000,1.0001,1.0006,0.9998,1.0,8252825.369365124,5538
1633046400,1.0,1.0001,0.9992,0.9996,10038713.144462423,8375
1633132800,0.9995,0.9998,0.9992,0.9995,4451108.506956281,3862
1633219200,0.9997,0.9998,0.9989,0.9993,4848175.638133681,3257
1633305600,0.9993,1.0,0.9993,0.9997,5937122.232793492,3831
1633392000,0.9996,0.9999,0.9994,0.9995,6267341.120905426,5485
1633478400,0.9995,0.9999,0.999,0.9997,8339787.643120251,5726
1633564800,0.9995,1.0,0.9994,0.9997,7269241.140954508,5691
1633651200,0.9996,1.0,0.9996,0.9998,6600622.09407353,5197
1633737600,0.9999,1.0019,0.9995,0.9997,8160040.474533867,5412
1633824000,0.9997,1.0004,0.9995,0.9997,13195821.489701813,15110
1633910400,0.9997,1.0003,0.9993,0.9998,7331270.9433086375,7209
1633996800,0.9998,1.0505,0.9995,1.0,21085771.066713445,15953
1634083200,1.0,1.0006,0.9996,0.9999,12321886.395746395,16137
1634169600,0.9999,1.0001,0.9997,0.9998,5693278.60185028,4275
1634256000,0.9999,1.0008,0.9997,1.0001,6352605.092179264,5660
1634342400,1.0001,1.0009,0.9984,1.0001,8193770.431012425,4749
1634428800,1.0001,1.0016,0.9995,0.9999,6846928.3107815515,4673
1634515200,0.9999,1.0008,0.9999,1.0001,6297300.796163699,6004
1634601600,1.0001,1.0005,0.9996,0.9998,7914974.2980004065,6076
1634688000,0.9999,1.0001,0.9995,0.9998,8074192.084800007,6565
1634774400,0.9997,1.0007,0.9965,1.0,17739635.952452302,7792
1634860800,1.0,1.0018,0.9997,1.0001,5617624.9956208225,4752
1634947200,1.0003,1.0007,0.9998,1.0,4220408.706624151,3598
1635033600,1.0,1.0007,0.9998,0.9999,6416359.283129522,4028
1635120000,1.0001,1.002,0.9995,1.0001,7975378.536677894,6483
1635206400,1.0001,1.0512,0.9998,1.0,10370627.15541,6523
1635292800,1.0,1.0396,0.9981,0.9992,17488101.783712476,15982
1635379200,0.9992,0.9998,0.9992,0.9996,12198612.63845132,12130
1635465600,0.9997,1.0001,0.9996,0.9999,8077306.483772814,8306
1635552000,0.9999,1.0005,0.9994,0.9997,8798081.998306645,9201
1635638400,0.9997,0.9998,0.9991,0.9992,5147570.531371765,6615
1635724800,0.9993,0.9998,0.9988,0.9994,8280183.384378603,7296
1635811200,0.9995,0.9995,0.9987,0.9993,8835616.12564456,7375
1635897600,0.9993,1.0,0.9989,0.9995,9864992.126869328,7323
1635984000,0.9995,0.9997,0.9989,0.9994,7334935.538994176,6533
1636070400,0.9992,0.9998,0.9987,0.9992,6614970.7670262195,5041
1636156800,0.9992,0.9996,0.9986,0.9991,7581086.238195749,6141
1636243200,0.9992,0.9995,0.9989,0.9993,7172735.125614624,4974
1636329600,0.9992,1.0002,0.9988,0.9996,24462284.16131131,12665
1636416000,0.9995,0.9999,0.9992,0.9999,12107775.663935894,6541
1636502400,0.9999,1.0004,0.9994,0.9995,16996385.281583756,13623
1636588800,0.9995,0.9999,0.9994,0.9997,8370240.636498023,4665
1636675200,0.9995,1.0001,0.9995,0.9998,11047480.913148765,6762
1636761600,0.9999,1.0001,0.9997,0.9999,5979319.155889655,4014
1636848000,1.0,1.0,0.9996,0.9999,5040725.436745485,4959
1636934400,0.9998,1.0329,0.9995,1.0,14151134.463066472,6692
1637020800,0.9999,1.0,0.9992,0.9996,17455140.897814475,17483
1637107200,0.9995,0.9999,0.9993,0.9996,12331627.798039371,9061
1637193600,0.9996,0.9998,0.9987,0.9995,13994512.92500034,12124
1637280000,0.9995,1.0007,0.9985,0.9992,20869820.173635043,18188
1637366400,0.9991,0.9994,0.9986,0.9993,4995402.835570836,5497
1637452800,0.9993,0.9996,0.9989,0.9992,5048874.530801236,5362
1637539200,0.9992,0.9996,0.9988,0.9993,6248503.009762577,5399
1637625600,0.9993,1.0001,0.9993,0.9996,8372076.706648891,8061
1637712000,0.9996,0.9998,0.9995,0.9997,7727103.328849724,6516
1637798400,0.9997,0.9998,0.9992,0.9993,8546023.576035045,8203
1637884800,0.9994,0.9996,0.9986,0.9994,19579449.084465947,15391
1637971200,0.9994,0.9995,0.9992,0.9992,8697027.3413068,7696
1638057600,0.9993,0.9995,0.9992,0.9994,7238257.739016719,5342
1638144000,0.9994,0.9995,0.9984,0.9992,11604354.576803112,8434
1638230400,0.9991,0.9994,0.9987,0.9993,9771385.00868202,8433
1638316800,0.9992,0.9995,0.9987,0.9994,9412059.863313187,9516
1638403200,0.9994,0.9996,0.999,0.9994,9591750.255283045,6509
1638489600,0.9994,0.9998,0.999,0.9994,8427494.32940313,6844
1638576000,0.9994,0.9996,0.9947,0.999,21687543.83677809,19248
1638662400,0.9989,0.9993,0.9981,0.9988,14645626.279912291,14268
1638748800,0.9987,0.9993,0.9976,0.999,14764918.491258744,12530
1638835200,0.9989,0.9993,0.9951,0.999,11239366.798945222,9981
1638921600,0.9992,0.9995,0.9987,0.9992,9344126.921684451,8218
1639008000,0.9991,0.9997,0.9989,0.9997,7629366.102941552,7213
1639094400,0.9996,1.0,0.9994,0.9995,19736429.551927894,14589
1639180800,0.9996,1.0,0.9994,0.9995,13388269.016043445,12580
1639267200,0.9995,0.9996,0.9993,0.9994,5584390.81550946,4280
1639353600,0.9994,1.0,0.9993,0.9996,12314357.6422422,10369
1639440000,0.9997,0.9998,0.9995,0.9997,6547464.573041926,6730
1639526400,0.9996,0.9999,0.9995,0.9996,8944866.078771178,7732
1639612800,0.9996,1.0001,0.9995,0.9998,16332673.81538882,11511
1639699200,0.9998,1.0,0.9996,0.9997,12313564.740945779,8831
1639785600,0.9997,0.9998,0.9996,0.9997,4497684.235862343,3286
1639872000,0.9997,0.9999,0.9983,0.9996,13939933.097317236,7948
1639958400,0.9997,1.0,0.9992,0.9998,41636596.40283465,20875
1640044800,0.9999,0.9999,0.9993,0.9998,12667206.40140455,6384
1640131200,0.9997,1.0001,0.9995,0.9997,18834189.570970837,10397
1640217600,0.9996,1.0,0.9996,0.9997,15214270.310028654,13569
1640304000,0.9997,0.9998,0.9994,0.9996,18550171.88304862,12812
1640390400,0.9995,0.9996,0.9993,0.9996,2165574.080214652,2633
1640476800,0.9995,0.9996,0.9994,0.9995,4002123.2147194007,4595
1640563200,0.9996,1.0011,0.9994,0.9996,17996883.215590376,7759
1640649600,0.9997,1.0,0.9995,0.9999,16267070.426087596,11660
1640736000,0.9999,1.0001,0.9998,0.9999,10070020.71146403,7808
1640822400,1.0,1.0003,0.9998,1.0,9427117.964668598,6992
1640908800,1.0,1.0008,0.9997,1.0,10748954.262820609,6306
1640995200,1.0,1.0006,0.9997,0.9998,7242086.06522583,6332
1641081600,0.9997,0.9999,0.9997,0.9998,4053450.6590820244,5289
1641168000,0.9999,1.0,0.9997,1.0,5205557.461703774,7718
1641254400,1.0,1.0004,0.9999,1.0001,7732640.31077836,7172
1641340800,1.0002,1.0013,0.9999,1.0002,13685137.495577266,10419
1641427200,1.0002,1.0016,1.0,1.0001,12580173.905688735,10443
1641513600,1.0001,1.0007,1.0,1.0001,6046206.71543468,4768
1641600000,1.0002,1.0008,0.9998,1.0,6649682.366179383,4663
1641686400,0.9999,1.0001,0.9998,1.0,6813819.687586452,7786
1641772800,1.0,1.0004,0.9999,0.9999,17799359.29784926,14867
1641859200,0.9999,1.0005,0.9996,0.9998,16533399.811008384,9341
1641945600,0.9997,1.0005,0.9995,0.9997,17872713.525182113,7091
1642032000,0.9998,0.9998,0.9995,0.9996,6325691.369088187,2946
1642118400,0.9997,0.9998,0.9995,0.9996,5514483.15229752,3374
1642204800,0.9995,0.9997,0.9995,0.9997,2357461.8240105514,1298
1642291200,0.9997,0.9997,0.9995,0.9995,2738364.604025505,1528
1642377600,0.9997,0.9998,0.9995,0.9998,4547774.549280899,2956
1642464000,0.9997,0.9999,0.9996,0.9997,8057821.001734423,4278
1642550400,0.9997,0.9999,0.9996,0.9998,5420927.031685425,3519
1642636800,0.9998,1.0001,0.9995,1.0001,10437558.957051646,8879
1642723200,1.0001,1.0174,0.9996,0.9997,8952565.20846636,6781
1642809600,0.9998,1.0001,0.9996,0.9999,6353130.087193458,5211
1642896000,0.9999,1.0003,0.9995,0.9996,3578790.0030852905,2790
1642982400,0.9998,1.0002,0.9993,0.9996,7710171.593977989,5611
1643068800,0.9996,1.0,0.9992,0.9994,3359657.5595237026,3700
1643155200,0.9994,0.9997,0.9992,0.9995,18615980.064813968,22067
1643241600,0.9995,0.9999,0.9991,0.9998,11480244.421475435,10343
1643328000,0.9997,1.0,0.9995,0.9997,11862989.168412367,13475
1643414400,0.9997,0.9998,0.9995,0.9997,10183194.110920602,14449
1643500800,0.9998,0.9999,0.9995,0.9996,4727365.478526039,3787
1643587200,0.9997,1.0027,0.9991,0.9996,14359759.345414981,16733
1643673600,0.9995,0.9997,0.9993,0.9995,12428532.455618292,13082
1643760000,0.9995,0.9998,0.9986,0.9995,11629453.315757498,9253
1643846400,0.9995,0.9997,0.9994,0.9996,6159841.665626318,8792
1643932800,0.9996,0.9997,0.9992,0.9993,9156127.549118195,10669
1644019200,0.9993,0.9995,0.9991,0.9995,9538316.50597683,13646
1644105600,0.9994,0.9996,0.9993,0.9994,3085736.991269201,1907
1644192000,0.9993,0.9995,0.999,0.9993,16477824.932836952,21035
1644278400,0.9993,0.9996,0.999,0.9991,13367211.700304238,15797
1644364800,0.9991,0.9993,0.9989,0.9992,9814221.453605704,13012
1644451200,0.9992,0.9995,0.999,0.9995,10239176.718108747,11589
1644537600,0.9994,0.9996,0.9991,0.9994,5604653.266312378,4680
1644624000,0.9994,0.9997,0.9993,0.9995,3151052.830813464,2290
1644710400,0.9995,0.9997,0.9994,0.9996,1389379.6102168697,1593
1644796800,0.9996,0.9998,0.9994,0.9996,4482538.995181691,4221
1644883200,0.9995,0.9996,0.9988,0.9994,9950542.98223422,9846
1644969600,0.9994,0.9996,0.9992,0.9995,12780443.603845382,10082
1645056000,0.9995,0.9998,0.9993,0.9996,6166537.651496215,4466
1645142400,0.9995,0.9998,0.9992,0.9996,9417347.26293642,6947
1645228800,0.9996,0.9997,0.9994,0.9996,3669746.3575000735,1907
1645315200,0.9995,0.9998,0.9995,0.9996,8169455.641521184,6105
1645401600,0.9997,0.9997,0.9993,0.9995,19075040.00950298,9933
1645488000,0.9995,0.9998,0.9994,0.9995,7652618.499339487,5450
1645574400,0.9994,0.9997,0.9993,0.9996,6749027.741671386,3180
1645660800,0.9996,1.0,0.9993,0.9997,16044838.446266968,10207
1645747200,0.9995,0.9997,0.9992,0.9994,8529561.12554112,4517
1645833600,0.9994,0.9996,0.9993,0.9995,1284415.1042584293,1560
1645920000,0.9995,0.9999,0.9993,0.9996,4098461.9192565423,3334
1646006400,0.9996,0.9999,0.9994,0.9997,12133247.015036516,6919
1646092800,0.9997,0.9999,0.9993,0.9996,12982714.79576593,6576
1646179200,0.9996,0.9999,0.9994,0.9995,7166805.884753673,4679
1646265600,0.9997,1.0001,0.9995,0.9999,4643077.06281138,4220
1646352000,1.0,1.0001,0.9997,0.9998,9202164.91052693,5024
1646438400,0.9998,1.0,0.9996,0.9998,5217516.149619925,5614
1646524800,0.9999,1.0,0.9997,0.9999,3001722.3102521687,2908
1646611200,1.0,1.0001,0.9997,0.9999,6302788.351651606,4645
1646697600,0.9998,1.0001,0.9994,1.0,7706236.517188147,4464
1646784000,0.9999,1.05,0.9991,0.9997,8140838.047918841,6652
1646870400,0.9997,0.9998,0.9995,0.9995,6806814.5493874075,4356
1646956800,0.9995,1.0,0.9987,1.0,3897787.123683093,4326
1647043200,1.0,1.0,0.99,0.9999,1944387.0754129288,3266
1647129600,1.0,1.0,0.9994,0.9998,2042092.6894727459,2843
1647216000,0.9998,1.0001,0.9994,0.9997,4226580.597317673,4228
1647302400,0.9999,1.0,0.9993,0.9997,4720443.510973678,4761
1647388800,0.9997,1.0,0.9977,0.9997,11418107.63567771,5277
1647475200,0.9997,0.9998,0.9993,0.9994,11702476.21797756,3761
1647561600,0.9994,0.9997,0.999,0.9995,11900048.617991721,5273
1647648000,0.9995,0.9996,0.9994,0.9994,7926776.709783846,1754
1647734400,0.9994,0.9998,0.9992,0.9995,4994312.7927112505,2578
1647820800,0.9996,0.9998,0.9992,0.9997,6845695.962403924,4318
1647907200,0.9997,0.9998,0.9988,0.9996,16592411.01073399,7845
1647993600,0.9996,0.9998,0.9993,0.9996,10647767.816306882,2970
1648080000,0.9996,1.0,0.9992,0.9996,22132773.008966107,5960
1648166400,0.9994,1.0002,0.9993,0.9996,5060532.761656252,3119
1648252800,0.9998,1.0002,0.9995,0.9997,2488974.1122790948,4749
1648339200,0.9997,1.0001,0.9994,0.9997,7849737.189891175,3146
1648425600,0.9996,0.9998,0.9993,0.9996,11307870.135573134,4004
1648512000,0.9996,0.9997,0.9994,0.9997,11254495.200923381,4587
1648598400,0.9996,1.0001,0.9993,0.9997,5199830.118353291,2983
1648684800,0.9997,0.9999,0.9995,0.9997,7057951.83823159,3907
1648771200,0.9997,0.9999,0.9994,0.9996,5062604.612436625,4132
1648857600,0.9997,0.9998,0.9995,0.9998,3110561.2084810045,1715
1648944000,0.9997,0.9998,0.9848,0.9998,7591761.431120209,2466
1649030400,0.9996,1.0003,0.9992,0.9998,6135402.6126940185,2555
1649116800,0.9998,1.0,0.9992,0.9998,7861920.959969439,3771
1649203200,0.9998,1.0002,0.9995,0.9998,10408995.929953106,5664
1649289600,0.9999,1.0001,0.9948,0.9999,5727024.849535304,4461
1649376000,0.9998,1.0,0.9992,0.9997,5475313.065197195,3970
1649462400,0.9998,0.9999,0.9994,0.9997,3230891.9428681014,3183
1649548800,0.9997,0.9999,0.9989,0.9997,3835443.1037683287,3100
1649635200,0.9997,1.0001,0.9987,0.9998,5566630.91450609,3944
1649721600,0.9997,1.0,0.9995,0.9997,9841533.611542972,7974
1649808000,0.9997,1.0,0.9993,0.9998,5052863.122546696,3235
1649894400,0.9997,1.0,0.9997,0.9999,5210477.435559755,2255
1649980800,0.9999,1.0,0.9997,0.9999,3853937.1449526986,1568
1650067200,0.9999,1.0,0.9997,0.9999,1611550.5519881889,1128
1650153600,0.9999,1.0,0.9996,0.9998,3465635.4450072655,1501
1650240000,0.9998,1.0,0.9996,0.9999,5301025.455924903,2847
1650326400,0.9999,1.0,0.9995,0.9998,5330336.488455395,2800
1650412800,0.9998,0.9999,0.9996,0.9997,3045959.03298813,1890
1650499200,0.9997,1.0001,0.9996,0.9999,4976975.801435186,3568
1650585600,0.9999,1.0001,0.9998,1.0,4815784.033792036,3003
1650672000,1.0,1.0,0.9994,0.9997,2501588.793361236,1250
1650758400,0.9997,0.9999,0.9997,0.9998,5321322.994801282,1885
1650844800,0.9998,1.0,0.9997,0.9999,7487752.309015373,3786
1650931200,0.9999,1.0002,0.9997,1.0001,6528575.5888483515,3335
1651017600,1.0,1.0002,0.9967,0.9999,8714780.594981179,3080
1651104000,0.9998,1.0001,0.9974,0.9999,4789115.473848927,2364
1651190400,0.9999,1.0003,0.9999,1.0,10594463.052102078,9681
1651276800,1.0,1.0002,0.9998,0.9999,6330771.195826484,8745
1651363200,0.9998,1.0001,0.9997,0.9999,4073381.5610443656,5653
1651449600,1.0,1.0003,0.9998,1.0001,6350099.97793855,5227
1651536000,1.0,1.0003,1.0,1.0002,2865172.189706734,2680
1651622400,1.0002,1.0004,1.0,1.0003,6819393.429855665,6966
1651708800,1.0003,1.051,1.0,1.0002,10932823.969244545,8790
1651795200,1.0002,1.0514,1.0001,1.0003,27540160.78681644,10581
1651881600,1.0003,1.0005,1.0001,1.0003,3601974.35429811,5385
1651968000,1.0003,1.0005,1.0001,1.0004,14190418.26590855,14225
1652054400,1.0004,1.0509,0.9997,1.0003,48808773.53921608,21638
1652140800,1.0002,1.0009,1.0,1.0003,26523488.228390273,15556
1652227200,1.0003,1.1,0.9999,1.005,84465952.05757038,24487
1652313600,1.0039,1.0708,1.001,1.0033,96500416.09611152,18526
1652400000,1.0023,1.0069,1.0006,1.002,11631244.086343912,2746
1652486400,1.0016,1.0026,1.0008,1.0011,4286749.972680655,1101
1652572800,1.0016,1.0018,1.0009,1.0009,2039045.545378031,838
1652659200,1.0013,1.0018,1.0005,1.0012,3767315.4338318435,1541
1652745600,1.0012,1.0017,1.0008,1.0008,6300192.355520929,1426
1652832000,1.0012,1.0019,1.0008,1.0015,20025588.275580935,5323
1652918400,1.0012,1.007,1.0008,1.0011,8728658.508644432,2179
1653004800,1.0009,1.0016,1.0005,1.0011,5503632.674096831,3305
1653091200,1.0011,1.0017,1.0008,1.0012,2093672.5779965678,1746
1653177600,1.0012,1.0019,1.0008,1.0009,1470067.2544445198,1848
1653264000,1.001,1.0014,1.0006,1.0011,3449434.956643459,3797
1653350400,1.001,1.0015,1.0008,1.0011,6252482.867636707,4477
1653436800,1.001,1.0018,1.0008,1.0011,4216727.750103846,4079
1653523200,1.0011,1.002,1.0007,1.0012,5874311.755537284,3702
1653609600,1.0011,1.0016,1.0007,1.0011,8040985.661097927,4541
1653696000,1.0011,1.0013,1.0007,1.0012,1216306.3401509805,1369
1653782400,1.0012,1.0113,1.0007,1.0011,2757599.343723412,1483
1653868800,1.001,1.0016,1.0006,1.0007,8501862.259072343,4115
1653955200,1.0008,1.001,1.0006,1.0007,8988039.538206333,4217
1654041600,1.0008,1.0013,1.0005,1.0008,8671169.47214474,3319
1654128000,1.0008,1.001,1.0005,1.0007,4707750.814269448,3191
1654214400,1.0007,1.0012,1.0006,1.001,3733770.9457766246,2207
1654300800,1.001,1.0011,1.0008,1.0009,1608575.0487548965,2335
1654387200,1.0008,1.001,1.0007,1.0008,1962042.4584703087,1119
1654473600,1.0008,1.001,1.0005,1.0005,4110007.290067446,3371
1654560000,1.0006,1.0017,1.0006,1.0007,6432816.327520698,3563
1654646400,1.0007,1.0009,1.0005,1.0008,3174258.279057683,2313
1654732800,1.0008,1.001,1.0006,1.0008,4710890.021991174,2127
1654819200,1.0009,1.0013,1.0007,1.0011,4303417.110374843,3231
1654905600,1.0011,1.0014,1.001,1.0012,6784252.547853523,2371
1654992000,1.0012,1.0016,1.001,1.0012,6509858.253671986,3309
1655078400,1.0012,1.004,1.0011,1.0016,19926610.364592493,8367
1655164800,1.0015,1.0019,1.0009,1.0011,18412216.72970975,5199
1655251200,1.0012,1.0022,1.0009,1.0012,21632081.87088594,8764
1655337600,1.0012,1.0015,1.0009,1.0015,11114241.370683042,4739
1655424000,1.0015,1.0015,1.0009,1.0011,6362982.218364315,2325
1655510400,1.0011,1.0019,1.0011,1.0015,8018203.982841026,4888
1655596800,1.0015,1.0023,1.0011,1.0014,6359499.798633379,2773
1655683200,1.0012,1.0015,1.0009,1.0014,9044225.907542687,3161
1655769600,1.0012,1.0019,1.0005,1.001,5914795.181388601,2592
1655856000,1.001,1.0013,1.0005,1.0011,6217801.118819629,2725
1655942400,1.0011,1.0013,1.0006,1.001,3964459.4577079494,2002
1656028800,1.0008,1.0012,1.0006,1.0007,7887952.487385705,2364
1656115200,1.0007,1.0009,1.0005,1.0007,2950736.0043449425,1061
1656201600,1.0007,1.0008,1.0005,1.0006,2477872.15094984,972
1656288000,1.0006,1.0012,1.0005,1.001,8446527.249744935,2387
1656374400,1.0011,1.0014,1.0009,1.0012,2491007.9285114096,1088
1656460800,1.0014,1.0016,0.9866,1.0012,6817963.490275947,2746
1656547200,1.0012,1.0015,1.0003,1.0012,6296410.12680998,3934
1656633600,1.0012,1.0016,1.0,1.0012,9381681.44821842,2380
1656720000,1.0012,1.0015,1.0007,1.0013,5286051.622678174,933
1656806400,1.0014,1.0018,1.0006,1.0013,1846598.714346838,869
1656892800,1.0013,1.0014,1.001,1.0011,3393340.647240892,1744
1656979200,1.0011,1.0015,1.0008,1.0011,4832841.749279249,3198
1657065600,1.001,1.0013,1.0008,1.001,4151355.702211451,2813
1657152000,1.0009,1.0012,1.0003,1.0005,5723239.308934941,1988
1657238400,1.0005,1.0009,1.0003,1.0007,3395193.3315025535,2116
1657324800,1.0005,1.0007,1.0005,1.0005,1996178.561270457,1550
1657411200,1.0005,1.001,0.9871,1.0007,3830135.332150612,1213
1657497600,1.0007,1.0012,1.0005,1.0007,2847876.416257083,2369
1657584000,1.001,1.0028,1.0006,1.001,2687234.07022677,1590
1657670400,1.0011,1.0012,1.0007,1.0008,6123831.289165107,3326
1657756800,1.0007,1.0009,1.0005,1.0008,7113219.100540794,2556
1657843200,1.0007,1.0008,1.0001,1.0002,7407101.877812635,2831
1657929600,1.0001,1.0004,1.0,1.0002,2844006.370382781,931
1658016000,1.0002,1.0005,1.0,1.0003,2475501.7201820486,1060
1658102400,1.0003,1.0008,0.9999,1.0001,5178676.7627827665,2166
1658188800,1.0001,1.0002,0.9997,1.0001,8711398.887647765,2672
1658275200,0.9999,1.0001,0.9996,0.9998,7979972.199617303,2776
1658361600,0.9999,1.0001,0.9997,0.9999,5484035.5858299285,2260
1658448000,0.9998,1.0003,0.9995,0.9997,5008559.363466413,2650
1658534400,0.9997,1.0001,0.9995,1.0,2148472.985908851,1225
1658620800,1.0,1.0001,0.9995,0.9998,1429344.5264066036,1049
1658707200,0.9999,1.0009,0.9995,0.9999,4645032.25079111,2261
1658793600,0.9998,1.0001,0.9995,0.9998,3801202.290264599,1580
1658880000,1.0,1.0064,0.999,0.9996,6576002.621786902,2898
1658966400,0.9997,1.0,0.9994,0.9997,6398487.603250552,2359
1659052800,0.9997,1.0,0.9994,0.9997,6400382.934698684,1994
1659139200,0.9996,0.9998,0.9995,0.9996,1882868.1104050619,937
1659225600,0.9998,0.9999,0.9995,0.9997,1939875.2858657194,1264
1659312000,0.9997,0.9999,0.9993,0.9996,2515347.896040685,1764
1659398400,0.9995,1.0,0.9992,0.9998,3458350.975314058,1565
1659484800,0.9999,1.0,0.9995,0.9999,4050637.5434018434,1642
1659571200,0.9998,1.0004,0.9954,0.9999,1924625.228280329,1261
1659657600,0.9998,1.0002,0.9993,0.9999,4242788.900264845,1498
1659744000,0.9999,1.0,0.9996,0.9997,690590.3357511798,525
1659830400,0.9997,1.0001,0.9995,0.9998,2237502.6362085654,1106
1659916800,0.9999,1.0002,0.9995,0.9997,3587870.760319608,2324
1660003200,0.9999,1.0001,0.9996,0.9997,7093998.793373107,1815
1660089600,0.9998,1.0008,0.9933,0.9996,8215073.884665713,2145
1660176000,0.9996,0.9998,0.9992,0.9995,5352107.185611672,1724
1660262400,0.9995,1.0,0.9994,0.9994,2728222.279312814,1737
1660348800,0.9994,0.9998,0.9993,0.9997,1593366.5498936288,992
1660435200,0.9995,0.9998,0.9992,0.9996,2375594.9425027347,1389
1660521600,0.9998,1.0,0.9992,0.9997,2512038.7992444425,1693
1660608000,0.9998,1.0001,0.9996,0.9998,5151477.030166392,1697
1660694400,0.9998,1.0001,0.9994,0.9999,3903241.7658510013,1736
1660780800,1.0,1.0001,0.9983,1.0,5286168.809527621,2186
1660867200,1.0,1.0002,0.9997,1.0,6032212.989657533,3770
1660953600,0.9999,1.0002,0.9998,1.0001,2102648.23326734,941
1661040000,0.9999,1.0001,0.9998,1.0,1362785.810831138,990
1661126400,1.0001,1.0003,0.9999,1.0001,2383761.2708776896,1791
1661212800,1.0001,1.0002,0.9999,1.0001,2660145.7995730634,1904
1661299200,1.0001,1.0006,0.9995,1.0,2364137.2810409283,1624
1661385600,1.0,1.0005,0.9999,1.0001,2488573.6474511162,1665
1661472000,0.9999,1.0004,0.9998,0.9999,4419306.473277548,3390
1661558400,1.0001,1.0001,0.9999,1.0001,2085247.3314806686,1041
1661644800,1.0,1.0001,0.9999,1.0001,1525138.3461508043,968
1661731200,1.0001,1.0001,0.9994,0.9999,2523182.879385777,2012
1661817600,0.9999,1.0001,0.9999,0.9999,2718145.671137697,2117
1661904000,0.9999,1.0002,0.9997,1.0001,3892597.7977136136,2642
1661990400,1.0001,1.0002,0.9999,1.0,4054872.953780352,1745
1662076800,1.0001,1.0002,0.9998,0.9999,2354158.5304517653,2179
1662163200,0.9999,1.0001,0.9998,0.9999,1255863.2947446203,835
1662249600,0.9999,1.0002,0.9996,1.0,878578.6209485999,769
1662336000,0.9999,1.0001,0.9999,1.0001,2407293.5870265267,1743
1662422400,1.0001,1.0007,0.9993,1.0,2560145.7165430845,2085
1662508800,1.0,1.0001,0.9994,1.0,1616331.918289394,2080
1662595200,1.0,1.0001,0.9998,0.9999,2357082.779188053,1894
1662681600,0.9999,1.0,0.9996,0.9996,3502480.0925971265,2012
1662768000,0.9996,0.9999,0.9995,0.9998,1556862.485320636,1186
1662854400,0.9998,1.0,0.9995,0.9998,1791501.8033281784,1326
1662940800,0.9997,1.0,0.9996,0.9998,4477269.2500679,3390
1663027200,0.9999,1.0002,0.9994,1.0001,6551954.028307852,3623
1663113600,0.9999,1.0006,0.9993,0.9998,4405497.497317438,2943
1663200000,0.9998,1.0007,0.9961,1.0,1224021.3644500622,1813
1663286400,1.0001,1.005,0.9996,1.0,1281309.3920252875,2116
1663372800,1.0,1.0007,0.9992,0.9999,900668.0310326689,1544
1663459200,0.9999,1.0006,0.9995,1.0001,884808.6769835488,1707
1663545600,1.0001,1.0014,0.9912,0.9999,2568581.655959741,3021
1663632000,0.9998,1.0071,0.9945,0.9999,2497730.876161939,1422
1663718400,0.9999,1.0031,0.9976,0.9999,2140628.5620299205,2797
1663804800,0.9999,1.0011,0.9994,1.0,1712263.3024572523,3120
1663891200,1.0,1.0011,0.9993,1.0,1922861.353604668,3326
1663977600,1.0,1.0023,0.9995,1.0,783742.4908990979,955
1664064000,1.0,1.0003,0.9996,1.0001,1511330.8030678448,1496
1664150400,1.0001,1.0018,0.9995,0.9998,2660991.785473655,3242
1664236800,0.9999,1.0018,0.9995,1.0,1886309.7777911716,2104
1664323200,1.0,1.0014,0.9998,1.0001,3549923.969597867,3026
1664409600,1.0,1.001,0.9994,0.9999,4730358.106131072,2942
1664496000,0.9999,1.001,0.9997,0.9999,2629832.5547162914,2098
1664582400,0.9999,1.0004,0.9998,0.9999,639380.4220350208,796
1664668800,0.9999,1.0001,0.9997,0.9999,1063616.815486139,1675
1664755200,0.9999,1.0003,0.9998,1.0,2456018.6138208457,2741
1664841600,0.9999,1.004,0.9991,0.9997,5201715.794054694,3322
1664928000,0.9997,1.0004,0.9993,0.9997,2593625.130339346,2827
1665014400,0.9999,1.0003,0.9982,1.0,2872079.193353288,3149
1665100800,0.9999,1.0,0.9993,0.9999,1874034.7692537813,2637
1665187200,0.9999,1.0,0.9996,0.9998,631530.3468734883,991
1665273600,0.9998,1.0002,0.9996,0.9999,1033048.674945977,1447
1665360000,0.9999,1.0002,0.9989,1.0001,1299209.2370330193,2185
1665446400,1.0001,1.002,0.9996,1.0002,1874681.9896280803,3116
1665532800,1.0001,1.001,0.9995,0.9999,1691217.9006770574,2091
1665619200,0.9999,1.0005,0.9996,0.9998,3567079.597605298,3597
1665705600,0.9999,1.0002,0.9997,0.9999,3341663.9831094076,3991
1665792000,1.0,1.0001,0.9995,0.9999,1193594.4136918103,709
1665878400,0.9999,1.0001,0.9997,0.9999,626865.2636924799,948
1665964800,0.9999,1.0001,0.9992,0.9999,1589401.1021829685,2174
1666051200,0.9999,1.0,0.9995,0.9999,2090435.7672864175,2924
1666137600,0.9999,1.0002,0.9995,0.9999,1662978.5491753586,1940
1666224000,1.0,1.0003,0.9999,1.0,1178506.9889973963,1769
1666310400,1.0,1.0009,0.9998,0.9999,2517269.815178224,4827
1666396800,0.9999,1.0001,0.9998,0.9999,3511118.1808107793,4126
1666483200,1.0,1.0,0.9997,0.9999,35025851.96941555,34667
1666569600,0.9999,1.0,0.9998,0.9999,4444531.844432823,3556
1666656000,0.9999,1.0,0.9996,0.9998,5502003.030863117,3022
1666742400,0.9998,1.0,0.9996,0.9997,3715403.8809248107,3674
1666828800,0.9997,1.0,0.9996,0.9998,3988741.9090657425,2969
1666915200,0.9998,1.0001,0.9997,0.9998,2532790.285379885,2225
1667001600,0.9998,0.9998,0.9993,0.9996,1758354.8005927575,1735
1667088000,0.9996,0.9999,0.9985,0.9997,2344391.210989887,3279
1667174400,0.9998,1.0002,0.9994,1.0001,3529476.1298316168,5586
1667260800,1.0001,1.0005,0.9997,1.0001,4247429.203816174,5019
1667347200,1.0,1.0475,0.9998,1.0001,8870883.064141868,5486
1667433600,1.0,1.0011,0.9998,1.0,6950537.528852668,5238
1667520000,0.9999,1.0031,0.9991,1.0,9330129.923138153,6705
1667606400,0.9999,1.0,0.9997,1.0,8074155.6002494395,4104
1667692800,1.0,1.0002,0.9997,0.9999,3228227.5322213224,4530
1667779200,0.9999,1.0002,0.999,0.9998,6654895.376567434,5217
1667865600,0.9998,1.0559,0.9978,1.0001,55577306.88542737,25038
1667952000,1.0001,1.0052,0.9573,1.0023,30309650.09355114,20636
1668038400,1.0014,1.0417,1.0006,1.0028,30832225.689929493,20487
1668124800,1.0026,1.0361,1.0003,1.0021,13892686.294089071,12999
1668211200,1.0021,1.0061,1.0011,1.0017,11928236.590550598,10615
1668297600,1.0017,1.005,1.0002,1.0014,13660883.131641526,11698
1668384000,1.0015,1.005,1.0001,1.0012,13959736.871677235,10741
1668470400,1.0013,1.016,1.0001,1.0012,20638298.353399985,9061
1668556800,1.0013,1.0018,1.0001,1.0009,17531124.55448903,9985
1668643200,1.0009,1.0016,1.0,1.0007,19120076.552373704,11305
1668729600,1.0006,1.0021,0.9981,1.0012,20535365.235241644,9650
1668816000,1.0012,1.0021,0.9992,1.0011,21855806.93198364,5853
1668902400,1.0011,1.0019,0.9996,1.0013,38927475.27874286,9411
1668988800,1.0013,1.0072,1.0,1.0012,35568853.98435841,11345
1669075200,1.0012,1.0019,1.0005,1.0013,11496052.19721513,10625
1669161600,1.0013,1.0014,0.9909,1.0012,24436590.90551307,9969
1669248000,1.0011,1.0012,1.0005,1.0008,106037598.91451739,21086
1669334400,1.0008,1.0011,0.9966,1.0006,50742814.57184845,19833
1669420800,1.0005,1.0009,0.9994,1.0005,76942566.3202788,22903
1669507200,1.0005,1.0009,1.0,1.0004,59609790.730600916,10930
1669593600,1.0005,1.0008,1.0,1.0004,143892342.25305668,35745
1669680000,1.0005,1.0007,1.0002,1.0003,144757746.87120757,24170
1669766400,1.0003,1.0004,0.9996,0.9999,9540032.98144579,6499
1669852800,0.9999,1.0001,0.9995,1.0,35325385.56331028,11086
1669939200,0.9999,1.0001,0.9962,0.9999,99234437.95180808,10453
1670025600,1.0,1.0001,0.9998,0.9999,104320707.48370217,2765
1670112000,1.0,1.0001,0.9997,0.9999,94247924.86689962,11995
1670198400,0.9999,1.0001,0.9997,1.0,102593193.59001836,6940
1670284800,1.0,1.0006,0.9998,1.0,18549916.822272584,5487
1670371200,1.0001,1.0001,0.9999,1.0,20081772.6563072,3933
1670457600,0.9999,1.0001,0.9997,1.0,23605727.27301021,6375
1670544000,0.9999,1.0002,0.9994,0.9999,20141473.992574316,5969
1670630400,0.9999,1.0001,0.9999,1.0,6767416.182926138,914
1670716800,0.9999,1.0,0.9999,0.9999,7184610.926824246,1033
1670803200,1.0,1.0004,0.9997,0.9999,37497105.672844455,7535
1670889600,0.9999,1.001,0.9991,1.0002,33434539.784263123,12687
1670976000,1.0002,1.0005,0.9998,0.9999,23957858.01547198,6649
1671062400,0.9999,1.0002,0.9997,0.9999,22800932.377550878,6399
1671148800,1.0,1.0002,0.9997,1.0,18821222.869723305,7116
1671235200,1.0,1.0001,0.9997,1.0,11281397.894248169,2652
1671321600,0.9999,1.0,0.9998,0.9998,6295672.074988957,1645
1671408000,0.9998,1.0002,0.9998,1.0,18804606.24561499,4370
1671494400,1.0,1.0009,0.999,0.9999,20982295.205385797,4809
1671580800,0.9999,1.0001,0.9993,1.0,16292787.666821267,3144
1671667200,1.0,1.001,0.9993,1.0001,23261839.9874777,5807
1671753600,1.0001,1.0002,0.999,1.0,23420926.090517152,5189
1671840000,1.0001,1.0001,1.0,1.0,8250962.293518948,1013
1671926400,1.0,1.0002,0.9999,1.0001,6549734.725176668,958
1672012800,1.0001,1.0003,1.0,1.0002,17190561.261082612,2792
1672099200,1.0002,1.0017,0.9999,1.0004,35341418.93296525,5490
1672185600,1.0004,1.0007,1.0001,1.0005,25815888.29839963,4558
1672272000,1.0005,1.0011,1.0003,1.0005,23473918.77769726,3268
1672358400,1.0004,1.0017,1.0003,1.0004,24162042.272735916,3931
1672444800,1.0005,1.0006,1.0004,1.0006,10211695.711081933,1403
1672531200,1.0005,1.0007,1.0004,1.0004,3742601.1936355326,1044
1672617600,1.0004,1.0005,1.0002,1.0003,21382568.007416848,3979
1672704000,1.0003,1.0014,1.0001,1.0004,32915477.2227263,7306
1672790400,1.0004,1.0019,0.9994,1.0002,16486964.229391174,4854
1672876800,1.0003,1.0007,1.0001,1.0003,21633923.34579081,4068
1672963200,1.0003,1.0009,1.0,1.0002,14834869.93176718,6011
1673049600,1.0002,1.0004,1.0001,1.0002,3347593.987642194,1045
1673136000,1.0001,1.0432,1.0,1.0003,11251202.218694957,2941
1673222400,1.0003,1.0003,0.9998,1.0,19158157.20196691,6713
1673308800,1.0,1.0003,0.9993,0.9999,26579195.15635424,5858
1673395200,0.9998,1.0003,0.9998,1.0,13741308.904004902,6242
1673481600,1.0001,1.002,0.9997,0.9999,18698370.453479268,8563
1673568000,0.9999,1.0002,0.9938,0.9999,13889310.892046046,7065
1673654400,0.9999,1.001,0.9996,0.9999,15832003.624567699,5711
1673740800,0.9999,1.0,0.9994,0.9997,3710022.0908001345,2674
1673827200,0.9997,1.0018,0.9993,0.9999,35243184.59268901,6888
1673913600,0.9999,1.0001,0.9994,0.9998,31369914.76835656,6390
1674000000,0.9999,1.0008,0.9996,1.0,34309821.39655536,7234
1674086400,1.0,1.0002,0.9999,1.0,16041751.353723513,4540
1674172800,0.9999,1.0002,0.9997,0.9999,25989037.967552412,6194
1674259200,0.9998,1.0003,0.9995,0.9999,11090693.89252938,4151
1674345600,0.9999,1.0,0.9992,0.9998,7567603.530618642,2891
1674432000,0.9997,1.0001,0.9996,0.9998,15138678.317929229,5351
1674518400,0.9999,1.0001,0.9997,0.9998,13587520.58892049,5680
1674604800,0.9998,1.0003,0.9995,0.9998,12440067.547842799,4440
1674691200,0.9998,1.002,0.9996,0.9999,15289784.491854453,4290
1674777600,0.9999,1.0159,0.9996,0.9997,12553389.415447153,4056
1674864000,0.9997,1.0088,0.9988,0.9997,9410060.55825379,2202
1674950400,0.9997,1.0,0.9995,0.9999,7443499.015174333,2452
1675036800,0.9999,1.0001,0.9993,0.9999,13407753.116460191,6304
1675123200,0.9999,1.0002,0.9996,0.9999,9623661.141274186,4694
1675209600,0.9999,1.0002,0.9997,1.0,18226387.090900205,6198
1675296000,0.9999,1.0,0.9967,0.9998,11093437.742050605,5235
1675382400,0.9999,1.0003,0.9994,0.9999,11197288.628865374,5387
1675468800,0.9999,1.0109,0.9998,1.0,5041949.834601654,2784
1675555200,0.9999,1.0,0.9996,0.9997,2360590.9122381764,2660
1675641600,0.9998,1.0003,0.9997,1.0,30833584.79793749,4689
1675728000,1.0,1.0005,0.9998,0.9999,20489032.673443925,7122
1675814400,0.9999,1.0004,0.9985,0.9999,45109518.00461511,6919
1675900800,1.0,1.0002,0.9997,0.9999,21398975.843235627,7081
1675987200,0.9999,1.0,0.9995,0.9998,28442627.2809483,4439
1676073600,0.9998,1.0001,0.9997,0.9999,7352848.082813725,1628
1676160000,0.9998,1.0,0.9997,0.9998,6467543.572021847,1778
1676246400,0.9998,0.9999,0.9972,0.9993,51497663.43899328,10261
1676332800,0.9993,1.0003,0.999,0.9996,248883454.53819185,7204
1676419200,0.9996,1.0018,0.9994,0.9999,243124935.6537217,6602
1676505600,0.9998,1.0001,0.9997,0.9999,183890021.60856467,10149
1676592000,0.9999,1.0002,0.9996,0.9998,153193117.10921857,7945
1676678400,0.9998,1.0,0.9997,0.9998,74452582.64173426,2771
1676764800,0.9998,1.0,0.9997,0.9997,29611001.340036474,2690
1676851200,0.9997,1.0001,0.9997,1.0,31584621.009470996,5195
1676937600,1.0,1.0,0.9997,0.9998,45446512.782084055,7472
1677024000,0.9999,1.0001,0.9996,0.9999,198357108.84232917,20691
1677110400,1.0,1.0001,0.9997,0.9998,104380116.20408458,9299
1677196800,0.9998,1.0005,0.9997,1.0,169646433.67413187,8195
1677283200,1.0,1.0004,0.9997,0.9998,54216559.23232437,2812
1677369600,0.9999,1.0001,0.9997,0.9999,53142393.607830316,4867
1677456000,0.9999,1.0005,0.9998,0.9999,23534916.99872158,9723
1677542400,0.9999,1.003,0.9996,0.9998,15183161.458267555,9462
1677628800,0.9999,1.0008,0.9967,0.9998,12658057.321309764,3477
1677715200,0.9999,1.0006,0.9998,0.9999,12890989.6709255,2748
1677801600,1.0,1.0001,0.9993,0.9999,18198025.98236712,6413
1677888000,0.9999,1.0001,0.9999,1.0,1834573.586742952,1135
1677974400,0.9999,1.0,0.9998,1.0,2031322.656741713,1135
1678060800,0.9999,1.0002,0.9998,1.0001,66918415.51944078,5203
1678147200,1.0001,1.0002,0.9997,1.0001,213373361.43514112,14671
1678233600,1.0001,1.0003,1.0,1.0002,22790230.98180776,4859
1678320000,1.0001,1.001,0.9998,1.0,13791983.306001294,5299
1678406400,0.9999,1.0015,0.973,0.9945,64397680.43933806,9051
1678492800,0.9953,0.9966,0.869,0.9605,243240447.83945972,79901
1678579200,0.9605,0.988,0.9381,0.9843,129985343.72534613,80825
1678665600,0.9843,0.9965,0.9829,0.9949,78525587.42326656,49847
1678752000,0.9949,0.999,0.992,0.9963,43062224.23029617,19078
1678838400,0.9964,0.9981,0.9923,0.9959,26854124.276709136,17866
1678924800,0.996,0.9989,0.9957,0.9978,23527399.43216388,14401
1679011200,0.9978,0.999,0.9947,0.9977,37216933.73257366,8727
1679097600,0.9977,0.9979,0.9966,0.9974,9520938.877024211,3540
1679184000,0.9974,0.9977,0.9967,0.9969,20071470.742027327,3822
1679270400,0.9968,0.9976,0.9956,0.9961,63036008.170960575,18219
1679356800,0.9961,0.9976,0.9959,0.9969,45865324.989121914,7212
1679443200,0.9969,0.998,0.9944,0.9972,25961350.618163213,8582
1679529600,0.9972,0.9983,0.9966,0.9981,17378510.690746125,5527
1679616000,0.9982,0.9991,0.998,0.9987,15782380.545349449,8176
1679702400,0.9987,0.9992,0.9986,0.999,3971140.0499517177,2585
1679788800,0.999,0.9992,0.9986,0.9991,3209447.766560076,2561
1679875200,0.9991,0.9998,0.9989,0.9995,16143952.295954702,5571
1679961600,0.9996,1.0019,0.9995,0.9996,21114093.309781685,15659
1680048000,0.9996,1.0006,0.9994,0.9999,13214498.522757372,7453
1680134400,0.9999,1.0001,0.9996,0.9999,14778772.357895043,7634
1680220800,0.9999,1.0008,0.9994,0.9997,19694336.147857044,6754
1680307200,0.9998,1.0,0.9994,0.9996,3296934.7215385856,3200
1680393600,0.9997,0.9999,0.9992,0.9995,4292884.04232231,2455
1680480000,0.9995,1.0004,0.9993,0.9997,14888355.48841384,8390
1680566400,0.9997,1.0,0.9991,0.9995,9532237.555141797,3921
1680652800,0.9995,0.9999,0.9994,0.9996,6662642.718107419,3219
1680739200,0.9996,0.9998,0.9992,0.9995,8377839.936542944,3344
1680825600,0.9995,1.0007,0.9981,0.9994,10094211.368948115,2976
1680912000,0.9994,0.9997,0.9991,0.9995,2336471.3381250976,1065
1680998400,0.9995,0.9996,0.9986,0.9993,4451458.180075407,1304
1681084800,0.9993,0.9998,0.999,0.9993,12337405.573304914,3380
1681171200,0.9993,0.9994,0.9987,0.9989,13139838.138009626,5061
1681257600,0.9989,0.9994,0.9981,0.9993,12891256.116710078,4683
1681344000,0.9993,0.9993,0.9986,0.9989,6763869.149163031,2788
1681430400,0.9989,0.9994,0.9988,0.9991,5306652.694590856,1890
1681516800,0.999,0.9993,0.999,0.9991,884026.0503782395,737
1681603200,0.9991,0.9999,0.9991,0.9993,2937551.9636309627,1821
1681689600,0.9992,0.9996,0.9986,0.9993,9540689.462415311,3261
1681776000,0.9993,1.0003,0.9992,0.9996,7316429.68281073,3555
1681862400,0.9995,0.9999,0.9991,0.9996,7922572.300286264,4104
1681948800,0.9995,1.0004,0.9994,0.9999,8367249.446990945,5051
1682035200,1.0001,1.0009,0.9998,1.0002,14652087.986125374,8583
1682121600,1.0002,1.0004,0.9995,0.9998,2302909.8505210644,1740
1682208000,0.9998,1.0001,0.9997,0.9999,1545096.0983690694,1993
1682294400,0.9999,1.0001,0.9988,0.9999,3386096.019644417,2116
1682380800,0.9999,1.0001,0.9996,0.9998,6347476.5368004255,2773
1682467200,0.9998,1.0003,0.9995,0.9996,5748071.257519318,2882
1682553600,0.9996,1.0,0.9995,0.9997,3537668.5537591316,1551
1682640000,0.9997,1.0001,0.999,0.9993,5659165.353106708,2509
1682726400,0.9992,0.9995,0.9992,0.9995,1398399.5738300274,810
1682812800,0.9995,0.9997,0.9992,0.9995,2739331.7742800605,1318
1682899200,0.9995,1.0,0.9994,0.9998,2684539.1033370183,2109
1682985600,0.9998,1.0001,0.9992,0.9995,5738257.705465872,1879
1683072000,0.9994,1.0,0.9994,0.9997,4976200.204453613,1866
1683158400,0.9997,0.9999,0.9994,0.9996,21287915.101383585,3536
1683244800,0.9996,0.9998,0.9989,0.999,14125204.795349,4912
1683331200,0.9989,0.9992,0.9981,0.9983,3024066.503320219,1378
1683417600,0.9982,0.9989,0.9981,0.9986,987778.5773104213,492
1683504000,0.9985,0.9994,0.9984,0.9992,8795730.157411225,2841
1683590400,0.9992,1.05,0.9989,0.9994,18455013.750797022,4730
1683676800,0.9995,0.9999,0.9989,0.9992,13474024.51886953,3557
1683763200,0.9992,0.9997,0.9991,0.9995,7236674.654774494,2249
1683849600,0.9995,0.9999,0.9993,0.9995,3647346.2929984694,1974
1683936000,0.9995,1.0,0.9992,0.9995,3168321.4167554467,826
1684022400,0.9994,0.9997,0.9992,0.9996,1219956.0440145084,399
1684108800,0.9996,0.9998,0.9989,0.9997,2818440.9253547634,1425
1684195200,0.9997,1.0,0.9989,0.9999,3699942.172370039,2241
1684281600,0.9999,1.0004,0.9998,0.9999,4131942.8604717073,1217
1684368000,0.9999,1.0022,0.9999,0.9999,5102673.738014037,1824
1684454400,0.9999,1.0,0.9996,0.9998,3363299.082449683,1234
1684540800,0.9998,0.9999,0.9994,0.9996,2048384.070605539,633
1684627200,0.9996,0.9998,0.9992,0.9997,1073103.9472309297,802
1684713600,0.9997,1.0,0.9991,0.9998,6459044.183359791,1719
1684800000,0.9997,1.0001,0.9997,0.9999,2688040.419743095,1342
1684886400,0.9999,1.0008,0.9998,1.0001,9337547.885270473,3953
1684972800,1.0001,1.0009,0.9998,1.0,7324251.756065323,2792
1685059200,1.0,1.0001,0.9996,0.9996,1321484.6678268404,1273
1685145600,0.9997,0.9998,0.9992,0.9996,1284484.64640152,627
1685232000,0.9996,0.9999,0.9995,0.9997,1512980.6463267792,1494
1685318400,0.9998,0.9999,0.9996,0.9996,3680404.918464891,1616
1685404800,0.9997,0.9999,0.9993,0.9997,6561986.251897717,2047
1685491200,0.9997,1.0,0.9992,0.9998,11021259.56272803,3105
1685577600,0.9997,1.0,0.9991,0.9997,7222128.673323184,2525
1685664000,0.9997,1.0003,0.9991,0.9997,9825836.63213123,2346
1685750400,0.9997,0.9999,0.9995,0.9997,2140569.922865047,576
1685836800,0.9997,0.9999,0.9995,0.9997,1301694.2250845798,732
1685923200,0.9997,1.0001,0.9995,0.9996,14865214.736147905,6026
1686009600,0.9996,1.0001,0.9992,0.9995,13768648.538089335,2280
1686096000,0.9995,1.0,0.9991,0.9998,8559676.000107374,2110
1686182400,0.9998,1.0007,0.999,0.9997,9288086.96189797,2426
1686268800,0.9999,1.0003,0.9996,1.0,4703617.785479889,1134
1686355200,1.0,1.0007,0.9992,0.9994,7938687.473513401,4132
1686441600,0.9995,0.9998,0.9994,0.9997,2279858.137789028,1406
1686528000,0.9997,1.0004,0.9993,1.0002,14597569.2539205,2735
1686614400,1.0001,1.0006,0.9998,1.0002,7989939.8686729735,1714
1686700800,1.0002,1.0005,0.9998,1.0002,10024496.169408279,1628
1686787200,1.0001,1.013,0.9993,1.0008,42931142.39124188,5973
1686873600,1.0008,1.0017,1.0004,1.0008,16681466.927838957,2639
1686960000,1.0007,1.0009,1.0002,1.0005,2165327.5213900805,314
1687046400,1.0004,1.0005,1.0001,1.0002,761996.8193894206,280
1687132800,1.0002,1.0006,0.9999,1.0003,3153972.2970924196,690
1687219200,1.0002,1.0006,0.9996,0.9998,6605254.569400033,1333
1687305600,0.9998,1.0004,0.9995,1.0,12878274.788068317,3133
1687392000,0.9999,1.0003,0.9994,0.9999,10213963.328849303,2592
1687478400,0.9999,1.0,0.9992,0.9995,12177677.920136167,1632
1687564800,0.9995,0.9996,0.9993,0.9994,414269.5855968698,288
1687651200,0.9995,0.9998,0.9992,0.9996,2322171.226019008,568
1687737600,0.9996,1.0,0.9993,0.9999,6042415.917118548,2728
1687824000,0.9999,1.0003,0.9993,0.9999,14388019.051375445,2501
1687910400,0.9999,1.0002,0.9997,1.0,6044055.76932559,3302
1687996800,1.0,1.0005,0.9994,1.0001,11581383.47467433,4120
1688083200,1.0001,1.0006,0.9999,1.0001,12768637.051164968,3907
1688169600,1.0003,1.0005,0.9999,1.0,2218533.4936573002,1038
1688256000,1.0,1.0003,0.9999,1.0001,1327510.1506047822,1139
1688342400,1.0001,1.0002,0.9993,1.0,7046517.562419123,2077
1688428800,0.9999,1.0,0.9996,0.9999,2716310.3756209426,1132
1688515200,0.9997,1.0002,0.9993,1.0,17674489.474718563,4961
1688601600,1.0,1.0002,0.9992,1.0,9678606.229999393,3884
1688688000,1.0,1.0002,0.9997,0.9998,10586690.479266234,3008
1688774400,0.9998,1.0001,0.9997,0.9997,1211487.4943180701,686
1688860800,0.9998,1.0,0.9997,0.9999,1306554.0911451892,408
1688947200,0.9998,1.0002,0.9997,0.9999,5939235.255188295,1584
1689033600,0.9999,1.0002,0.9995,0.9999,8350993.851529485,1752
1689120000,1.0,1.0004,0.9997,1.0,7034405.913188191,1286
1689206400,1.0001,1.0003,0.9992,0.9995,7112417.195989161,3072
1689292800,0.9996,1.0,0.9994,0.9995,17724266.559892867,3441
1689379200,0.9995,0.9999,0.9994,0.9997,2475419.0925836256,696
1689465600,0.9998,0.9998,0.9994,0.9995,2573834.0355688217,995
1689552000,0.9995,1.0,0.9994,0.9997,17304531.631635137,1454
1689638400,0.9998,1.0016,0.9994,0.9998,16376372.832805198,2700
1689724800,0.9999,1.0001,0.9991,0.9998,8236254.875640364,2243
1689811200,0.9998,1.0003,0.9998,1.0,6181311.9254805725,1616
1689897600,1.0,1.0023,0.9998,0.9999,4853916.017874051,1322
1689984000,1.0,1.0,0.9998,0.9999,1491071.4373163667,694
1690070400,0.9999,1.0001,0.9998,1.0001,1325797.9091149622,781
1690156800,1.0,1.0203,0.9999,1.0001,8129989.617165577,2678
1690243200,1.0001,1.0009,1.0,1.0001,8466780.92916709,1857
1690329600,1.0001,1.0036,0.9999,0.9999,11978970.984661339,2777
1690416000,1.0,1.0013,0.9999,1.0002,5687661.95981886,1887
1690502400,1.0002,1.0007,1.0,1.0001,5364442.117219455,2699
1690588800,1.0,1.0001,0.9998,1.0,871675.0708422504,540
1690675200,1.0,1.0002,0.9998,1.0001,1413135.7478938836,929
1690761600,1.0001,1.0004,0.9996,1.0001,14538617.395212911,2894
1690848000,1.0001,1.001,0.9996,1.0005,17176781.183475718,3776
1690934400,1.0005,1.0012,1.0003,1.0005,10335602.581946721,2352
1691020800,1.0006,1.0012,1.0005,1.0007,5010763.689224941,1294
1691107200,1.0007,1.0031,1.0005,1.0013,10494029.2923407,1985
1691193600,1.0014,1.0016,1.0009,1.0009,2750555.5276920693,434
1691280000,1.0009,1.0015,1.0008,1.0015,2818429.314305218,761
1691366400,1.0016,1.0022,1.001,1.0011,19811611.300756674,3157
1691452800,1.0012,1.0015,0.9994,1.0003,14275188.888854412,3648
1691539200,1.0004,1.0021,0.9998,1.0007,10950246.979514904,2840
1691625600,1.0007,1.0013,1.0005,1.0011,6378479.612079701,1152
1691712000,1.0011,1.0021,1.0001,1.0011,12345119.680897666,2486
1691798400,1.001,1.001,1.0005,1.0006,1060131.9552083379,1023
1691884800,1.0006,1.0008,1.0005,1.0007,983966.6608726197,557
1691971200,1.0007,1.0015,1.0007,1.0009,9934631.024658399,2649
1692057600,1.0009,1.0016,1.0006,1.0011,5634464.327155986,1826
1692144000,1.0011,1.0014,0.9995,1.0012,14139074.66071918,3697
1692230400,1.0011,1.0016,0.9997,1.0,18383727.48089258,5511
1692316800,1.0001,1.0009,0.9995,1.0002,7709854.880609643,3110
1692403200,1.0002,1.0005,0.9995,1.0002,1190467.3502309208,925
1692489600,1.0002,1.0003,0.9999,1.0,1110637.1192037005,686
1692576000,1.0,1.0006,0.9993,1.0002,5714262.638366431,1780
1692662400,1.0001,1.0007,0.9998,1.0006,3530147.2377209994,2022
1692748800,1.0006,1.0007,0.9996,1.0002,6745297.385070024,2448
1692835200,1.0002,1.0007,1.0001,1.0006,4398809.515706999,3767
1692921600,1.0005,1.0008,1.0002,1.0006,4295325.160221971,2658
1693008000,1.0006,1.0008,1.0004,1.0004,2118812.4350561723,748
1693094400,1.0005,1.0007,1.0003,1.0005,1004216.9407700293,1386
1693180800,1.0005,1.0009,1.0004,1.0007,4991132.57773201,2565
1693267200,1.0007,1.001,0.9998,1.0002,11903735.721421992,2948
1693353600,1.0001,1.0003,0.9999,1.0,4254082.590213292,1745
1693440000,1.0,1.001,0.9996,1.0003,5707280.186375486,1884
1693526400,1.0003,1.0008,1.0001,1.0004,4648661.870065086,1826
1693612800,1.0004,1.0005,0.9995,1.0001,2573385.0587471607,699
1693699200,1.0001,1.0003,0.9997,1.0001,1417368.6639733405,581
1693785600,1.0002,1.0006,1.0001,1.0004,3848885.754803357,1175
1693872000,1.0005,1.0009,0.9986,1.0004,9210816.18490213,2450
1693958400,1.0005,1.0008,0.9998,1.0005,3368401.735707829,1504
1694044800,1.0006,1.0007,1.0003,1.0005,10148379.155371943,1700
1694131200,1.0004,1.0007,1.0002,1.0004,9790481.361609206,1376
1694217600,1.0003,1.0005,0.9995,1.0003,3603059.4753662,804
1694304000,1.0003,1.0005,1.0001,1.0003,1095890.6645803268,762
1694390400,1.0003,1.0006,0.9999,1.0003,4320369.805560167,2394
1694476800,1.0003,1.0005,1.0,1.0001,14841073.48957782,2937
1694563200,1.0001,1.0003,0.9998,0.9999,6057065.812005179,1665
1694649600,1.0,1.0003,0.9997,0.9999,6957677.872645143,1469
1694736000,0.9999,1.0002,0.9998,1.0001,7030550.940542785,1531
1694822400,1.0,1.0001,0.9997,0.9998,2264082.5112878196,514
1694908800,0.9999,0.9999,0.9996,0.9998,1207517.3400033596,475
1694995200,0.9998,1.0,0.9991,0.9998,4922629.586272483,1173
1695081600,0.9998,1.0,0.9997,0.9998,9824493.617956989,1850
1695168000,0.9998,1.0002,0.9993,0.9999,5001822.630286954,2493
1695254400,0.9999,1.0002,0.9996,1.0,2784525.554809104,3910
1695340800,1.0,1.0002,0.9996,1.0001,3638691.9083206397,1432
1695427200,1.0001,1.0001,0.9999,0.9999,155504.8843888802,149
1695513600,0.9999,1.0001,0.9999,0.9999,1286423.0798635704,337
1695600000,0.9999,1.0004,0.9999,1.0003,10702991.017233655,2186
1695686400,1.0003,1.0006,1.0002,1.0005,4550269.11758336,704
1695772800,1.0004,1.0009,1.0001,1.0007,4809594.934831213,731
1695859200,1.0007,1.0011,0.9909,1.0001,7356553.8076606495,1216
1695945600,1.0,1.0003,0.9998,1.0,7386143.190708252,1228
1696032000,1.0,1.0002,0.9997,0.9999,2271181.329523891,615
1696118400,0.9999,1.0002,0.9998,1.0002,2151403.795904954,623
1696204800,1.0002,1.0002,0.9993,0.9998,10752659.333906071,1916
1696291200,0.9998,1.0002,0.9997,1.0,6110265.2026096815,1295
1696377600,1.0,1.0002,0.9998,1.0,16287233.688888205,1617
1696464000,1.0,1.0002,0.9995,1.0,3505922.1851810087,982
1696550400,1.0,1.0,0.9994,0.9995,3746961.1501073693,1023
1696636800,0.9995,0.9996,0.9993,0.9995,1323555.4971102197,444
1696723200,0.9994,0.9998,0.9992,0.9994,1515910.3878753793,479
1696809600,0.9995,1.0,0.9994,0.9998,7364067.982997645,1433
1696896000,0.9998,1.0001,0.9996,1.0,6897618.719552568,1248
1696982400,1.0,1.0004,0.9997,1.0003,9101546.023146397,1373
1697068800,1.0003,1.0005,1.0001,1.0004,4716360.564487813,898
1697155200,1.0004,1.0006,1.0001,1.0003,3311137.1996792294,693
1697241600,1.0002,1.0003,1.0,1.0,725333.5979961505,386
1697328000,1.0,1.0003,0.9998,0.9998,1449630.2019070806,482
1697414400,0.9999,1.0003,0.9995,0.9996,4956570.93105077,1480
1697500800,0.9996,1.0001,0.9988,0.9996,8880482.902877642,1519
1697587200,0.9996,1.0002,0.9995,0.9999,6788088.495572954,1210
1697673600,0.9998,1.0002,0.9995,0.9995,12828809.147781273,2376
1697760000,0.9995,0.9999,0.9987,0.9995,10499627.413139738,1251
1697846400,0.9995,0.9998,0.9995,0.9995,5316114.740730034,1232
1697932800,0.9997,0.9998,0.9993,0.9997,2536152.9760129307,600
1698019200,0.9997,0.9999,0.9993,0.9996,8070023.8754243525,2260
1698105600,0.9996,1.0002,0.9994,1.0,10980465.765267765,2158
1698192000,0.9999,1.0002,0.9996,0.9997,7853483.450685839,1492
1698278400,0.9998,1.0001,0.9996,0.9998,5342387.054970275,1161
1698364800,0.9998,1.0001,0.9996,0.9997,9563859.975597028,1794
1698451200,0.9998,1.0,0.9997,0.9999,1930234.5464504103,473
1698537600,0.9999,1.0,0.9995,0.9997,2867861.4927958027,948
1698624000,0.9997,1.0,0.9983,0.9996,6183590.674871792,1287
1698710400,0.9996,1.0,0.9992,0.9997,7655492.839666634,1334
1698796800,0.9997,1.0002,0.9989,0.9996,11767113.461671086,2656
1698883200,0.9996,1.0,0.9989,0.9999,16080405.39188715,3038
1698969600,0.9999,1.0001,0.9993,0.9996,8317697.721412673,1439
1699056000,0.9996,0.9997,0.9993,0.9994,2898106.2893483136,678
1699142400,0.9994,0.9995,0.9987,0.9992,1041115.9895985301,509
1699228800,0.9993,0.9999,0.9942,0.9997,6029429.790853579,2009
1699315200,0.9997,1.0002,0.9993,0.9996,12631346.737839626,3043
1699401600,0.9996,1.0001,0.9994,0.9997,6914315.149911137,913
1699488000,0.9996,1.0,0.9987,0.9999,9553237.10372309,2577
1699574400,0.9999,1.0002,0.9994,0.9995,10609049.34035001,2093
1699660800,0.9995,0.9999,0.9992,0.9998,5692120.671352015,1794
1699747200,0.9998,0.9999,0.9993,0.9995,5940859.307350968,1684
1699833600,0.9995,1.0002,0.9991,0.9998,7606494.329641808,1988
1699920000,0.9998,1.0002,0.9995,0.9998,8990729.635074709,1817
1700006400,0.9999,1.0,0.9981,0.9994,7306669.012169001,1800
1700092800,0.9996,1.0002,0.9994,0.9998,9214149.092057135,2520
1700179200,0.9999,1.0002,0.9996,0.9997,10873572.206931703,1528
1700265600,0.9997,0.9998,0.9992,0.9995,2888095.8952866415,718
1700352000,0.9995,1.0002,0.9992,0.9995,3339920.1932613277,758
1700438400,0.9995,0.9998,0.9988,0.9993,12517356.220166175,4922
1700524800,0.9994,0.9999,0.9914,0.9996,14678267.031760631,2984
1700611200,0.9997,1.0001,0.9994,0.9996,7344909.313330591,2823
1700697600,0.9997,0.9999,0.9897,0.9999,7482012.056897488,1440
1700784000,0.9999,1.0,0.999,0.9992,10716330.653994797,1908
1700870400,0.9993,0.9997,0.999,0.9995,2935514.7502823793,781
1700956800,0.9995,0.9997,0.9993,0.9996,3618161.205697919,1090
1701043200,0.9997,1.0001,0.9992,1.0,7087006.4777964745,2068
1701129600,1.0,1.0001,0.999,0.9996,7626616.142288199,1841
1701216000,0.9996,1.0023,0.9987,0.9998,7619080.74315903,1842
1701302400,0.9998,1.0,0.999,0.9999,17277449.323318798,3220
1701388800,0.9999,1.0,0.9995,0.9995,11138100.546837706,1717
1701475200,0.9996,0.9998,0.9993,0.9996,2736291.9129314176,741
1701561600,0.9996,0.9998,0.9994,0.9996,1230601.1403440903,631
1701648000,0.9997,1.0003,0.9986,1.0,12663720.05130174,3728
1701734400,1.0,1.008,0.9973,0.9998,15584078.744949853,3636
1701820800,0.9997,1.0002,0.9997,1.0,5459142.914615461,1665
1701907200,1.0,1.0001,0.999,0.9997,9184446.23074116,2052
1701993600,0.9998,1.0032,0.9995,0.9998,10217187.492489187,3043
1702080000,0.9998,1.0073,0.9995,0.9996,5666688.427568107,1610
1702166400,0.9997,1.0006,0.9996,1.0,3799793.690509625,1451
1702252800,1.0,1.0016,0.9996,1.0004,16860424.90270935,4133
1702339200,1.0004,1.001,0.9997,1.0004,9781627.690348847,2589
1702425600,1.0005,1.0019,0.9997,0.9999,11027366.952770745,1546
1702512000,0.9999,1.0003,0.9991,0.9998,10384953.853410196,4137
1702598400,0.9999,1.0008,0.9993,1.0001,10972974.245240876,4503
1702684800,1.0001,1.001,1.0,1.0008,2943109.230644561,782
1702771200,1.0008,1.0019,1.0007,1.0009,2275063.6961842403,943
1702857600,1.001,1.0012,1.0002,1.0002,5825356.221448552,1761
1702944000,1.0003,1.0023,0.9997,1.0003,11988944.950392183,2832
1703030400,1.0003,1.0007,0.999,1.0,11623208.275634207,2917
1703116800,1.0,1.0006,0.9994,0.9999,5098258.808792191,1558
1703203200,0.9999,1.001,0.9918,0.9992,16355822.603028113,3100
1703289600,0.9993,0.9997,0.999,0.9996,6778079.285248857,1351
1703376000,0.9996,0.9998,0.9992,0.9994,9325692.209484229,2265
1703462400,0.9994,1.0001,0.9993,0.9998,2805725.51911401,832
1703548800,0.9998,1.0006,0.9997,1.0,7474875.674093384,1341
1703635200,1.0001,1.0005,0.9992,0.9993,10933890.760156205,1895
1703721600,0.9994,1.0,0.9989,0.9995,11819629.081309203,1672
1703808000,0.9996,1.0006,0.999,1.0,18853622.66782442,3124
1703894400,0.9999,1.0002,0.9998,0.9999,1803965.141914971,840
1703980800,1.0,1.0006,0.9999,1.0003,3452393.2920005736,2298
1704067200,1.0003,1.0005,0.9997,0.9998,3294678.695626648,2001
1704153600,0.9998,0.9999,0.9988,0.9997,16914140.816528287,6180
1704240000,0.9997,1.0007,0.9894,0.9995,28935096.457345374,7998
1704326400,0.9995,0.9998,0.9981,0.999,18918481.228478357,3542
1704412800,0.999,1.0012,0.9986,0.9992,23173963.544246234,6809
1704499200,0.9992,0.9997,0.999,0.9995,3332177.148748345,938
1704585600,0.9994,0.9997,0.9992,0.9994,4329545.045009729,1496
1704672000,0.9994,0.9998,0.9979,0.9992,17865317.264099397,2968
1704758400,0.9992,1.0001,0.9917,0.9997,19852209.239715766,4756
1704844800,0.9998,1.0,0.9994,0.9996,26299715.666786622,6358
1704931200,0.9997,1.001,0.9945,0.9999,25818538.397709124,6822
1705017600,0.9999,1.0013,0.9993,1.0002,11733012.785754636,3857
1705104000,1.0004,1.0009,1.0,1.0001,5468804.991734368,1704
1705190400,1.0001,1.0008,1.0,1.0008,2582170.111461773,893
1705276800,1.0008,1.001,0.9997,1.0007,10178103.702722816,2138
1705363200,1.0007,1.0017,0.9995,1.0003,20019135.32016213,3941
1705449600,1.0003,1.0018,0.9997,1.0009,13886608.08981161,2957
1705536000,1.0009,1.0029,0.9995,1.0009,19339685.731695477,4235
1705622400,1.001,1.0017,1.0001,1.001,15493301.297948632,3375
1705708800,1.001,1.0014,0.9998,1.0007,2531601.675603893,1607
1705795200,1.0007,1.0008,1.0005,1.0007,1057847.5995009092,450
1705881600,1.0007,1.0017,0.9993,1.0011,15126008.342593087,2164
1705968000,1.0012,1.0015,1.0,1.0008,13376961.906385813,2078
1706054400,1.0008,1.0014,0.9993,1.0005,10423688.01841352,1921
1706140800,1.0004,1.0046,0.9997,1.0006,12503389.219909078,1918
1706227200,1.0007,1.0079,0.9998,1.0002,10478729.584393514,1829
1706313600,1.0002,1.0004,0.9998,1.0,2473844.0090916324,583
1706400000,1.0,1.0003,0.9998,1.0002,3224072.9387083193,510
1706486400,1.0,1.0069,0.9997,1.0,20917303.68971604,3615
1706572800,1.0,1.0005,0.9999,1.0,8300238.996995274,1375
1706659200,1.0001,1.0036,0.9999,1.0007,21575641.292191133,3353
1706745600,1.0008,1.0016,1.0,1.0003,11396670.765160656,2326
1706832000,1.0003,1.001,1.0,1.0004,9960359.554300847,1607
1706918400,1.0004,1.0007,1.0002,1.0004,2596431.3304017335,401
1707004800,1.0003,1.0035,1.0002,1.0005,3671992.9513567095,576
1707091200,1.0004,1.0059,1.0002,1.0013,11902497.145935275,1595
1707177600,1.0012,1.0016,1.0001,1.0003,8503902.28594327,1351
1707264000,1.0003,1.001,1.0002,1.0002,12339747.121949598,1923
1707350400,1.0002,1.0006,0.9996,0.9999,11751241.457474088,1855
1707436800,0.9998,1.0003,0.9991,0.9995,10701908.484274985,2123
1707523200,0.9996,0.9999,0.9991,0.9997,7341075.356645555,1139
1707609600,0.9997,0.9999,0.9994,0.9997,3545663.249529313,1042
1707696000,0.9997,1.0002,0.9989,0.9996,12837860.507755013,2138
1707782400,0.9996,1.0,0.999,0.9995,11544620.568777954,2101
1707868800,0.9995,1.0005,0.9989,0.9991,13480540.095659543,2722
1707955200,0.999,0.9999,0.9981,0.9991,19969729.45998904,2858
1708041600,0.9989,1.0012,0.9988,0.9994,12622011.746842664,2269
1708128000,0.9993,1.0002,0.9991,0.9997,4123541.7943217466,841
1708214400,0.9997,1.0,0.9994,0.9998,3850532.353974318,1100
1708300800,0.9998,1.0002,0.9994,0.9998,6670379.854322784,1507
1708387200,0.9998,1.0006,0.9993,0.9998,11398901.758950384,1956
1708473600,1.0,1.0008,0.9995,0.9999,9442074.345637474,1836
1708560000,0.9999,1.001,0.9998,1.0007,19682285.665227357,2811
1708646400,1.0006,1.0007,0.9996,1.0,9704925.153416086,1670
1708732800,1.0,1.0003,0.9998,1.0,4113822.231865399,741
1708819200,1.0,1.0002,0.9994,0.9999,3735688.280371921,1175
1708905600,0.9999,1.0004,0.9978,0.9992,11374900.44149522,2446
1708992000,0.9991,0.9998,0.9982,0.9995,15455797.59680473,3210
1709078400,0.9995,0.9998,0.9981,0.9988,16412696.3340054,3915
1709164800,0.9988,1.0003,0.9988,0.9992,19621138.06712773,6409
1709251200,0.9994,0.9999,0.9984,0.9992,9760459.119044181,4392
1709337600,0.9992,0.9995,0.9984,0.9992,4511226.3575610565,1563
1709424000,0.9992,0.9996,0.9982,0.9993,5667914.898189463,2813
1709510400,0.9994,0.9997,0.9978,0.9987,25379018.142210748,7977
1709596800,0.9987,1.0005,0.9519,0.9987,21737320.34725736,9506
1709683200,0.9986,1.0022,0.9976,0.9993,24050070.553336177,7965
1709769600,0.9993,0.9998,0.9975,0.9983,11006857.699262766,8562
1709856000,0.9983,0.9992,0.9962,0.9975,15259266.840544283,6320
1709942400,0.9977,0.9981,0.9969,0.9977,5405243.234187105,2569
1710028800,0.9979,0.9989,0.9973,0.9989,5490960.684872156,3531
1710115200,0.9989,1.0003,0.9915,0.9996,17077128.378842175,10408
1710201600,0.9996,1.0001,0.9981,0.9997,19173221.941400487,9301
1710288000,0.9997,1.0001,0.9981,0.9993,17622681.543990698,5604
1710374400,0.9993,1.0019,0.9986,1.0001,16496636.195342403,6092
1710460800,1.0001,1.0011,0.9996,0.9998,14943954.806599053,5058
1710547200,0.9998,1.0011,0.9997,1.0007,6864680.976728002,2688
1710633600,1.0006,1.0016,1.0001,1.0007,6581127.628239819,3150
1710720000,1.0006,1.0009,0.9998,1.0,19853101.226647954,6936
1710806400,1.0,1.0021,0.9997,1.0005,18068982.84572301,7118
1710892800,1.0005,1.0009,0.9995,0.9999,17448576.036975786,7697
1710979200,0.9999,1.0024,0.9975,1.0002,13356884.804628057,8600
1711065600,1.0003,1.0004,0.9992,0.9998,11746272.674574547,4970
1711152000,0.9998,1.0,0.9996,0.9998,2204421.0118688303,2400
1711238400,0.9998,1.0002,0.9995,0.9999,2522019.929606385,3185
1711324800,1.0,1.0003,0.9989,0.9997,12055986.481515715,4385
1711411200,0.9997,1.0008,0.9994,1.0001,13690336.580230283,3565
1711497600,1.0001,1.0009,0.9997,1.0004,7366521.311700272,5187
1711584000,1.0004,1.0009,0.9996,1.0,13816995.192217974,5945
1711670400,0.9998,1.0006,0.9991,0.9994,7634754.982115243,3240
1711756800,0.9993,0.9997,0.9991,0.9996,3128710.72473396,1580
1711843200,0.9996,1.0001,0.9995,0.9996,5395845.929980179,4913
1711929600,0.9996,1.0002,0.999,0.9994,7721431.575766523,1817
1712016000,0.9995,1.0008,0.9988,0.9996,14604134.570666682,4227
1712102400,0.9997,1.0,0.999,0.9996,11568840.342490083,5018
1712188800,0.9996,1.0003,0.9978,0.9996,19898920.40356888,7860
1712275200,0.9995,1.0001,0.9955,0.9996,37531910.919457234,5317
1712361600,0.9996,1.0,0.9993,0.9997,3071952.4909903146,1547
1712448000,0.9997,1.0,0.9993,0.9999,4897682.622366224,1882
1712534400,0.9999,1.0005,0.9995,1.0,16735415.803724712,4561
1712620800,1.0,1.0006,0.9962,1.0005,9682128.846688356,2339
1712707200,1.0003,1.0008,0.9991,1.0,8039001.70670036,3582
1712793600,1.0001,1.0015,0.9996,0.9998,9299094.731781516,3183
1712880000,0.9998,1.0009,0.9993,0.9995,22000817.359325636,6421
1712966400,0.9996,0.9999,0.9974,0.9987,23324717.266885914,14650
1713052800,0.9988,0.9999,0.9986,0.9989,10733012.121457538,7846
1713139200,0.9989,0.9998,0.9981,0.9997,20026110.568064258,5625
1713225600,0.9997,1.0002,0.999,0.9996,8344455.024657799,5667
1713312000,0.9995,1.0003,0.9987,1.0,13308463.931214364,4293
1713398400,1.0001,1.0002,0.9981,0.9994,7721293.442321742,3591
1713484800,0.9995,1.0,0.9989,0.9995,8826755.124739591,5154
1713571200,0.9995,0.9998,0.9994,0.9996,2239954.473141517,1916
1713657600,0.9996,1.0,0.9994,0.9998,1133042.1943537497,1299
1713744000,0.9998,1.0001,0.9988,0.9997,6995760.552459872,3315
1713830400,0.9996,1.0,0.9992,0.9999,17884212.95592753,2603
1713916800,0.9999,1.0009,0.9996,1.0006,33943303.83666269,5757
1714003200,1.0004,1.0008,0.9998,1.0,10095367.04593691,2391
1714089600,1.0,1.0005,0.9998,1.0003,6400527.156567177,2448
1714176000,1.0003,1.0008,1.0001,1.0006,3369232.2047846885,1623
1714262400,1.0006,1.0007,1.0002,1.0002,1119602.36975681,571
1714348800,1.0003,1.0006,0.9998,1.0003,7256257.917177443,4044
1714435200,1.0002,1.0016,1.0,1.0008,7565846.9875757145,3845
1714521600,1.0009,1.0015,1.0003,1.0013,11247260.425638463,4140
1714608000,1.0013,1.0014,0.9996,1.0,6565355.530524869,4170
1714694400,1.0,1.0002,0.9993,0.9996,4630757.918270335,3463
1714780800,0.9996,1.0,0.9994,0.9999,4256541.3982354505,2330
1714867200,0.9999,1.0001,0.9997,0.9998,1679973.82758831,1135
1714953600,0.9999,1.0002,0.9996,0.9999,6341348.879999376,3420
1715040000,1.0,1.0002,0.9996,0.9999,3163977.8668010477,2727
1715126400,1.0,1.0005,0.9998,1.0004,5098707.1429733755,2681
1715212800,1.0004,1.0007,0.9999,1.0001,5834628.413804334,2678
1715299200,1.0001,1.0007,0.9997,1.0002,3105599.0915422803,1144
1715385600,1.0002,1.0005,1.0001,1.0002,1378779.8513640217,633
1715472000,1.0002,1.0005,1.0002,1.0005,1270825.9018652926,1046
1715558400,1.0005,1.0007,1.0,1.0001,5713383.519589298,2651
1715644800,1.0001,1.0015,1.0001,1.0004,9610025.030621588,2643
1715731200,1.0004,1.0006,0.9991,0.9996,7313668.801947278,5962
1715817600,0.9995,1.0002,0.9994,0.9999,7177983.684978496,2242
1715904000,0.9998,1.0017,0.9994,0.9997,5626340.4441231815,3292
1715990400,0.9996,0.9998,0.9995,0.9997,1315569.40040643,936
1716076800,0.9998,1.0015,0.9997,1.0001,2048002.7088683674,1243
1716163200,1.0,1.0003,0.9986,0.9998,6522204.325454007,2192
1716249600,0.9998,1.0007,0.9994,1.0001,14197294.999373153,7869
1716336000,1.0002,1.0005,0.9999,1.0004,5745366.703075247,3256
1716422400,1.0003,1.0012,0.9992,1.0005,13810225.568419889,4287
1716508800,1.0004,1.0009,1.0,1.0003,5992085.613021026,2594
1716595200,1.0003,1.0005,1.0,1.0,1759142.5970356714,3284
1716681600,1.0,1.0007,0.9999,1.0005,2154478.051500202,1000
1716768000,1.0005,1.0011,1.0004,1.0007,4750237.360356847,2525
1716854400,1.0007,1.0014,1.0006,1.0011,8854295.95473324,3428
1716940800,1.0011,1.0015,1.0005,1.0012,5494179.6115475325,2796
1717027200,1.0012,1.0013,1.0,1.0003,5553182.951643231,1526
1717113600,1.0002,1.0017,1.0001,1.001,8419407.753925363,4448
1717200000,1.001,1.0012,1.0007,1.0007,540387.1705363906,1484
1717286400,1.0007,1.0018,1.0004,1.0005,1041744.9752268653,1121
1717372800,1.0005,1.0009,1.0,1.0003,12700956.221198844,3400
1717459200,1.0002,1.0006,0.9998,0.9999,49532707.40783308,5500
1717545600,0.9999,1.0145,0.9998,0.9999,8062838.997199291,2443
1717632000,0.9999,1.0005,0.9998,1.0004,12097899.09722157,2859
1717718400,1.0003,1.0021,1.0,1.0003,7483247.229197141,3963
1717804800,1.0003,1.0005,1.0,1.0,1859411.3445963326,1367
1717891200,1.0,1.0002,0.9999,1.0,3028926.0454764236,1788
1717977600,1.0001,1.0004,0.9999,1.0004,7602798.960044261,2459
1718064000,1.0003,1.001,1.0,1.0,8325199.755987356,4712
1718150400,1.0,1.0008,0.9994,1.0003,7428975.020733567,4524
1718236800,1.0002,1.0008,0.9996,1.0003,7243553.035931753,2515
1718323200,1.0003,1.0021,1.0001,1.0005,7406017.564445176,2124
1718409600,1.0004,1.0007,1.0004,1.0005,1381318.730447358,1064
1718496000,1.0006,1.0009,1.0004,1.0005,1490081.2474185163,1017
1718582400,1.0006,1.005,1.0003,1.0003,10706841.973428505,7710
1718668800,1.0003,1.0008,0.9999,1.0004,5271075.6581799025,2384
1718755200,1.0004,1.0007,0.9998,1.0003,5577336.22099169,3527
1718841600,1.0003,1.0009,1.0001,1.0005,7603673.179707982,4136
1718928000,1.0005,1.0009,1.0004,1.0004,9510242.074957097,1981
1719014400,1.0004,1.0007,0.9902,1.0004,3605989.9408299658,781
1719100800,1.0004,1.0008,1.0003,1.0006,1138491.4169377862,1455
1719187200,1.0007,1.0008,1.0003,1.0006,10134735.31404714,3899
1719273600,1.0006,1.0009,0.9992,1.0001,8454476.528175965,4631
1719360000,1.0,1.0006,0.9999,1.0005,7254664.277344437,2542
1719446400,1.0004,1.0013,1.0004,1.0013,13911930.35692649,2768
1719532800,1.0012,1.0019,1.0004,1.0018,14650475.427685859,3664
1719619200,1.0017,1.0018,1.0011,1.0014,3126294.404441279,5492
1719705600,1.0014,1.0026,1.0013,1.0015,3934031.0327076656,1005
1719792000,1.0014,1.0015,1.0008,1.0009,8141529.3019512165,4068
1719878400,1.0009,1.0018,1.0008,1.0014,4136391.7843831596,1967
1719964800,1.0015,1.0018,1.0009,1.0009,5183645.415925309,2926
1720051200,1.001,1.0011,1.0002,1.0003,4402261.858909251,2688
1720137600,1.0003,1.0005,0.9998,0.9999,9155215.042797664,3271
1720224000,0.9999,1.0,0.9997,0.9999,1955504.2271512637,1251
1720310400,0.9998,1.0002,0.9997,1.0001,3028542.450939503,2125
1720396800,1.0001,1.0004,0.9998,1.0002,11254552.00393637,1639
1720483200,1.0001,1.0022,0.9998,1.0,10289620.690976273,2949
1720569600,0.9999,1.0026,0.9985,1.0001,9753642.935780067,3769
1720656000,1.0,1.0021,0.9996,1.0,11516459.252750691,2514
1720742400,0.9999,1.0003,0.9993,0.9997,8827635.637578148,2304
1720828800,0.9998,1.0,0.9996,0.9997,1207557.6426779514,761
1720915200,0.9997,0.9998,0.9995,0.9996,1429840.4815392434,1511
1721001600,0.9996,0.9998,0.9988,0.9994,9539545.888730047,3903
1721088000,0.9995,1.0,0.9993,0.9994,7263639.420296374,4231
1721174400,0.9995,1.0,0.9992,0.9999,5765589.374391451,2779
1721260800,0.9999,1.0047,0.9954,1.0001,6608521.661398052,1811
1721347200,1.0002,1.0003,0.9993,0.9994,6908139.289914083,1089
1721433600,0.9994,0.9997,0.9992,0.9996,3001095.4648105158,1613
1721520000,0.9995,0.9999,0.9993,0.9999,1409344.4018301594,2359
1721606400,0.9999,1.0002,0.9995,0.9996,9452044.73065058,1501
1721692800,0.9996,1.0001,0.9993,0.9999,5903765.396824785,2739
1721779200,0.9999,1.0001,0.9994,1.0001,8534224.437322414,2953
1721865600,1.0001,1.0006,0.9999,1.0002,4739673.720129328,1192
1721952000,1.0001,1.0002,0.9998,0.9999,4814393.958403675,2009
1722038400,0.9999,1.0001,0.9995,0.9999,1877201.7433829932,1920
1722124800,0.9999,1.0001,0.9998,1.0,888190.6944857603,1112
1722211200,0.9999,1.0003,0.9965,1.0001,9366548.32039313,2357
1722297600,1.0001,1.001,1.0,1.0001,6892379.2150225025,2391
1722384000,1.0002,1.0015,1.0,1.0003,11110057.968701776,4540
1722470400,1.0002,1.0011,1.0002,1.0009,9185441.534662744,1930
1722556800,1.0008,1.0013,0.9987,1.0012,8179114.0129770525,2205
1722643200,1.0011,1.0014,1.0004,1.0005,5308148.456674741,766
1722729600,1.0004,1.0025,1.0001,1.0002,6162067.363187282,1342
1722816000,1.0004,1.0009,0.9988,0.9996,30457996.125939127,12395
1722902400,0.9996,0.9999,0.9989,0.9995,15510645.972310862,6480
1722988800,0.9995,1.0,0.9991,0.9997,11528945.353880215,5853
1723075200,0.9997,1.0,0.999,0.9996,10080517.373846576,2444
1723161600,0.9997,0.9999,0.9993,0.9995,12116880.005087836,2281
1723248000,0.9995,0.9999,0.9994,0.9998,807452.759639851,869
1723334400,0.9998,1.0,0.999,0.9998,2452061.2882572375,1524
1723420800,0.9998,1.0,0.9992,0.9998,9310239.26084145,3206
1723507200,0.9998,0.9999,0.9991,0.9997,8975356.477542873,4063
1723593600,0.9997,0.9999,0.9992,0.9998,6178400.901875807,1737
1723680000,0.9997,1.0013,0.9994,0.9997,10497456.194399402,2567
1723766400,0.9997,1.0,0.9995,0.9996,6558105.039729184,2064
1723852800,0.9996,0.9999,0.9996,0.9998,233742.2954707901,304
1723939200,0.9998,1.0,0.9992,0.9999,2681685.728696649,592
1724025600,0.9999,1.0,0.9991,0.9996,4134076.5838840757,1165
1724112000,0.9997,1.0098,0.9992,0.9999,12645325.063725747,3278
1724198400,0.9999,1.0,0.9995,0.9996,12962348.855382096,2902
1724284800,0.9996,0.9998,0.9995,0.9997,6578536.076650074,908
1724371200,0.9997,1.0,0.9989,0.9991,5657014.650324469,3097
1724457600,0.9992,0.9997,0.9991,0.9995,3321638.001417514,990
1724544000,0.9995,0.9997,0.9993,0.9994,3893586.7908765394,1216
1724630400,0.9994,1.0,0.9993,0.9997,7578038.75212419,2349
1724716800,0.9997,1.0013,0.9995,0.9996,5915969.574494598,3197
1724803200,0.9996,1.0005,0.9996,0.9997,8774767.203879122,2649
1724889600,0.9998,0.9999,0.9995,0.9998,7880582.04138993,1474
1724976000,0.9998,1.0002,0.9996,1.0,8812369.914924573,1047
1725062400,1.0,1.0002,0.9998,1.0,2876357.171487451,386
1725148800,1.0001,1.0002,0.9999,0.9999,1165112.1519355706,350
1725235200,1.0,1.0002,0.9992,1.0,7248947.766904422,837
1725321600,1.0,1.0005,0.999,1.0002,9037540.714903876,2573
1725408000,1.0001,1.0005,0.9998,1.0001,9873332.03912783,1056
1725494400,1.0,1.0005,0.9998,1.0003,8604541.675788036,896
1725580800,1.0003,1.0009,1.0,1.0003,10626890.352575528,2061
1725667200,1.0003,1.0003,1.0,1.0,564197.0418734401,358
1725753600,1.0,1.0003,0.9998,0.9999,9230568.07807501,643
1725840000,0.9999,1.0002,0.9997,0.9997,8116315.577595459,1493
1725926400,0.9997,1.0001,0.9997,0.9999,5638713.717204233,619
1726012800,0.9999,1.0002,0.9997,0.9998,3844349.1745400266,1053
1726099200,0.9998,1.0002,0.994,0.9999,5381923.051902121,1725
1726185600,1.0,1.0001,0.9991,0.9993,3663564.1117361016,828
1726272000,0.9992,0.9998,0.9992,0.9996,1583916.5039613799,385
1726358400,0.9997,0.9999,0.9996,0.9999,884108.5687865602,351
1726444800,0.9998,1.0089,0.9998,1.0001,7675753.242850544,993
1726531200,1.0,1.0003,0.9996,0.9997,4094679.713727962,528
1726617600,0.9998,1.0001,0.9997,0.9998,4541490.101365451,689
1726704000,0.9998,1.0001,0.9995,0.9997,4988366.634455844,1677
1726790400,0.9997,1.0,0.9996,0.9999,4890493.244999026,1393
1726876800,0.9999,1.0001,0.9998,0.9998,2116856.543663377,1627
1726963200,0.9998,1.0001,0.9998,1.0,2829335.6223003245,1220
1727049600,1.0,1.0014,0.9999,1.0001,7236447.553952169,2577
1727136000,1.0,1.0058,0.9999,1.0001,5511862.610656671,1035
1727222400,1.0001,1.0004,0.9999,1.0001,6361216.810294813,1505
1727308800,1.0001,1.0002,0.9996,0.9997,5748561.992369626,674
1727395200,0.9998,1.0,0.9994,0.9997,4340061.030656504,1009
1727481600,0.9998,0.9999,0.9997,0.9998,502303.7032848699,373
1727568000,0.9997,0.9999,0.9997,0.9998,769186.54102995,270
1727654400,0.9998,1.0003,0.996,1.0001,8054838.909947781,1215
