1578441600,1.02,1.06,1.0,1.01,12755.97789437,80
1578528000,1.01,1.02,1.0,1.0,14285.3989361,84
1578614400,1.0,1.01,0.99,1.01,61381.92026359,85
1578700800,1.0,1.01,1.0,1.01,12464.6607177,27
1578787200,1.0,1.01,1.0,1.0,6152.45253535,18
1578873600,1.01,1.02,1.0,1.0,33581.60344213,201
1578960000,1.0,1.01,1.0,1.01,211822.75188469,158
1579046400,1.01,1.01,0.99,1.01,187104.2610460201,138
1579132800,1.01,1.01,1.0,1.0,139230.41798183,271
1579219200,1.0,1.01,1.0,1.0,123404.16945329,332
1579305600,1.0,1.005,1.0,1.0,53749.82162464,114
1579392000,1.0,1.0038,1.0,1.0,51159.76088809,173
1579478400,1.0035,1.0038,1.0,1.0,170560.25400021,106
1579564800,1.0,1.002,1.0,1.0,37702.16656005,148
1579651200,1.0,1.004,1.0,1.0002,78846.24663917,229
1579737600,1.0003,1.005,1.0001,1.0003,177996.4925170096,667
1579824000,1.0002,1.005,0.998,1.0019,648607.4164365396,285
1579910400,1.0,1.0025,1.0,1.0016,233093.8197054,445
1579996800,1.0,1.003,1.0,1.0006,49368.34843676,272
1580083200,1.0006,1.005,1.0,1.0,139158.9342976999,397
1580169600,1.0016,1.005,1.0,1.0001,545795.2418010397,1285
1580256000,1.0001,1.0018,1.0001,1.0015,113741.41609076,313
1580342400,1.0003,1.0019,1.0001,1.0019,333228.1960368999,991
1580428800,1.0017,1.0017,1.0,1.0,155150.9625979198,501
1580515200,1.0,1.0012,1.0,1.0,32923.45772175,149
1580601600,1.0008,1.0014,0.9983,1.0013,82626.00323016,252
1580688000,1.0014,1.0015,0.9991,1.0,110841.21598826,212
1580774400,1.0,1.0013,0.9979,1.0008,640485.538719302,1893
1580860800,1.0008,1.0015,0.999,1.0,172801.8293530301,513
1580947200,1.0,1.0015,1.0,1.0001,140500.20431028,415
1581033600,1.0008,1.001,0.999,0.9992,165559.18812731,415
1581120000,1.0,1.0014,0.999,1.0,374115.13394314,404
1581206400,1.0,1.0005,0.9996,1.0,98056.5742695599,403
1581292800,1.0,1.0014,0.999,1.0001,222609.3480172199,995
1581379200,0.9999,1.0014,0.999,1.0,365339.9455710203,1044
1581465600,1.0001,1.0014,0.9998,1.0,494497.8804602895,973
1581552000,1.0,1.0013,0.9981,0.9993,506576.7072268797,1116
1581638400,1.0006,1.0014,0.9961,0.9982,1939592.9610929368,1930
1581724800,0.9999,1.0014,0.9966,0.9979,1046488.1648805882,2040
1581811200,0.998,1.001,0.9966,0.9987,100314.73521971,335
1581897600,1.0,1.0012,0.9988,0.9996,60731.97818934,230
1581984000,0.9997,1.0032,0.9994,1.0,206508.12912117,446
1582070400,1.0,1.0008,0.9988,1.0005,174223.4210323298,718
1582156800,0.9993,1.0016,0.9993,0.9998,250281.99347066,385
1582243200,1.0006,1.0016,0.9988,1.0016,127856.61472093,282
1582329600,1.0005,1.005,1.0,1.0,100348.82255345,239
1582416000,1.0004,1.002,1.0,1.0,154539.2037883,556
1582502400,1.0,1.0025,1.0,1.0001,138025.99190398,243
1582588800,1.0013,1.0032,1.0001,1.0001,139932.3715387,423
1582675200,1.0003,1.1,1.0001,1.0007,231163.6713523501,778
1582761600,1.0015,1.0023,0.9999,0.9999,225228.9088880499,986
1582848000,1.0,1.0025,0.9996,1.0005,190879.8291743601,505
1582934400,1.001,1.0025,0.9997,1.0009,203098.3236679699,348
1583020800,1.0004,1.0017,0.9992,0.9996,168755.97900438,551
1583107200,0.9995,1.0017,0.9995,1.0004,181356.7822933098,566
1583193600,1.0007,1.003,0.9988,1.0,726828.0543149408,1207
1583280000,1.0004,1.0007,0.9998,1.0004,95215.3553586901,219
1583366400,1.0004,1.0026,0.9998,0.9998,325908.1543053297,464
1583452800,1.0004,1.001,1.0,1.0,394815.8596031198,655
1583539200,1.0,1.0007,1.0,1.0004,106432.81210311,139
1583625600,1.0004,1.0008,0.9979,1.0,357264.66657073,1228
1583712000,1.0,1.0006,0.998,1.0001,538768.8891108396,1441
1583798400,1.0001,1.0006,0.999,1.0004,212019.2093160901,695
1583884800,1.0004,1.0007,0.9995,1.0004,249452.4663714805,862
1583971200,1.0004,1.0178,0.9868,0.9995,1901130.930321394,5912
1584057600,0.9987,1.025,0.9905,0.9998,6367884.124558019,9378
1584144000,0.9998,1.0096,0.9979,0.9991,1221510.7415663386,1517
1584230400,0.9991,1.0059,0.9973,1.0006,2239009.8382985783,1789
1584316800,1.0006,1.0025,0.99,1.0,1555090.5101000518,1726
1584403200,0.9999,1.0014,0.9903,0.9988,487317.8583138997,972
1584489600,0.9993,1.0025,0.999,1.0014,732220.1827207193,789
1584576000,1.0014,1.0016,0.9994,1.0001,595319.4234343701,1434
1584662400,1.0001,1.0059,0.9984,1.0007,1107254.4172958292,1439
1584748800,1.0006,1.0095,0.9925,0.9991,539009.2889127396,353
1584835200,0.9991,1.0007,0.9975,0.9999,239277.8311250298,388
1584921600,0.9998,1.001,0.9944,0.9999,585441.4877731594,989
1585008000,0.9999,1.0025,0.9985,0.9998,1440269.1242230095,985
1585094400,0.9998,1.0005,0.9931,0.9992,566277.47280098,587
1585180800,1.0001,1.0003,0.9985,0.9995,429696.3056313397,704
1585267200,1.0,1.0054,0.9908,1.0,1204377.8278958208,936
1585353600,1.0,1.0019,0.9991,0.9995,842071.8835420393,611
1585440000,1.0004,1.0004,0.9995,1.0004,137684.8280320201,259
1585526400,1.0004,1.0005,0.9991,1.0,300006.1216345904,555
1585612800,1.0,1.0004,0.9984,0.9995,189304.1079670901,248
1585699200,1.0,1.0003,0.9982,0.9996,387297.4139701599,500
1585785600,0.9997,1.0003,0.9982,1.0,719412.8844956675,1004
1585872000,1.0,1.0003,0.995,1.0,585281.7327278294,744
1585958400,1.0,1.0009,0.9994,1.0003,526150.550046099,578
1586044800,1.0003,1.0009,0.9997,1.0003,423496.0105067405,503
1586131200,1.0003,1.002,0.9997,1.0006,450827.5695925399,513
1586217600,1.0,1.0015,0.9996,1.0,654259.0806185895,793
1586304000,1.0,1.0015,0.9995,0.9998,490934.2858357193,969
1586390400,1.0003,1.0008,0.9983,1.0003,368389.1461192801,430
1586476800,0.9997,1.0005,0.9995,1.0002,255501.9873892103,435
1586563200,1.0002,1.0005,0.9999,1.0004,203390.0143860201,237
1586649600,1.0004,1.0005,0.9999,1.0003,172026.14179646,235
1586736000,1.0,1.0005,0.9993,1.0003,634546.8207897095,931
1586822400,1.0003,1.0093,0.9974,0.9998,926037.2692986403,675
1586908800,0.9998,1.0005,0.9988,1.0,913020.7577197189,1564
1586995200,0.9996,1.0005,0.9994,1.0,340684.3056840989,1306
1587081600,1.0,1.0005,0.998,0.9995,472115.3570017098,652
1587168000,1.0,1.0005,0.9992,0.9992,228374.5280613499,624
1587254400,1.0,1.0004,0.9994,0.9999,112614.3849692399,415
1587340800,0.9999,1.002,0.9989,1.0001,767399.6384218191,1246
1587427200,1.0001,1.0004,0.9988,1.0001,641494.0508381114,1519
1587513600,0.9996,1.0005,0.9988,0.9996,441757.7751604002,552
1587600000,1.0003,1.0005,0.9994,0.9997,670688.4593205401,1028
1587686400,1.0003,1.0005,0.9992,0.9993,342740.00063307,812
1587772800,1.0001,1.0004,0.999,1.0002,261335.5140339101,620
1587859200,0.9998,1.0002,0.9993,0.9999,228844.9525323699,635
1587945600,1.0,1.0005,0.9992,0.9998,374946.80884872,954
1588032000,0.9995,1.0004,0.9992,0.9999,292701.1161341203,713
1588118400,0.9999,1.0005,0.999,0.9996,819093.7573069694,1765
1588204800,1.0001,1.0005,0.9984,0.9996,733806.22028107,1775
1588291200,1.0,1.0004,0.9984,0.9996,391673.1391429697,920
1588377600,0.9996,1.0005,0.999,1.0,370637.62016109,621
1588464000,1.0,1.0005,0.9995,0.9999,338296.9214556002,901
1588550400,0.9998,1.0007,0.9993,1.0002,625494.3794877499,1222
1588636800,1.0,1.0021,0.9995,1.0002,574865.3364253602,1243
1588723200,1.0001,1.0021,0.9995,1.0003,558135.3342966799,1186
1588809600,1.0,1.0005,0.9992,1.0,501240.8322506495,1153
1588896000,0.9995,1.0013,0.9988,1.0,415717.1317436802,1029
1588982400,1.0,1.0002,0.9992,0.9999,245010.7668491401,746
1589068800,1.0,1.0013,0.9986,0.9999,742955.64858525,2621
1589155200,1.0002,1.0011,0.9986,0.9999,557212.8074767495,1767
1589241600,0.9999,1.0005,0.9988,0.9996,408064.0677062003,760
1589328000,0.9995,1.0004,0.998,0.9994,599076.8680244398,1152
1589414400,0.9999,1.0008,0.9991,1.0,702097.9035968591,1416
1589500800,1.0,1.0024,0.9995,1.0,745785.265458701,1059
1589587200,0.9997,1.001,0.9993,1.0,226258.6011881599,526
1589673600,1.0,1.004,0.9994,1.0005,906657.0765684639,2309
1589760000,1.0,1.001,0.9988,1.0003,427103.8059304203,838
1589846400,1.0003,1.001,0.999,0.9997,577736.8631359693,771
1589932800,1.0002,1.001,0.9991,1.0004,450752.3840559697,908
1590019200,0.9998,1.0015,0.999,1.0,686595.9685842998,1466
1590105600,1.0,1.0003,0.995,1.0,586364.0093585098,1088
1590192000,1.0,1.0005,0.9996,1.0001,182613.6459988799,438
1590278400,1.0001,1.001,0.9992,0.9998,218339.5403165498,560
1590364800,0.9998,1.0013,0.9981,0.9998,290597.6062576902,607
1590451200,0.9998,1.0007,0.9986,0.9999,289032.1743417901,396
1590537600,0.9999,1.0013,0.9991,1.0004,434790.68080169,536
1590624000,1.0004,1.0013,0.9993,0.9996,892717.6417067202,964
1590710400,0.9998,1.0005,0.9993,0.9999,210074.8182308098,729
1590796800,0.9999,1.0006,0.9975,0.9998,528683.4707288194,875
1590883200,0.9998,1.0021,0.9997,1.0003,613822.9876515787,1355
1590969600,1.0003,1.0092,0.9988,1.0005,1116468.5003145486,1892
1591056000,1.0007,1.0021,0.9997,1.0004,650040.52518518,1878
1591142400,1.0,1.0006,0.9995,0.9998,431494.1753863195,969
1591228800,0.9998,1.0004,0.999,1.0,366453.7907873902,1185
1591315200,1.0,1.0008,0.9994,1.0008,334885.0440034798,870
1591401600,1.0002,1.0007,0.999,1.0005,213719.0254997201,399
1591488000,0.9997,1.0007,0.999,1.0005,148600.1678873699,491
1591574400,0.9999,1.0005,0.999,0.9999,333997.7352255497,752
1591660800,0.9995,1.0021,0.999,0.9999,449989.0225913003,744
1591747200,0.9999,1.0007,0.9994,0.9997,430388.1141966201,992
1591833600,0.9997,1.0008,0.9994,0.9998,637693.3097700417,1566
1591920000,1.0001,1.0004,0.9995,0.9998,327635.83317088,672
1592006400,1.0001,1.0002,0.9993,0.9995,159528.3229944902,312
1592092800,0.9996,1.0004,0.9993,0.9997,109360.0988090301,428
1592179200,1.0,1.0019,0.9994,1.0001,448987.5243511493,1154
1592265600,0.9997,1.0007,0.9994,1.0,400726.6909295599,845
1592352000,1.0,1.0021,0.9994,1.0,542764.6555080004,760
1592438400,0.9999,1.0005,0.9976,0.9999,526107.6863365703,801
1592524800,0.9998,1.0014,0.9989,1.0,444263.9685060203,732
1592611200,1.0004,1.0009,0.9999,0.9999,280377.3683966992,626
1592697600,0.9999,1.0019,0.9994,1.0,180327.2601276799,457
1592784000,1.0,1.003,0.9995,1.0007,1299862.2403733076,942
1592870400,1.0003,1.0099,0.9997,0.9998,193404.23359599,447
1592956800,1.0,1.0005,0.999,1.0,422928.9743968101,859
1593043200,1.0,1.0015,0.9992,0.9993,391670.8835339997,745
1593129600,0.9996,1.01,0.999,1.0001,742979.3745873795,940
1593216000,1.0001,1.0009,1.0,1.0,254604.59005687,891
1593302400,1.0,1.0003,0.9995,0.9996,313057.0889489701,553
1593388800,1.0,1.0042,0.9996,1.0,396679.1518190204,933
1593475200,0.9998,1.0009,0.9997,1.0003,253279.80791504,576
1593561600,0.9999,1.0005,0.9995,1.0002,349765.2266706501,761
1593648000,1.0001,1.0009,0.9995,1.0001,483257.0967056602,912
1593734400,1.0002,1.0026,0.9995,0.9998,407513.5908879897,856
1593820800,0.9998,1.00099999,0.9998,1.0003,255976.00661528,418
1593907200,1.0002,1.0006,0.9999,1.0001,230940.2714677002,527
1593993600,1.0001,1.002,0.9998,1.0,642912.5551553017,1629
1594080000,0.9999,1.0003,0.9998,1.0,724996.2385836,1394
1594166400,1.0,1.005,0.9997,1.0,1780440.7174450778,1894
1594252800,1.0,1.0049,0.9998,1.0,617951.53014017,1182
1594339200,1.0,1.0025,0.9995,1.0,494166.2289915096,930
1594425600,1.0,1.00079999,0.9995,1.0,313575.6520064898,706
1594512000,0.9999,1.00069999,0.9991,1.0003,356629.15568277,910
1594598400,1.0004,1.0049,0.9991,0.9998,623770.6544303999,1063
1594684800,0.9998,1.0013,0.9994,1.0,561820.6095333198,843
1594771200,1.0,1.0051,0.9998,1.0,2342763.821838285,2452
1594857600,0.9999,1.0004,0.9995,0.9997,666453.2503142,1298
1594944000,1.0,1.00079999,0.9989,1.0,643483.5379188502,716
1595030400,1.0,1.0002,0.9991,0.9999,267431.26415166,464
1595116800,1.0002,1.0039,0.9997,1.0004,801181.0343961993,2441
1595203200,1.0004,1.0023,1.0,1.0,474166.0565760509,2076
1595289600,1.0,1.0008,0.9997,0.9998,588754.3629021414,1927
1595376000,0.9998,1.00099999,0.9996,1.0,863787.2579402283,1801
1595462400,1.0,1.0017,0.9997,1.0005,823798.707778881,1536
1595548800,1.0005,1.0006,0.9981,0.9998,1057791.8586957005,1776
1595635200,1.0,1.0001,0.999,1.0,1008744.7255721685,1957
1595721600,1.0,1.001,0.9985,0.9999,1293355.3943750733,2984
1595808000,0.9999,1.0005,0.9991,1.0,1648241.2299955997,2532
1595894400,1.0,1.0006,0.9988,1.0,1340517.327434627,2197
1595980800,1.0,1.001,0.999,0.9999,1460649.0712855284,2369
1596067200,0.9999,1.0003,0.9991,0.9999,918441.5423358206,1926
1596153600,0.9999,1.0005,0.999,0.9996,1093621.2885413594,1564
1596240000,0.9999,1.0004,0.9995,1.0002,693263.2370876218,2298
1596326400,1.0,1.001,0.9995,1.0002,1048037.8823195529,3024
1596412800,1.0002,1.0015,0.9999,1.0004,1048769.522452368,2521
1596499200,1.0005,1.0005,0.9992,1.0,945176.6995791907,1650
1596585600,1.0,1.0005,0.999,1.0001,942615.5355084992,1654
1596672000,1.0002,1.0003,0.999,0.9998,1109896.25403497,1820
1596758400,0.9999,1.0005,0.9981,0.9999,1266961.237845788,1946
1596844800,0.9998,1.0001,0.999,0.9999,369991.3481506202,1374
1596931200,0.9999,1.0001,0.998,0.9999,815593.2967300792,1911
1597017600,0.9997,1.0005,0.998,0.9998,1416683.1560795878,2472
1597104000,0.9999,1.0006,0.9993,1.0003,1363399.0243614325,2336
1597190400,1.0003,1.0005,0.999,1.0,957866.2440097398,2519
1597276800,0.9997,1.0003,0.999,1.0,2230315.113991101,2876
1597363200,1.0002,1.001,0.9985,1.0003,1514471.3231388319,2253
1597449600,1.0003,1.0011,0.9993,0.9999,703527.6649477605,1774
1597536000,0.9998,1.0013,0.9994,1.0005,977245.0918537998,2262
1597622400,1.0001,1.0013,0.9998,1.0,1000642.2392141029,2528
1597708800,1.0,1.0025,0.9991,1.0002,1767051.4910543037,3403
1597795200,0.9999,1.00089999,0.9986,1.0,1484480.3122766602,2902
1597881600,1.0,1.0003,0.9985,1.0002,1275204.7641397095,2665
1597968000,1.0001,1.0004,0.9992,0.9998,1519556.358722167,3394
1598054400,0.9999,1.00099999,0.9989,0.9997,1730109.3809273792,2920
1598140800,0.9998,1.0003,0.9992,1.0,581876.1367374993,1654
1598227200,1.0,1.0022,0.9992,1.0,1845734.7012438453,2212
1598313600,1.0,1.00079999,0.9995,1.0,2064619.4546608718,2658
1598400000,0.9996,1.0005,0.9995,0.9998,785422.6856495391,2139
1598486400,0.9998,1.0003,0.9992,0.9998,1020489.9012897714,2470
1598572800,0.9999,1.0005,0.9997,1.0,897415.4713688684,2061
1598659200,1.0,1.0004,0.9995,0.9999,535841.0689312009,2010
1598745600,0.9998,1.0004,0.9989,0.9999,818096.9421925013,2219
1598832000,0.9999,1.0025,0.9976,1.0002,1336106.5516256406,2102
1598918400,1.0002,1.002,0.9996,1.0004,1469186.3907125078,2396
1599004800,1.0004,1.004,0.9997,1.0002,1711629.4328472991,2179
1599091200,1.0002,1.004,0.9996,1.0005,2186867.1574812164,4022
1599177600,1.0004,1.002,0.999,1.0004,1966360.3636745722,4382
1599264000,1.0001,1.0039,0.9993,1.0001,2296835.735501191,3992
1599350400,1.0,1.0005,0.9997,0.9997,707122.5094929208,2577
1599436800,1.0,1.0013,0.9995,1.0001,655912.2699153802,2306
1599523200,1.0004,1.1,0.9995,1.0001,864908.6614159403,1790
1599609600,1.0005,1.0015,0.9997,0.9998,800223.8408538793,1698
1599696000,0.9998,1.0007,0.9997,1.0001,717564.8594657009,1578
1599782400,1.0001,1.001,0.9995,1.0003,946036.9992219412,1761
1599868800,1.0004,1.001,0.9995,1.0,537900.5918744195,1574
1599955200,1.0,1.002,0.9999,1.0003,1275694.6940673096,2173
1600041600,1.0003,1.001,0.9999,1.0002,894077.1579577685,1836
1600128000,1.0002,1.0017,1.0,1.0004,1368930.1517281695,2204
1600214400,1.0003,1.0038,1.0,1.0001,905964.4504282607,2222
1600300800,1.0003,1.0038,1.0,1.0001,795732.0449657069,1740
1600387200,1.0005,1.001,0.9999,1.0003,1547743.7469163104,2380
1600473600,1.0002,1.0005,0.9999,1.0,539804.4632498304,1227
1600560000,1.0,1.0003,0.9999,1.0,933257.7559703882,1426
1600646400,1.0002,1.0003,0.9997,1.0,1085018.9123991106,2142
1600732800,1.0,1.0003,0.9998,1.0003,1342213.3877967515,1723
1600819200,1.0,1.0004,1.0,1.0,1262091.9565080346,2139
1600905600,1.0,1.0003,0.9999,1.0,1805951.1644372814,1978
1600992000,1.0002,1.0004,0.9997,1.0,1332990.9335416865,2246
1601078400,1.0001,1.0003,0.9999,1.0001,535622.894580621,1451
1601164800,1.0001,1.0003,0.9999,1.0,519891.8819801405,1133
1601251200,0.9999,1.0004,0.9995,0.9999,935168.9996725217,1798
1601337600,0.9996,1.0004,0.9996,1.0001,772751.4916165904,1861
1601424000,1.0,1.0004,0.9998,1.0003,1205156.3639143335,1534
1601510400,1.0002,1.0004,0.9999,0.9999,614839.3776350403,1556
1601596800,1.0001,1.0008,0.9999,1.0,1292620.2215019525,2093
1601683200,1.0001,1.0004,1.0,1.0002,378891.5714500707,877
1601769600,1.0003,1.003,1.0,1.0001,1283973.617256965,1109
1601856000,1.0001,1.003,1.0,1.0002,1174913.9333769989,1751
1601942400,1.0002,1.0012,1.0,1.0,585320.5911999405,1275
1602028800,1.0,1.0015,0.9951,0.9999,1790862.8784724397,1935
1602115200,1.0,1.001,0.9995,0.9999,654902.4432663993,1462
1602201600,0.9999,1.0012,0.9997,1.0002,1307679.2866767775,1973
1602288000,1.0002,1.0012,0.9999,0.9999,926509.5279304849,1784
1602374400,1.0,1.0005,0.9999,1.0002,237673.8731985,785
1602460800,1.0001,1.0015,0.9998,1.0002,1036911.8100390962,2219
1602547200,1.0003,1.0008,0.9996,1.0001,908635.8589417691,1737
1602633600,1.0002,1.0007,0.9999,1.0001,565069.3207475108,1453
1602720000,1.0001,1.0008,1.0,1.0003,1111228.701616527,2042
1602806400,1.0003,1.0015,0.9999,1.0001,1144439.8834179502,2636
1602892800,1.0001,1.0006,1.0,1.0,388451.2828530101,648
1602979200,1.0,1.0004,1.0,1.0,311546.0008229803,875
1603065600,1.0001,1.0008,1.0,1.0001,916614.7358293383,2363
1603152000,1.0001,1.0006,0.9999,1.0001,607450.8523649517,1559
1603238400,1.0002,1.0007,0.9951,1.0,1943142.007322672,2974
1603324800,0.9997,1.0002,0.9993,0.9995,927350.3791351015,2319
1603411200,0.9995,1.0004,0.9994,1.0,1195407.1456534984,2124
1603497600,1.0,1.0007,0.9996,0.9996,583738.0456985608,1369
1603584000,0.9997,1.0002,0.9995,1.0,551811.3353153503,1443
1603670400,1.0,1.0003,0.9995,1.0001,949037.7054099998,2574
1603756800,1.0002,1.0004,0.9996,1.0,1196665.1711734498,2803
1603843200,0.9999,1.0005,0.9995,1.0003,1291432.9125659869,3165
1603929600,1.0001,1.001,0.9995,0.9998,1534286.8308817372,3330
1604016000,0.9998,1.0003,0.9997,0.9999,1692263.2435540415,2319
1604102400,0.9999,1.0002,0.9998,1.0002,675588.9286585198,961
1604188800,1.0,1.0002,0.9998,1.0,355579.0005760804,819
1604275200,1.0001,1.0008,0.9997,1.0001,1843315.7565994211,2750
1604361600,1.0,1.0007,0.9998,0.9999,1364111.201824681,2481
1604448000,0.9998,1.0005,0.9998,1.0003,2000182.2793528337,2903
1604534400,1.0004,1.001,0.9998,0.9999,3440945.552913381,4235
1604620800,0.9999,1.0003,0.9996,1.0002,2586007.4468222284,4160
1604707200,1.0001,1.0005,0.9996,0.9999,2629349.4937939188,4555
1604793600,0.9998,1.0004,0.9994,0.9997,1307321.1677543803,3079
1604880000,0.9997,1.0004,0.9994,0.9997,1802492.469533401,3061
1604966400,0.9997,1.0003,0.999,1.0002,1274001.1055695305,2678
1605052800,1.0003,1.0005,0.9995,1.0,1717537.1679357565,3114
1605139200,1.0001,1.0003,0.999,0.9998,2688078.9476794056,4817
1605225600,0.9998,1.0004,0.9995,0.9997,1985641.9181137332,4497
1605312000,0.9997,1.0004,0.9995,1.0,1122075.4516814698,2445
1605398400,1.0,1.0,0.9995,0.9999,704999.691848099,1987
1605484800,0.9999,1.0003,0.9995,0.9999,2121338.5343090985,4446
1605571200,0.9999,1.0002,0.999,1.0001,2802252.1582354205,5028
1605657600,1.0001,1.0009,0.9997,1.0001,3586806.233158272,4464
1605744000,1.0,1.0005,1.0,1.0002,4327130.709053909,3913
1605830400,1.0001,1.0008,0.9995,0.9999,2975648.5217341892,5583
1605916800,0.9999,1.0005,0.9996,0.9997,1529867.7568147434,5386
1606003200,0.9999,1.0003,0.9992,0.9999,2226693.7390389955,5326
1606089600,0.9999,1.0008,0.9995,0.9997,2616197.3611348146,5793
1606176000,0.9997,1.001,0.9992,0.9999,4257220.457523711,10655
1606262400,0.9997,1.001,0.9996,1.0,2536865.0635349704,6826
1606348800,1.0,1.001,0.998,0.9997,6071666.654234171,10865
1606435200,0.9997,1.0007,0.9997,0.9999,2279610.563609221,3996
1606521600,0.9999,1.0004,0.9992,1.0001,1315792.093256333,2520
1606608000,1.0,1.0003,0.9998,1.0,1004822.2398437586,2298
1606694400,1.0001,1.0007,0.9995,1.0,3503486.276228864,4945
1606780800,1.0002,1.0007,0.9996,1.0,3400042.3861008566,4449
1606867200,1.0,1.0009,0.9984,1.0,2801430.2746659894,3148
1606953600,1.0,1.001,0.9996,0.9998,2984141.6894164714,4103
1607040000,0.9998,1.0005,0.9992,0.9999,2393404.877385255,4210
1607126400,0.9999,1.001,0.9998,0.9999,1202251.9352420575,2652
1607212800,0.9998,1.0002,0.9998,1.0,937425.5907575828,2285
1607299200,1.0,1.0002,0.9998,0.9999,1672146.1428147906,3377
1607385600,1.0,1.001,0.9995,0.9998,1778444.7629484925,3810
1607472000,1.0,1.0008,0.9996,1.0,3509583.042682236,5681
1607558400,0.9999,1.0005,0.999,0.9999,2498314.6946185017,3548
1607644800,0.9999,1.0005,0.9984,0.9998,2611224.0044960524,5940
1607731200,0.9998,1.0002,0.9998,1.0,1295985.1633852734,2404
1607817600,1.0,1.001,0.9995,0.9998,1243426.9078935424,2907
1607904000,0.9998,1.0001,0.9996,1.0,1447778.6874731123,3302
1607990400,0.9999,1.0005,0.9987,0.9999,2354755.2362556607,4803
1608076800,1.0,1.0005,0.9994,0.9999,5498622.728815656,9568
1608163200,0.9999,1.0005,0.9996,0.9999,7616643.917218654,14048
1608249600,1.0,1.0005,0.9997,0.9999,2709396.818345356,6236
1608336000,1.0,1.0011,0.9997,1.0001,3737434.071097242,5336
1608422400,1.0,1.003,0.9996,0.9999,3983420.2898517754,7072
1608508800,0.9999,1.001,0.9992,0.9999,4686846.296285308,9545
1608595200,1.0,1.002,0.9998,1.0,4266148.958964267,6848
1608681600,1.0,1.0011,0.9992,1.0,6363305.541940276,12980
1608768000,1.0,1.0003,0.9992,1.0001,3782331.040589523,6053
1608854400,1.0001,1.0001,0.9992,1.0001,2143344.47815712,5131
1608940800,1.0001,1.0005,0.9992,1.0,3343835.8738801633,4483
1609027200,0.9999,1.0005,0.999,1.0001,4422795.672991461,8338
1609113600,0.9999,1.0027,0.999,0.9999,5671724.703287015,7551
1609200000,0.9999,1.0099,0.999,0.9999,7219095.686644464,10597
1609286400,1.0,1.0095,0.999,0.9999,4883018.368203835,8283
1609372800,0.9999,1.0003,0.998,0.9997,5118828.360365898,8707
1609459200,0.9997,1.001,0.998,0.9999,3638374.986411359,6928
1609545600,0.9998,1.0027,0.9966,1.0002,12547860.879719062,14899
1609632000,1.0002,1.0012,0.9966,1.0,12667321.539239809,23911
1609718400,0.9999,1.0025,0.9982,1.0001,13912856.56827544,23661
1609804800,1.0001,1.0012,0.9902,0.9999,7822683.218037975,13120
1609891200,0.9999,1.0027,0.9986,0.9999,9508123.133868184,18253
1609977600,0.9999,1.0043,0.9988,0.9999,16440200.27018528,24478
1610064000,0.9999,1.004,0.9989,0.9999,12263188.041292913,15847
1610150400,0.9999,1.0004,0.9985,0.9999,6858546.220988895,9088
1610236800,1.0,1.0026,0.9994,1.0,12011622.010907779,21781
1610323200,0.9999,1.0026,0.9989,1.0,17405771.11246466,28579
1610409600,0.9999,1.0036,0.9996,0.9999,8098677.278148953,11824
1610496000,1.0,1.0037,0.9998,0.9999,9357564.265329713,13537
1610582400,1.0,1.002,0.9997,0.9999,8830600.094618019,12101
1610668800,0.9999,1.0099,0.9997,1.0,11307040.79533913,13456
1610755200,1.0,1.0024,0.9995,0.9999,12212859.924182672,12431
1610841600,0.9999,1.0059,0.9998,0.9999,7326308.922402765,8332
1610928000,0.9999,1.0001,0.9998,1.0,6521933.957939261,8228
1611014400,1.0,1.0002,0.9996,0.9999,13689726.558297928,13649
1611100800,1.0,1.0011,0.9999,1.0,8474003.590178577,9178
1611187200,1.0,1.0013,0.9997,0.9999,11979586.596417403,12711
1611273600,1.0,1.0003,0.9998,0.9999,10477502.820216805,10878
1611360000,1.0,1.0001,0.9997,1.0,4672864.770873789,4975
1611446400,0.9999,1.0013,0.9995,1.0,5194268.134131343,5780
1611532800,0.9999,1.0002,0.9995,1.0,11213767.015422048,11415
1611619200,1.0,1.0099,0.9998,0.9999,7192338.724836522,8241
1611705600,0.9999,1.0026,0.999,0.9999,11993806.354013726,12147
1611792000,0.9999,1.0004,0.999,0.9999,10344091.66224781,10807
1611878400,0.9999,1.0024,0.9993,0.9999,17794130.914994597,14444
1611964800,0.9999,1.0007,0.999,0.9999,10800303.088340333,10868
1612051200,1.0,1.0,0.9995,0.9999,6115559.59164844,6488
1612137600,0.9999,1.0,0.997,0.9999,11527524.646737782,12509
1612224000,0.9999,1.0002,0.9849,0.9999,12946551.319152486,12466
1612310400,0.9999,1.0003,0.9988,1.0,11760588.510330537,13168
1612396800,0.9999,1.0006,0.9985,0.9999,11417829.687379139,13559
1612483200,0.9999,1.0014,0.9961,1.0,9386928.8566288,11013
1612569600,1.0,1.0019,0.9995,1.0,9254963.935728036,10136
1612656000,1.0,1.0029,0.9995,1.0,7421361.160276014,11160
1612742400,1.0,1.0015,0.9983,1.0,14485498.100139897,15614
1612828800,0.9999,1.0004,0.9981,1.0,12144190.100993099,12788
1612915200,1.0,1.0075,0.9997,0.9999,12202059.47608758,14240
1613001600,1.0,1.0015,0.9991,0.9999,15366248.33317874,19128
1613088000,0.9999,1.0011,0.9991,1.0,13887842.997092364,17821
1613174400,1.0,1.0008,0.9992,0.9999,10645981.531848267,11818
1613260800,1.0,1.0011,0.9997,1.0001,9723110.547413556,11043
1613347200,1.0001,1.0043,0.9999,1.0001,10753346.890887963,15184
1613433600,1.0001,1.0043,0.9999,1.0001,14122318.367366865,14029
1613520000,1.0,1.0075,0.9999,0.9999,14236255.286523568,10134
1613606400,0.9999,1.002,0.9997,1.0,11560005.437812053,9986
1613692800,1.0,1.0005,0.9999,1.0001,12776834.815443806,11821
1613779200,1.0001,1.0003,0.9998,1.0001,16002393.804520866,19883
1613865600,1.0001,1.0005,0.9999,0.9999,11724938.106499502,9120
1613952000,0.9999,1.02,0.996,1.0001,39987702.37834434,28739
1614038400,1.0002,1.02,0.9994,1.0001,42303504.60737578,33950
1614124800,1.0001,1.0049,0.9999,1.0003,37572033.08568704,26556
1614211200,1.0002,1.0023,0.9999,1.0002,18576982.13641473,14827
1614297600,1.0003,1.001,0.9988,1.0,29798237.75086654,20932
1614384000,1.0,1.0005,0.9997,1.0001,12958518.930179164,9013
1614470400,1.0,1.0019,0.9996,0.9999,11312099.821597226,8104
1614556800,1.0,1.0001,0.9998,1.0,13704802.411786085,10509
1614643200,1.0,1.0025,0.9999,1.0,11083055.468966555,8465
1614729600,1.0,1.0012,0.9999,0.9999,11979591.090909617,8408
1614816000,0.9999,1.0004,0.9998,1.0,9818061.597851738,8668
1614902400,1.0001,1.0048,0.9999,1.0002,10633340.638870891,6932
1614988800,1.0002,1.0005,0.9999,1.0,4715225.292719988,3625
1615075200,1.0,1.0014,0.9999,1.0,4561077.7804633165,3264
1615161600,1.0,1.0027,0.9999,0.9999,10325521.088160353,6914
1615248000,0.9999,1.0043,0.9998,1.0001,13820500.563085146,9575
1615334400,1.0,1.0019,0.9999,1.0,13026670.898495518,8522
1615420800,1.0,1.0017,0.9998,1.0,10903259.68562076,7067
1615507200,1.0,1.0014,0.9999,1.0,11662278.853018887,7943
1615593600,1.0,1.0002,0.9994,0.9999,10607193.742621277,9787
1615680000,1.0,1.0001,0.9996,0.9999,6893051.4778491175,7178
1615766400,1.0,1.0012,0.9998,1.0,13312334.208664423,7144
1615852800,1.0,1.0001,0.9991,1.0,7093256.828771608,5979
1615939200,0.9999,1.0007,0.9998,1.0,11875638.846419204,7214
1616025600,1.0,1.0026,0.9991,1.0,10856300.957423553,5990
1616112000,1.0,1.0001,0.9998,0.9999,6423991.202660491,4196
1616198400,0.9999,1.001,0.9988,1.0,8488644.985136755,3791
1616284800,1.0,1.0001,0.9998,1.0001,4430581.476450578,2960
1616371200,1.0001,1.0019,0.9995,0.9999,11180873.328364091,7960
1616457600,0.9999,1.0007,0.9986,0.9999,8348631.33593766,6866
1616544000,0.9998,1.0018,0.9951,0.9999,25548078.21010692,22376
1616630400,1.0,1.0002,0.9995,1.0,11339958.644747233,7112
1616716800,1.0,1.0005,0.9998,0.9998,9712087.82138793,6792
1616803200,1.0,1.0294,0.9996,0.9999,8010582.333123863,4816
1616889600,1.0,1.0024,0.9951,0.9999,9446355.749340793,6199
1616976000,1.0,1.0043,0.9999,1.0,9567637.228487803,7417
1617062400,1.0,1.0075,0.998,0.9999,13815476.233393481,7425
1617148800,0.9999,1.0278,0.9989,1.0,10082046.145772396,8551
1617235200,1.0,1.0003,0.9987,0.9999,11451794.87597353,8893
1617321600,1.0,1.001,0.9995,0.9999,8936220.927001998,6725
1617408000,0.9999,1.0011,0.9997,1.0,9686009.172640491,5839
1617494400,1.0,1.0021,0.9995,1.0,5839372.30427555,4232
1617580800,1.0,1.0008,0.9996,1.0,14287159.133691512,9682
1617667200,1.0,1.0025,0.9996,1.0,14146554.878773956,10899
1617753600,1.0,1.0025,0.9995,1.0,10336270.451997181,8861
1617840000,1.0,1.0002,0.9996,0.9999,12465131.150480583,7611
1617926400,0.9999,1.0021,0.9997,1.0,7673965.97669964,5320
1618012800,1.0,1.0007,0.999,0.9998,11511901.255318308,10674
1618099200,0.9998,1.0001,0.9995,0.9999,6209274.030467673,5838
1618185600,0.9999,1.0,0.9989,1.0,14745053.326681139,10607
1618272000,0.9999,1.0294,0.9986,1.0,23290917.87662454,14324
1618358400,1.0,1.0008,0.9991,0.9999,16600708.814805117,13898
1618444800,1.0,1.0057,0.9999,1.0001,12236629.810210628,10937
1618531200,1.0001,1.0017,0.9993,1.0,20389277.43633962,17407
1618617600,1.0,1.002,0.9998,1.0,10694308.008756857,11462
1618704000,1.0,1.0043,0.9974,1.0,47456871.797952816,28220
1618790400,1.0,1.008,0.999,1.0,16537882.060559005,10230
1618876800,1.0,1.0236,0.9999,1.0,18032293.361755334,10088
1618963200,1.0,1.001,0.998,1.0,17786770.61021692,11366
1619049600,1.0001,1.024,0.8605,1.0001,47278438.731540054,19923
1619136000,1.0,1.0114,0.9985,1.0001,22707214.087245584,19466
1619222400,1.0001,1.001,1.0,1.0,12176387.429388622,6611
1619308800,1.0,1.0009,1.0,1.0,9618560.22067367,5218
1619395200,1.0,1.0005,0.9996,1.0,13997525.305585055,9531
1619481600,1.0,1.0002,0.9997,1.0,13731177.621663902,8486
1619568000,1.0,1.0004,0.9981,0.9999,17050406.614495784,9083
1619654400,1.0,1.0008,0.9999,1.0,11697111.477118675,7115
1619740800,1.0,1.0014,0.9999,0.9999,11609562.570902403,10597
1619827200,0.9999,1.005,0.9998,1.0,8413618.884468544,7491
1619913600,1.0,1.0005,0.995,0.9999,6572464.293497387,5184
1620000000,0.9999,1.0035,0.999,1.0,16514950.005045727,13940
1620086400,1.0,1.0098,0.9995,1.0,22156413.155846395,18205
1620172800,1.0001,1.0011,0.995,0.9998,32934489.226350658,22303
1620259200,0.9998,1.0009,0.9927,1.0,26281795.6325824,14560
1620345600,0.9999,1.0013,0.9997,1.0,20059270.098978177,15185
1620432000,1.0,1.0005,0.9998,1.0,14127801.578349276,7737
1620518400,1.0,1.0013,0.9991,0.9998,28465764.54365716,10558
1620604800,1.0,1.0007,0.9991,1.0001,32287404.697482903,18288
1620691200,1.0,1.0013,0.9998,1.0,23764013.7643738,24223
1620777600,1.0,1.0005,0.998,1.0,26644046.52977982,15118
1620864000,0.9997,1.001,0.9966,0.9999,37282027.465633124,25060
1620950400,0.9999,1.0165,0.9937,1.0,37558585.58098446,30705
1621036800,1.0,1.0014,0.9989,1.0,30692677.811449148,10748
1621123200,0.9999,1.0014,0.9996,1.0001,17726331.732025214,11356
1621209600,1.0,1.0012,0.9999,1.0001,47899406.17188191,26954
1621296000,1.0,1.0218,1.0,1.0,37073152.57927042,24544
1621382400,1.0,1.006,0.999,0.9999,65408974.562401555,34837
1621468800,0.9999,1.001,0.9984,1.0001,42515183.99289318,28119
1621555200,1.0001,1.0005,0.9991,1.0,34361308.43597546,24083
1621641600,0.9999,1.001,0.9989,1.0,13086078.892860502,7201
1621728000,0.9999,1.002,0.9994,1.0001,22547662.76511304,10811
1621814400,1.0001,1.0001,0.999,1.0,31738983.63334243,11069
1621900800,0.9999,1.0006,0.9998,1.0,38470841.03428807,35162
1621987200,1.0001,1.004,0.9999,1.0001,48382172.223887846,31071
1622073600,1.0,1.001,0.9999,1.0,25361296.593505837,14068
1622160000,1.0001,1.0009,0.9999,1.0,30150468.927558787,18658
1622246400,1.0,1.0005,0.9998,0.9999,22489640.6314465,7320
1622332800,1.0,1.0001,0.9998,1.0001,18153569.04703039,5374
1622419200,1.0,1.0001,0.9999,1.0,23153503.595772725,10751
1622505600,1.0,1.0018,0.9999,1.0,27454709.14195878,14763
1622592000,1.0,1.0015,0.9999,1.0,14940245.510376219,8357
1622678400,1.0,1.0004,0.9996,1.0001,17288741.602729227,7010
1622764800,1.0,1.0003,0.9999,0.9999,16613926.572787037,7189
1622851200,0.9999,1.0001,0.999,1.0001,12318033.471639737,2662
1622937600,1.0,1.0001,0.9998,1.0,5413547.386332736,1407
1623024000,1.0,1.0001,0.9999,0.9999,14928150.45403575,4095
1623110400,0.9999,1.0007,0.9999,1.0001,27687354.05795948,12106
1623196800,1.0,1.0004,0.9998,1.0001,28596731.708206777,9919
1623283200,1.0,1.0002,0.9992,1.0,20356157.02382643,8114
1623369600,1.0,1.0003,0.9997,1.0001,26075675.06651639,6457
1623456000,1.0001,1.0001,0.9999,1.0,9147868.018266201,3372
1623542400,1.0001,1.0003,0.9999,1.0001,16029383.894374736,3619
1623628800,1.0,1.0003,0.9999,1.0,19728375.12720619,7736
1623715200,1.0,1.0001,0.9995,0.9999,18826069.026511133,5089
1623801600,0.9999,1.0001,0.9999,0.9999,10198301.032953316,3272
1623888000,1.0,1.0001,0.9997,1.0,13147899.880305786,7626
1623974400,1.0,1.0001,0.9999,1.0001,13835267.815866113,4715
1624060800,1.0001,1.0001,0.9999,1.0,7022834.289492614,2565
1624147200,0.9999,1.0001,0.9999,1.0001,11167009.798842596,3863
1624233600,0.9999,1.0003,0.955,0.9999,36525074.92107053,14993
1624320000,1.0,1.0015,0.9992,1.0,44200394.97130047,13014
1624406400,1.0,1.0003,0.9998,1.0,26105227.49603157,13395
1624492800,1.0,1.0003,0.9995,1.0,18221758.350071937,5208
1624579200,0.9999,1.0003,0.9999,1.0,22466643.703510545,9335
1624665600,1.0,1.0003,0.9999,1.0001,10272107.980434187,4267
1624752000,1.0001,1.0002,0.9999,1.0,6070802.315887127,2300
1624838400,1.0,1.0002,0.9998,0.9999,9543140.304617545,5162
1624924800,0.9999,1.0001,0.9997,1.0,14680093.03504269,5169
1625011200,1.0,1.0002,0.9999,1.0,12813934.324864078,6478
1625097600,1.0,1.0007,0.9999,1.0,9648537.95322943,9533
1625184000,1.0001,1.0002,0.9999,1.0,7141689.433165253,2739
1625270400,1.0001,1.0004,1.0,1.0,6295504.593697823,2725
1625356800,1.0,1.0006,0.9999,1.0001,4469073.183322659,2276
1625443200,1.0,1.0004,0.9999,1.0,7766562.691712839,6565
1625529600,1.0,1.0004,0.9998,1.0001,10535875.71334959,5822
1625616000,0.9999,1.0003,0.9999,1.0,8913382.413923148,5246
1625702400,1.0,1.0005,1.0,1.0,12716641.944819156,13601
1625788800,1.0,1.0002,0.9997,0.9999,13885920.893820358,8898
1625875200,0.9999,1.0,0.9998,1.0,3148765.5437112427,1857
1625961600,1.0,1.0001,0.9999,1.0001,3030231.4961874895,1816
1626048000,1.0,1.0001,0.9997,0.9999,8595194.225022612,4597
1626134400,1.0,1.0002,0.9998,1.0,9957395.78456914,4494
1626220800,1.0,1.0002,0.9999,1.0001,12057491.340650223,8030
1626307200,1.0,1.0002,0.9999,1.0001,11480955.461243836,4203
1626393600,1.0001,1.0002,0.9998,1.0001,11912643.769235333,5783
1626480000,1.0001,1.0002,0.9998,1.0001,4927356.775038132,2774
1626566400,1.0,1.0001,0.9998,1.0,8298052.8296814645,3325
1626652800,1.0,1.0001,0.9998,1.0,11685987.803489648,3338
1626739200,1.0001,1.0002,0.9999,1.0,10615958.969011668,5137
1626825600,0.9999,1.0001,0.9999,0.9999,13404236.01545073,4998
1626912000,1.0,1.0002,0.9999,1.0001,8526751.898563268,5066
1626998400,1.0,1.0002,1.0,1.0,10423448.406814266,3347
1627084800,1.0,1.0001,0.9999,0.9999,8555972.729489924,2675
1627171200,1.0,1.0001,0.9998,1.0,8139146.225446459,2826
1627257600,1.0,1.0,0.9996,1.0,21758477.27505793,7803
1627344000,1.0,1.0001,0.9994,1.0,24374619.56049759,6948
1627430400,1.0,1.0,0.9999,1.0,17814492.046741985,7305
1627516800,0.9999,1.0002,0.9999,1.0,12400904.62831808,6174
1627603200,1.0,1.0002,0.9999,0.9999,19308966.17514679,4091
1627689600,0.9999,1.0,0.9999,1.0,7134786.102434784,2711
1627776000,1.0,1.0,0.99,1.0,8091948.904267549,2963
1627862400,0.9999,1.0,0.9958,1.0,15222427.245094005,5415
1627948800,1.0,1.0002,0.9999,1.0001,11739941.681093,7757
1628035200,1.0001,1.0003,0.9999,1.0,12702095.282472778,4543
1628121600,1.0001,1.001,0.9999,1.0,19372708.767995626,7212
1628208000,0.9999,1.0001,0.9999,1.0,10954811.725291431,3911
1628294400,1.0,1.0001,0.9999,0.9999,12425104.573257659,5007
1628380800,1.0,1.0001,0.9999,1.0001,11919117.593063205,4458
1628467200,1.0,1.0001,0.9999,1.0,15139517.58385549,6208
1628553600,1.0,1.0004,0.9999,1.0001,14298646.658599539,6240
1628640000,1.0,1.0005,0.9999,0.9999,23146880.031506583,9301
1628726400,1.0,1.0004,0.9999,0.9999,20246173.423757248,7314
1628812800,0.9999,1.001,0.9999,1.0001,19239660.543856394,7431
1628899200,1.0,1.0001,0.9999,1.0,10379105.188066104,7449
1628985600,1.0,1.0001,0.9999,1.0001,8282125.46773994,4816
1629072000,1.0,1.0001,0.9999,1.0,16595346.25215968,8010
1629158400,1.0001,1.0001,0.9999,1.0,18985199.92700935,8605
1629244800,1.0,1.001,0.9999,1.0001,31110684.322923914,20563
1629331200,1.0001,1.001,0.9999,1.0001,23861020.69276097,26077
1629417600,1.0001,1.0002,0.9999,1.0,20760800.743897773,10704
1629504000,1.0,1.0001,0.9999,1.0,10372376.193180347,5081
1629590400,1.0001,1.0002,0.9999,1.0001,8294406.1671465915,3621
1629676800,1.0001,1.0002,0.9999,1.0001,21449137.225902192,8942
1629763200,0.9999,1.0001,0.9999,0.9999,16124480.063068958,6852
1629849600,1.0,1.0001,0.9999,1.0001,11139293.362769367,5589
1629936000,1.0001,1.02,0.9999,1.0,42723466.25470267,34399
1630022400,1.0001,1.0019,0.9999,1.0,22018321.15153022,13898
1630108800,1.0,1.0001,1.0,1.0,6363508.343316782,3474
1630195200,1.0,1.0001,0.9999,1.0,6651182.756850352,3994
1630281600,1.0,1.0001,0.9999,0.9999,10610029.564509008,7521
1630368000,1.0,1.0001,0.9999,0.9999,17607471.747912332,8818
1630454400,1.0001,1.0001,0.9999,1.0,18332889.871583585,8678
1630540800,1.0,1.0001,0.9997,1.0,23012903.89930285,7592
1630627200,1.0,1.0001,0.9999,1.0,15515417.079704331,9712
1630713600,0.9999,1.0001,0.9999,1.0,10839922.554391023,4192
1630800000,1.0,1.0001,0.9999,1.0,7410992.5901988745,4138
1630886400,0.9999,1.0001,0.9999,1.0,13783430.957871396,5154
1630972800,1.0,1.0004,0.9997,1.0,43113231.971841425,14493
1631059200,1.0001,1.0001,0.9999,0.9999,16070981.981994666,6809
1631145600,1.0,1.0001,0.9999,1.0,12060476.446946941,5417
1631232000,1.0001,1.0001,0.9999,1.0,10721923.898720317,4358
1631318400,1.0,1.0001,0.9999,1.0,12289881.831616042,3141
1631404800,0.9999,1.0001,0.9999,0.9999,7552503.338652283,3660
1631491200,1.0,1.0001,0.9999,1.0,21919067.406932086,9039
1631577600,1.0001,1.0002,0.9999,0.9999,23099266.837738663,8914
1631664000,1.0,1.0001,0.9999,1.0,13273530.591349805,5111
1631750400,1.0,1.0001,0.9999,1.0001,18446295.95148438,4207
1631836800,1.0,1.0001,0.9999,1.0001,12864823.099272776,4363
1631923200,1.0001,1.0001,0.9999,1.0001,5800181.863890418,2129
1632009600,1.0001,1.0001,0.9999,1.0,9675409.835255628,1963
1632096000,1.0,1.0001,0.9996,1.0,30443688.877450835,12582
1632182400,1.0,1.0001,0.9997,1.0,33619403.74875019,18017
1632268800,1.0,1.0001,0.9999,1.0,30715247.63520519,9483
1632355200,1.0,1.0001,0.9999,0.9999,33766055.15131148,7201
1632441600,1.0,1.0001,0.9999,0.9999,13690509.03732377,9136
1632528000,1.0,1.0001,0.9999,0.9999,5096977.033315498,2031
1632614400,0.9999,1.0001,0.9999,1.0,10490188.815857906,3913
1632700800,1.0,1.0001,0.9995,1.0,19518432.681287963,4852
1632787200,1.0,1.0001,0.9999,1.0001,14354647.057620307,6317
1632873600,1.0001,1.0001,0.9994,1.0,20707645.375861686,4954
1632960000,0.9999,1.0001,0.9995,1.0,10418772.251147207,3782
1633046400,1.0,1.0001,0.9995,1.0001,40202961.16663684,7020
1633132800,0.9999,1.0001,0.9998,1.0,5793205.29534048,3699
1633219200,1.0001,1.0001,0.9999,1.0,9224541.030441508,3519
1633305600,0.9999,1.0001,0.9991,1.0,27347807.632041015,4398
1633392000,1.0,1.0,0.9994,1.0,34878155.05104685,5367
1633478400,1.0,1.0,0.9969,1.0,25697978.573073063,4805
1633564800,1.0,1.0001,0.9995,0.9999,23412048.804364137,5292
1633651200,1.0,1.0,0.9994,1.0,19131423.52814839,4638
1633737600,1.0,1.0001,0.9998,1.0,7513610.874790017,2718
1633824000,0.9999,1.0001,0.9998,0.9999,9128803.64965918,3491
1633910400,1.0,1.0001,0.9998,1.0,10820140.894423345,4231
1633996800,1.0,1.0,0.9995,1.0,18577773.447627567,6130
1634083200,0.9999,1.0,0.9995,1.0,14197650.074167607,5926
1634169600,1.0,1.0,0.9994,0.9999,14895500.357396545,4572
1634256000,1.0,1.0021,0.9994,1.0,22314270.979204327,7356
1634342400,0.9999,1.0008,0.998,1.0001,22827310.0921721,7555
1634428800,1.0001,1.0008,0.9993,1.0,10544873.655084139,5818
1634515200,0.9999,1.0007,0.999,1.0,28060595.42016558,10061
1634601600,1.0,1.0004,0.9992,1.0,31065386.231533103,5904
1634688000,1.0,1.0001,0.9994,1.0,33144782.454863783,8606
1634774400,1.0,1.0,0.9992,1.0,17617039.178833574,6027
1634860800,1.0,1.001,0.9849,1.0,25878462.04785475,9513
1634947200,1.0,1.0005,0.9996,1.0001,6486638.844827765,3497
1635033600,1.0,1.0003,0.9999,0.9999,6849775.331104584,3798
1635120000,1.0,1.001,0.999,1.0,22577344.403031122,10192
1635206400,1.0,1.0001,0.9896,0.9999,22145897.115942582,8251
1635292800,1.0,1.0,0.9979,1.0,31483341.557067733,11804
1635379200,1.0,1.0001,0.992,1.0,29780403.299893904,9194
1635465600,1.0,1.0002,0.9997,1.0,16452306.53187478,6494
1635552000,1.0001,1.0002,0.9999,1.0001,18096518.54838365,8065
1635638400,1.0001,1.0002,0.9997,0.9999,10800748.512659378,7014
1635724800,1.0,1.0005,0.9999,1.0,14253244.32191623,5891
1635811200,1.0,1.0005,1.0,1.0,26804226.606470607,9462
1635897600,1.0,1.0005,0.9995,1.0,23042241.183404103,9076
1635984000,1.0,1.0005,0.9996,1.0,31671452.60685088,16561
1636070400,1.0001,1.0006,0.9999,1.0,20619582.6200357,13581
1636156800,1.0,1.0008,0.9997,1.0,18016329.68400448,5867
1636243200,1.0,1.0004,0.9997,1.0,15549858.754375033,5487
1636329600,1.0,1.0021,0.9996,1.0,47856695.2259652,14631
1636416000,1.0,1.001,0.9996,0.9999,32377170.740159295,9747
1636502400,1.0,1.0009,0.9996,1.0001,40490554.51308057,14861
1636588800,1.0,1.0009,0.9996,1.0,15990292.201498628,9598
1636675200,1.0,1.0009,0.9999,1.0001,34374046.22996115,15243
1636761600,1.0001,1.0009,1.0,1.0001,17599654.34154272,5002
1636848000,1.0,1.0009,1.0,1.0,10029734.74275086,5572
1636934400,1.0001,1.002,0.9999,1.0001,21897425.600816447,12404
1637020800,1.0,1.002,0.9998,1.0001,36173914.365761235,31424
1637107200,1.0,1.0025,0.9996,1.0,32128530.081601404,20433
1637193600,1.0001,1.0004,0.9996,1.0,37402879.561144345,31165
1637280000,1.0,1.0172,0.9996,1.0,46838063.32438576,28868
1637366400,1.0,1.0013,1.0,1.0,11229812.27161932,5956
1637452800,1.0,1.0015,0.9999,1.0001,10236083.245438935,6155
1637539200,1.0,1.0007,0.9998,1.0,18310355.56010827,10848
1637625600,1.0,1.0005,0.9999,1.0,19854502.02600721,15862
1637712000,0.9999,1.0002,0.9998,1.0,23631270.056318652,19124
1637798400,1.0,1.0002,0.9999,1.0,18774341.212031137,17971
1637884800,1.0001,1.0007,0.9999,1.0,55495299.64597547,16518
1637971200,1.0,1.0001,0.9999,1.0,9578421.872936867,5417
1638057600,1.0,1.0002,0.9998,1.0001,19149863.319666132,6672
1638144000,1.0,1.001,0.9996,1.0,17409604.99270671,6985
1638230400,1.0001,1.0001,0.9997,1.0,24033007.970918827,8048
1638316800,1.0,1.002,0.9998,1.0001,16116673.374403253,11229
1638403200,1.0001,1.0002,0.9998,1.0,32069249.974430066,18045
1638489600,1.0,1.0002,0.9998,1.0,24452743.72232216,17635
1638576000,1.0,1.002,0.9999,1.0,38175623.228970006,26122
1638662400,1.0,1.0002,1.0,1.0,21184889.281549007,7090
1638748800,1.0,1.0002,0.9998,0.9999,34188804.87582226,12169
1638835200,1.0,1.0002,0.9998,1.0,25535020.210988197,8734
1638921600,1.0,1.0001,0.9998,0.9999,23918791.287200283,5991
1639008000,0.9999,1.0001,0.9998,0.9999,20522112.12216855,6881
1639094400,0.9999,1.009,0.98,0.9999,69958003.00100324,21718
1639180800,0.9999,1.0005,0.9998,1.0,35298791.88113018,8202
1639267200,1.0001,1.0002,0.9998,1.0,13841662.82482291,3774
1639353600,1.0,1.0002,0.9998,1.0001,17732220.88981145,11110
1639440000,1.0001,1.0002,0.9996,0.9999,19478546.324588247,5881
1639526400,0.9999,1.0001,0.9998,0.9999,20943095.17069367,7411
1639612800,1.0,1.0015,0.981,1.0001,101796485.71613444,18011
1639699200,1.0001,1.0025,0.9999,1.0001,88655866.13228638,15958
1639785600,1.0001,1.0001,1.0,1.0001,13336404.039603487,4286
1639872000,1.0001,1.0002,0.9999,1.0,18580750.585579876,6287
1639958400,1.0,1.0006,0.9999,1.0001,56947197.345630445,14539
1640044800,1.0001,1.0011,0.9999,1.0,57726238.26752077,8962
1640131200,1.0,1.0005,0.9998,0.9999,45839508.3101348,14470
1640217600,0.9999,1.0001,0.9998,1.0001,58903674.1796797,26135
1640304000,1.0001,1.0005,1.0,1.0,23235699.372417375,13412
1640390400,1.0,1.0001,0.9999,1.0,4052260.108439832,1719
1640476800,1.0,1.0001,0.9998,1.0,3965531.044174436,2296
1640563200,1.0,1.0002,0.9999,1.0,18624320.731418576,7993
1640649600,1.0,1.0002,0.9998,0.9999,52005995.639957644,14090
1640736000,0.9999,1.0001,0.9994,0.9999,23436893.4844651,3655
1640822400,1.0,1.0002,0.9992,0.9999,41471364.33759404,4877
1640908800,0.9999,1.0002,0.9998,1.0,20536710.594546903,3365
1640995200,1.0,1.0001,0.991,0.9999,17037229.651740007,2667
1641081600,0.9999,1.0001,0.9973,0.9999,8814821.781863365,2562
1641168000,1.0,1.0001,0.9995,1.0001,14619975.270349441,6787
1641254400,1.0001,1.0003,0.9998,1.0,24306845.60457177,9081
1641340800,1.0,1.002,0.9999,1.0001,54787247.20594517,26025
1641427200,1.0001,1.001,0.9997,1.0,53893191.2411552,22685
1641513600,0.9999,1.0008,0.9998,1.0001,26169886.602747425,9563
1641600000,1.0,1.0001,0.9999,1.0001,12359611.618676579,4614
1641686400,1.0,1.0002,1.0,1.0001,11688021.005760608,3016
1641772800,1.0001,1.0008,0.9999,1.0001,21355356.81419778,8931
1641859200,1.0001,1.0007,1.0,1.0001,55084252.84183445,22311
1641945600,1.0,1.0009,0.9999,1.0001,54504275.78447602,16683
1642032000,1.0001,1.0001,0.9999,1.0,20203109.796293672,8266
1642118400,1.0,1.0002,0.9999,1.0,16582684.72441784,5835
1642204800,1.0001,1.0001,0.9999,1.0001,4767150.2972884225,2670
1642291200,1.0,1.0001,0.9999,1.0,4221949.449028437,1269
1642377600,1.0,1.0001,0.9999,1.0,13263488.325649686,3858
1642464000,1.0,1.0002,0.9999,1.0,26919539.2239283,7605
1642550400,1.0,1.0001,0.9999,1.0001,22285340.63121898,7444
1642636800,1.0001,1.0001,0.9998,1.0,24135095.432886977,8290
1642723200,1.0,1.0001,0.9998,1.0,27544501.24245888,9714
1642809600,1.0,1.0001,0.9998,1.0,36913174.224616006,8954
1642896000,1.0,1.0001,0.9999,1.0001,18301385.69633245,5427
1642982400,1.0,1.0003,0.9999,1.0,24739349.524460133,7677
1643068800,1.0,1.0001,0.9999,0.9999,14830213.660728222,6524
1643155200,1.0,1.0002,0.9999,1.0,31459468.18123232,11987
1643241600,1.0,1.0001,0.9999,0.9999,29876342.91108967,6112
1643328000,0.9999,1.0001,0.9999,0.9999,22968478.99338129,8177
1643414400,1.0,1.0001,0.9999,1.0,8213386.233908931,2846
1643500800,1.0001,1.0001,0.9999,1.0,9763254.063571878,3056
1643587200,1.0001,1.0001,0.9999,1.0001,20445887.838023957,6567
1643673600,1.0,1.0001,0.9999,1.0001,20270246.83759937,5652
1643760000,1.0,1.0001,0.9988,0.9999,23144853.17568974,5854
1643846400,1.0,1.0001,0.9999,1.0001,30175375.722388297,10757
1643932800,0.9999,1.0001,0.9999,1.0001,23765790.56537154,6071
1644019200,1.0001,1.0001,0.9999,1.0,10527270.91881712,2801
1644105600,1.0,1.0001,0.9999,0.9999,10624300.81928543,1901
1644192000,1.0,1.0001,0.9999,1.0,25597827.570087917,6023
1644278400,0.9999,1.0001,0.9999,1.0,17170010.355401944,5990
1644364800,1.0001,1.0001,0.9999,1.0,17013977.782411493,5720
1644451200,1.0,1.0001,0.9999,0.9999,14727971.351929298,4640
1644537600,1.0,1.0001,0.9999,1.0,19855764.70535774,7087
1644624000,1.0,1.0001,0.9999,1.0,11202974.056600252,3219
1644710400,1.0,1.0001,0.9999,1.0,3288245.0287210313,1575
1644796800,1.0,1.0001,0.9999,0.9999,16849315.72730773,6398
1644883200,0.9999,1.0001,0.994,0.9999,28014769.33614229,4437
1644969600,1.0,1.002,0.9999,1.0,28371858.601170044,5106
1645056000,1.0,1.0001,0.9999,1.0001,28062422.715544716,5336
1645142400,1.0001,1.0001,0.9999,1.0,20286448.411880378,5487
1645228800,1.0,1.0001,0.9999,0.9999,15066686.700241702,2387
1645315200,0.9999,1.0001,0.9999,1.0,16602342.718884412,2107
1645401600,1.0001,1.0001,0.9999,1.0,21168225.171151355,5535
1645488000,1.0,1.0001,0.9981,1.0001,25840375.672015596,6251
1645574400,1.0,1.0001,0.9999,1.0,23083711.472637963,4916
1645660800,1.0,1.0001,0.9997,1.0,39956318.33551548,9223
1645747200,1.0,1.0,0.9999,1.0,19369900.453926917,5710
1645833600,0.9999,1.0001,0.9999,1.0001,9670936.608827444,2350
1645920000,1.0,1.0001,0.9999,1.0001,16115871.253701847,3787
1646006400,1.0,1.0001,0.9995,0.9999,32489725.314083766,5682
1646092800,1.0,1.0001,0.9999,1.0,30288961.48919283,6812
1646179200,1.0,1.0002,0.9999,1.0001,27549210.714237653,7383
1646265600,1.0,1.0001,0.9999,0.9999,14817497.430180304,4254
1646352000,0.9999,1.0001,0.9999,0.9999,22418247.98366298,6491
1646438400,1.0,1.0,0.9999,0.9999,18173655.528118517,5022
1646524800,0.9999,1.0,0.9999,0.9999,8510717.021586243,3121
1646611200,0.9999,1.0001,0.9999,1.0,20890528.947973337,8100
1646697600,1.0,1.0001,0.9999,0.9999,21363754.00878746,5990
1646784000,1.0,1.0,0.9998,1.0,27269035.294593118,6082
1646870400,1.0,1.0001,0.9999,1.0001,20871215.279442426,8239
1646956800,1.0,1.0001,0.9999,1.0,16800403.242245615,4498
1647043200,1.0,1.0001,0.9999,1.0,4082805.981116011,3240
1647129600,1.0,1.0001,0.9999,1.0,6367113.846959934,3563
1647216000,0.9999,1.0001,0.9999,1.0,16274722.714528618,5678
1647302400,0.9999,1.0001,0.9998,0.9999,21445836.97822615,8883
1647388800,1.0,1.0001,0.9999,1.0,25575520.659623634,6843
1647475200,1.0,1.0001,0.9999,0.9999,26507074.194322377,7812
1647561600,0.9999,1.0001,0.9999,1.0,22219844.90372598,5833
1647648000,1.0,1.0001,0.9999,0.9999,11053640.755666206,3116
1647734400,0.9999,1.0001,0.9999,1.0,19904582.70832728,4175
1647820800,1.0,1.0001,0.9999,1.0,22679124.56888807,3761
1647907200,1.0,1.0001,0.9999,0.9999,33918593.63778634,6219
1647993600,1.0001,1.0001,0.9999,0.9999,23117467.830920067,3903
1648080000,1.0,1.0001,0.9999,1.0,43668529.70694346,6539
1648166400,1.0001,1.0009,1.0,1.0002,22344052.365392257,6148
1648252800,1.0,1.0004,1.0,1.0001,5597729.950436803,3638
1648339200,1.0002,1.0002,0.9999,0.9999,9675107.96625137,4045
1648425600,1.0,1.0002,0.9999,1.0,27303324.474707272,8915
1648512000,0.9999,1.0001,0.9999,1.0,33680612.94228648,9001
1648598400,1.0,1.0001,0.9999,0.9999,19419955.18209281,6345
1648684800,1.0,1.0001,0.9999,0.9999,40714971.36569121,8179
1648771200,0.9999,1.0001,0.9996,1.0,14781801.72834746,6857
1648857600,1.0,1.0001,0.9981,1.0,9120765.437885387,2698
1648944000,1.0,1.0004,0.9995,1.0,9858515.234782869,5443
1649030400,1.0,1.0001,0.9997,1.0001,23635771.639627695,4212
1649116800,1.0,1.0001,0.9981,1.0,18723759.503226608,5416
1649203200,0.9999,1.0009,0.9998,1.0,39580258.75700558,7564
1649289600,1.0,1.0001,0.9999,0.9999,20456364.751619127,5342
1649376000,0.9999,1.0001,0.9999,1.0,18943911.756678,4778
1649462400,1.0001,1.0001,0.9999,1.0,7049004.697746932,3079
1649548800,0.9999,1.0001,0.9999,0.9999,8781263.655264733,3166
1649635200,0.9999,1.0001,0.9999,0.9999,17198042.705334473,3990
1649721600,0.9999,1.0,0.9994,0.9999,29026507.38075563,6116
1649808000,0.9999,1.0001,0.9998,1.0,25277817.189960048,4877
1649894400,1.0,1.0001,0.9999,0.9999,22418695.38380136,4057
1649980800,0.9999,1.0,0.9994,1.0,8428770.539932793,1966
1650067200,0.9999,1.0001,0.9999,1.0001,3584454.9362776466,1596
1650153600,1.0001,1.0009,0.9999,1.0,7741207.120154659,2534
1650240000,1.0001,1.0001,0.9999,1.0,11612701.120126171,4435
1650326400,1.0,1.0001,0.9999,1.0,9345961.134821583,3104
1650412800,1.0,1.0,0.9981,0.9999,13890236.820249677,4330
1650499200,1.0,1.0001,0.9999,1.0,11086368.55499496,4606
1650585600,1.0001,1.0001,0.9998,1.0,13310463.781750761,5036
1650672000,1.0,1.0001,0.9996,1.0,4790508.746014503,2105
1650758400,1.0,1.0001,0.9999,1.0,7557924.391765976,2295
1650844800,1.0,1.0001,0.9986,1.0,30781664.058240514,6503
1650931200,0.9999,1.0001,0.9992,0.9999,18919408.800487414,4514
1651017600,1.0,1.0037,0.9999,0.9999,29396056.495358877,4578
1651104000,1.0,1.0001,0.999,1.0,11593721.90137403,4151
1651190400,1.0,1.0,0.9999,0.9999,17848669.615274888,5331
1651276800,1.0,1.0,0.9999,1.0,5026448.470327439,2335
1651363200,1.0,1.0,0.9999,0.9999,6402058.498247972,2133
1651449600,0.9999,1.0001,0.9999,0.9999,12085015.24454943,3196
1651536000,0.9999,1.0001,0.9999,0.9999,10301203.053890115,3560
1651622400,1.0,1.0001,0.9999,1.0,12817730.22122119,4328
1651708800,1.0,1.0005,0.9999,0.9999,17934848.054272477,6034
1651795200,1.0,1.0005,0.9999,1.0,25988476.36115588,6699
1651881600,0.9999,1.0001,0.9999,1.0,9540852.547111044,2259
1651968000,0.9999,1.0001,0.9999,1.0,15738345.266286392,4714
1652054400,1.0,1.0001,0.9999,0.9999,48886989.087211445,14217
1652140800,0.9999,1.0001,0.9999,0.9999,46859248.96358144,12086
1652227200,0.9999,1.0019,0.9999,1.0001,100649641.59269907,27778
1652313600,1.0,1.0036,0.9819,1.0,232396776.05169338,42156
1652400000,0.9999,1.0,0.995,1.0,49952629.440570295,12109
1652486400,1.0,1.0001,0.9999,0.9999,18767081.611555308,6772
1652572800,0.9999,1.0,0.9999,0.9999,16788272.17065216,3528
1652659200,1.0,1.0,0.9901,1.0,31093112.15030613,6826
1652745600,1.0,1.0001,0.9998,0.9999,24609156.435539298,4498
1652832000,1.0,1.0,0.9998,1.0,30248942.248962626,7275
1652918400,1.0,1.0001,0.9998,1.0,45427988.91644101,5471
1653004800,1.0,1.0,0.9999,0.9999,25577293.04633199,7093
1653091200,0.9999,1.0,0.9999,1.0,5799798.045692585,1943
1653177600,1.0,1.0,0.9999,0.9999,13558088.951205092,3500
1653264000,0.9999,1.0,0.9999,0.9999,28326043.57608784,6782
1653350400,1.0,1.0001,0.9999,1.0,24128122.319899585,6227
1653436800,0.9999,1.0001,0.9999,0.9999,23395990.51250911,4666
1653523200,1.0,1.0001,0.9998,0.9999,21745871.322855778,5658
1653609600,1.0001,1.0001,0.9999,1.0,20937640.78628799,6234
1653696000,1.0,1.0,0.9999,1.0,17153094.9885522,2873
1653782400,1.0,1.0,0.9999,1.0,5685475.201969114,1989
1653868800,1.0,1.0001,0.9999,0.9999,20791691.281127114,4583
1653955200,0.9999,1.0,0.9999,1.0,15814560.051660476,3262
1654041600,0.9999,1.0002,0.9999,1.0,46723104.30835023,2967
1654128000,1.0,1.0,0.9999,1.0,14679489.265335474,2417
1654214400,1.0,1.0,0.9999,0.9999,10817551.590477249,2007
1654300800,0.9999,1.0,0.9999,1.0,3682946.8072686987,909
1654387200,0.9999,1.0,0.9999,0.9999,5161840.315509785,1435
1654473600,1.0,1.0001,0.9999,1.0,10452694.6663504,2271
1654560000,0.9999,1.0001,0.9999,1.0,13966254.832466817,3002
1654646400,1.0,1.0,0.9999,1.0,13208312.59583436,2900
1654732800,1.0,1.0,0.9999,1.0,15295381.884258738,3903
1654819200,1.0,1.0001,0.9999,1.0,24443923.10707691,3696
1654905600,0.9999,1.0001,0.9999,1.0,14994093.518955074,2429
1654992000,1.0,1.0001,0.9998,0.9999,16353819.068528606,4944
1655078400,1.0,1.0001,0.9999,0.9999,46509243.06738182,10272
1655164800,1.0,1.0002,0.9998,0.9999,52016108.32280705,9007
1655251200,0.9999,1.0001,0.9516,1.0,74041057.36784813,8873
1655337600,1.0,1.0,0.9999,1.0,43744832.04216045,5785
1655424000,1.0,1.0001,0.9999,1.0,35425144.89994643,3338
1655510400,1.0,1.0001,0.9998,0.9999,27936791.632389683,7447
1655596800,0.9999,1.0001,0.9999,1.0001,18987210.715188537,6263
1655683200,1.0,1.0001,0.9999,1.0,20277336.039190453,5423
1655769600,1.0,1.0,0.9992,1.0,21521592.12843802,5363
1655856000,1.0,1.0001,0.9999,0.9999,29897878.475851752,5194
1655942400,1.0,1.0001,0.9998,1.0,20375102.30033784,4927
1656028800,1.0,1.0001,0.9999,1.0001,15250878.397873892,4082
1656115200,1.0001,1.0001,0.9999,1.0,5636331.731022124,2807
1656201600,1.0,1.0001,0.9999,1.0,8897998.216478445,2699
1656288000,1.0,1.0,0.9997,0.9999,23387141.177999027,4339
1656374400,0.9999,1.0,0.9999,0.9999,14680191.637146793,1741
1656460800,1.0,1.0,0.9999,1.0,21170474.68731846,8026
1656547200,0.9999,1.0,0.9997,1.0,47220273.90650418,6913
1656633600,1.0,1.0002,0.9999,0.9999,33429428.789346088,6934
1656720000,1.0,1.0003,0.9999,1.0001,12908575.372158393,2886
1656806400,1.0,1.0003,0.9999,0.9999,12509811.894775221,2861
1656892800,0.9999,1.0003,0.9999,1.0,27913088.20240261,3861
1656979200,0.9999,1.0001,0.9999,0.9999,18481678.628049947,4582
1657065600,1.0,1.0001,0.9999,0.9999,27575588.20178146,4848
1657152000,0.9999,1.0002,0.9999,0.9999,26566556.76499309,4873
1657238400,1.0,1.0001,0.9999,1.0,21969489.451867104,4442
1657324800,1.0,1.0001,0.9999,0.9999,4593003.111677522,2266
1657411200,1.0,1.0001,0.9999,0.9999,5595530.177067937,2949
1657497600,0.9999,1.0,0.9999,0.9999,10710248.70300088,3041
1657584000,1.0,1.0001,0.9999,0.9999,23298185.080185708,3408
1657670400,1.0,1.0002,0.9999,1.0,19202314.127064005,4816
1657756800,1.0,1.0001,0.9999,1.0,25789279.642445054,3375
1657843200,1.0,1.0001,0.9998,1.0,20454306.885365807,3824
1657929600,1.0,1.0,0.9999,0.9999,6034492.037032963,1679
1658016000,0.9999,1.0001,0.9999,0.9999,5017552.574805528,1697
1658102400,1.0,1.0001,0.9995,0.9999,25739535.40926043,5207
1658188800,0.9999,1.0002,0.9998,1.0001,19833639.38545009,5971
1658275200,1.0,1.0001,0.9998,0.9999,21045772.800761312,5311
1658361600,1.0,1.0002,0.9999,1.0,14559409.192512756,5658
1658448000,1.0,1.0001,0.9997,0.9999,24258979.452544313,6507
1658534400,0.9999,1.0001,0.9999,0.9999,3395045.586228044,2251
1658620800,0.9999,1.0001,0.9999,0.9999,4586975.988605928,2692
1658707200,1.0001,1.0002,0.9999,0.9999,11390701.351008784,5311
1658793600,0.9999,1.0001,0.9999,1.0001,18038563.684673037,2647
1658880000,1.0001,1.0003,0.9999,1.0001,20975027.461109187,6644
1658966400,1.0,1.0002,0.9999,1.0,22829334.707350515,3896
1659052800,0.9999,1.0003,0.9999,1.0,22187724.669423543,3397
1659139200,1.0,1.0001,0.9999,0.9999,4544859.539033809,1348
1659225600,0.9999,1.0,0.9998,1.0,4983445.115003573,1409
1659312000,1.0,1.0001,0.9999,0.9999,12172517.195926836,3504
1659398400,1.0,1.0001,0.9999,1.0,10150769.614920868,2762
1659484800,1.0,1.0,0.9999,0.9999,17091586.100104876,2111
1659571200,1.0,1.0001,0.9992,1.0,16150639.593495788,2789
1659657600,0.9999,1.0001,0.9992,1.0,24422402.420858998,2777
1659744000,1.0,1.0,0.9999,1.0,1748537.4495033296,748
1659830400,1.0,1.0,0.9998,1.0,5705013.184615022,1162
1659916800,0.9999,1.0001,0.9999,1.0,12463672.559631826,2973
1660003200,0.9999,1.0001,0.9999,0.9999,17473133.963392135,2963
1660089600,1.0,1.0,0.9999,0.9999,26549801.90137037,3164
1660176000,1.0,1.0001,0.9999,1.0,15140978.548957737,2631
1660262400,1.0,1.0001,0.9999,1.0,12164959.686685005,2771
1660348800,0.9999,1.0,0.9999,0.9999,3838355.820830445,1314
1660435200,0.9999,1.0001,0.9999,0.9999,6195440.366157906,2190
1660521600,0.9999,1.0,0.9995,1.0,20682792.474925652,2610
1660608000,0.9999,1.0,0.9997,1.0,11674719.373823995,2629
1660694400,0.9999,1.0001,0.992,1.0001,14388576.189956604,4102
1660780800,1.0,1.0001,0.9999,1.0,10866385.114231322,2451
1660867200,1.0,1.0002,0.9999,1.0001,12168119.98337251,4700
1660953600,1.0,1.0001,0.9999,1.0,4097746.2511540153,1720
1661040000,1.0,1.0001,0.9999,1.0,5557179.414826489,1464
1661126400,1.0,1.0001,0.9998,0.9999,16528748.527935848,3138
1661212800,0.9999,1.0001,0.9999,1.0,13145211.127119754,3012
1661299200,1.0,1.0001,0.9999,0.9999,13702294.620388076,2437
1661385600,0.9999,1.0,0.9987,0.9999,12866350.857566968,2191
1661472000,1.0,1.0004,0.9997,1.0,17265539.226361632,6568
1661558400,0.9999,1.0001,0.9999,0.9999,4225546.669192058,2369
1661644800,1.0,1.0001,0.9999,1.0,4777027.239990532,1468
1661731200,1.0,1.0001,0.9999,1.0,15812521.010542313,5607
1661817600,1.0,1.0002,0.9999,1.0,13709280.81615297,4908
1661904000,1.0,1.0001,0.9999,0.9999,11084529.357477421,4977
1661990400,1.0,1.0001,0.9999,0.9999,10123255.166141896,4259
1662076800,0.9999,1.0001,0.9999,1.0,18288245.39375129,4302
1662163200,1.0,1.0,0.9999,0.9999,1817411.5597426898,1283
1662249600,0.9999,1.0,0.9999,1.0,3553630.211615597,1644
1662336000,1.0,1.0,0.9999,0.9999,6796658.891877009,2996
1662422400,1.0,1.0001,0.9999,0.9999,16116293.544623267,5375
1662508800,0.9999,1.0002,0.9982,0.9999,13801056.569834376,5791
1662595200,1.0,1.0001,0.9997,1.0,18402908.95205351,5916
1662681600,1.0,1.0001,0.9999,0.9999,12448288.30695564,4575
1662768000,1.0,1.0001,0.9999,1.0,9109828.780149536,1903
1662854400,1.0,1.0002,0.9999,1.0,7367111.569982983,2410
1662940800,1.0,1.0001,0.9999,0.9999,9436781.822911084,4668
1663027200,1.0,1.0001,0.997,1.0,15499828.389028376,5263
1663113600,0.9999,1.0002,0.9999,0.9999,31402380.62093062,5917
1663200000,0.9999,1.0001,0.9993,1.0,15688672.387874955,6369
1663286400,1.0,1.0002,0.9999,0.9999,10292589.239541302,3712
1663372800,0.9999,1.0001,0.9999,1.0,6400216.729086888,2373
1663459200,1.0,1.0001,0.9999,1.0,5790081.961058651,3340
1663545600,1.0,1.0001,0.9998,0.9999,10679764.748300226,4702
1663632000,1.0,1.0001,0.9999,1.0,16676008.621574678,6108
1663718400,0.9999,1.0001,0.9998,0.9999,17763040.350410137,8603
1663804800,0.9999,1.0,0.9998,0.9999,9925936.583255207,9648
1663891200,1.0,1.0,0.9971,0.9999,14079894.277217597,6340
1663977600,0.9999,1.0,0.9998,0.9999,5796605.539669181,2311
1664064000,1.0,1.0,0.9999,1.0,4196625.718850752,2102
1664150400,0.9999,1.0,0.9997,1.0,18747605.933179285,8093
1664236800,0.9999,1.0001,0.997,1.0,19941829.82302353,7588
1664323200,1.0,1.0,0.997,0.9999,12810079.070152627,5183
1664409600,1.0,1.0001,0.9998,1.0,12516079.06812415,4576
1664496000,1.0,1.0,0.9999,1.0,11416478.282631664,4202
1664582400,0.9999,1.0,0.9999,0.9999,3929784.5988141643,1163
1664668800,1.0,1.0,0.9999,1.0,4009873.1412553643,2809
1664755200,1.0,1.0001,0.9999,1.0,14259134.946162678,3440
1664841600,1.0,1.0001,0.9999,0.9999,15339450.816141905,3717
1664928000,1.0,1.028,0.9994,1.0,16663231.29968849,4057
1665014400,1.0,1.0,0.997,0.9999,9286063.74561045,3300
1665100800,0.9999,1.0,0.9974,1.0,11925443.74348425,3851
1665187200,1.0,1.0,0.9999,0.9999,2747777.551657472,1704
1665273600,0.9999,1.0001,0.9999,0.9999,3386092.084781015,2366
1665360000,1.0,1.0001,0.9998,1.0,8806602.304609306,3005
1665446400,1.0,1.0003,0.9999,0.9999,12433495.81504498,3464
1665532800,1.0,1.0,0.9996,1.0,11165266.614530096,3125
1665619200,0.9999,1.0,0.9997,0.9999,16596338.57312591,4511
1665705600,0.9999,1.0,0.9996,1.0,12833925.184178157,4845
1665792000,1.0,1.0,0.9999,0.9999,1685054.1759566087,1620
1665878400,0.9999,1.0,0.9998,1.0,5491595.766092142,2281
1665964800,0.9999,1.0,0.9985,1.0,12087326.085238472,3118
1666051200,1.0,1.0,0.9994,0.9999,10218278.184238033,4326
1666137600,0.9999,1.0,0.9999,0.9999,8143688.593293017,2888
1666224000,1.0,1.0,0.9999,0.9999,8038950.8057692675,2118
1666310400,1.0,1.0001,0.9999,1.0,12348083.37976379,4726
1666396800,0.9999,1.0,0.9999,0.9999,4903446.435280675,1135
1666483200,1.0,1.0,0.9999,1.0,4168240.823750129,2138
1666569600,1.0,1.0,0.9996,0.9999,8874876.421992354,2935
1666656000,0.9999,1.0001,0.9996,1.0,20805312.214869335,3416
1666742400,1.0,1.0001,0.9997,0.9999,16706428.983201014,4056
1666828800,0.9999,1.0001,0.9997,1.0,12377196.68273203,3639
1666915200,0.9999,1.0002,0.9996,1.0,11325594.780557612,2851
1667001600,1.0,1.0,0.9999,0.9999,5926473.42767911,3261
1667088000,0.9999,1.0,0.9996,1.0,3925615.548649145,2239
1667174400,1.0,1.0001,0.9989,0.9999,15745754.521285912,4120
1667260800,1.0,1.0,0.9996,0.9999,10946701.43746078,4682
1667347200,1.0,1.0004,0.9995,1.0,14399733.355332542,4878
1667433600,0.9999,1.0,0.9998,0.9998,11026737.0552202,4631
1667520000,0.9999,1.0001,0.9998,0.9999,17200632.858877797,4938
1667606400,0.9999,1.0,0.9998,1.0,10288957.143120587,3113
1667692800,0.9999,1.0001,0.9998,1.0,10939295.912449123,2810
1667779200,1.0,1.0001,0.9999,0.9999,19938664.5787451,4433
1667865600,0.9999,1.012,0.997,0.9999,71631649.55393025,23360
1667952000,1.0,1.0012,0.9969,1.0,99602196.45058276,44001
1668038400,1.0,1.0031,0.9911,1.0,92938463.12014918,33180
1668124800,1.0,1.0004,0.9951,1.0,57962758.6738803,14810
1668211200,1.0,1.0007,0.9999,0.9999,34403623.84355656,8171
1668297600,1.0,1.0001,0.9999,1.0,28464539.435521286,10629
1668384000,1.0,1.0013,0.9953,1.0,55762933.5525273,13416
1668470400,1.0,1.0001,0.9954,0.9999,53301850.58283785,12550
1668556800,0.9998,1.0008,0.9928,0.9999,57622376.84540925,12309
1668643200,0.9999,1.0003,0.9913,0.9998,57910322.1370598,10916
1668729600,0.9999,1.0002,0.9988,1.0,38408293.02797318,7298
1668816000,0.9999,1.0001,0.998,0.9999,28839161.000825837,4177
1668902400,0.9999,1.0001,0.999,0.9999,42393663.35174562,7128
1668988800,0.9999,1.0001,0.9981,0.9999,60508849.12862964,11533
1669075200,1.0,1.0,0.9991,0.9999,40568473.0203666,9180
1669161600,0.9999,1.0,0.9991,0.9999,55219401.598655045,9737
1669248000,0.9999,1.0,0.9973,0.9999,100988434.67736444,14400
1669334400,0.9999,1.0,0.9961,1.0,41198340.12092138,14459
1669420800,1.0,1.0,0.999,0.9999,45932997.74324079,17986
1669507200,0.9999,1.0001,0.9998,0.9999,56974828.49120061,9424
1669593600,0.9999,1.0001,0.9991,1.0,104010007.56479926,26851
1669680000,1.0,1.0,0.9996,0.9999,131078415.60480012,20144
1669766400,0.9999,1.0001,0.9945,0.9999,30181628.183083385,6151
1669852800,1.0,1.0001,0.9999,0.9999,23285455.924069285,8591
1669939200,1.0,1.0001,0.9914,0.9999,67641606.6269678,9886
1670025600,0.9999,1.0,0.9999,1.0,5323393.148106611,1397
1670112000,1.0,1.0,0.9914,0.9999,39042491.79908593,10193
1670198400,1.0,1.0,0.9998,0.9999,40740576.8197059,6199
1670284800,1.0,1.0,0.9999,1.0,29524098.18138538,3338
1670371200,0.9999,1.0001,0.9998,1.0,26214361.149317306,5085
1670457600,0.9999,1.0001,0.9999,1.0001,18279670.797388777,5114
1670544000,1.0,1.0001,0.9999,1.0,36003774.48430308,5214
1670630400,1.0,1.0,0.9999,0.9999,4146725.2449355195,1254
1670716800,0.9999,1.0,0.9998,0.9999,5816003.805104827,1141
1670803200,1.0,1.0001,0.9999,0.9999,38306704.984601215,4819
1670889600,1.0,1.0,0.9996,0.9999,43025853.94898024,9160
1670976000,0.9999,1.0001,0.9998,1.0,30602010.909833334,5351
1671062400,1.0,1.0,0.9999,0.9999,25625639.82896461,4326
1671148800,0.9999,1.0,0.9999,0.9999,19295638.492835537,7089
1671235200,0.9999,1.0,0.9999,1.0,5304144.555660022,2768
1671321600,0.9999,1.0,0.9999,1.0,4940541.744429076,1646
1671408000,1.0,1.0,0.9999,0.9999,20107797.660734467,6236
1671494400,0.9999,1.0001,0.9999,1.0,26718346.042551916,4469
1671580800,1.0,1.0001,0.9999,0.9999,17552781.27480271,2947
1671667200,0.9999,1.0,0.9999,0.9999,26434467.501720224,8497
1671753600,0.9999,1.0,0.9997,1.0,36908174.469473995,5545
1671840000,1.0,1.0,0.9999,1.0,4310482.769567567,925
1671926400,1.0,1.0,0.9999,0.9999,4036073.6618012385,944
1672012800,1.0,1.0,0.9999,0.9999,5199251.989671064,2635
1672099200,0.9999,1.0,0.9999,0.9999,17070548.499152,4826
1672185600,0.9999,1.0,0.9999,0.9999,19038165.970564127,3322
1672272000,0.9999,1.0,0.9998,0.9999,19947360.0165121,3175
1672358400,0.9999,1.0001,0.9999,0.9999,29314571.190057762,3986
1672444800,0.9999,1.0,0.9999,0.9999,8890475.161026057,1497
1672531200,1.0,1.0,0.9999,0.9999,2549063.9931907086,1192
1672617600,1.0,1.0001,0.9998,0.9999,11753698.050044803,2678
1672704000,1.0,1.0,0.9999,0.9999,23241185.020385694,5905
1672790400,0.9999,1.0,0.9999,0.9999,15160404.101921992,2897
1672876800,0.9999,1.0,0.9999,0.9999,20110984.734961666,4031
1672963200,0.9999,1.0001,0.9999,1.0,22058528.263337035,7326
1673049600,1.0,1.0001,0.9999,0.9999,2544141.0342915696,1109
1673136000,1.0,1.0,0.9999,1.0,8630809.78883764,1857
1673222400,1.0,1.0001,0.9999,1.0,24790153.12747032,4108
1673308800,0.9999,1.0,0.9999,1.0,21301631.179760393,3676
1673395200,1.0,1.0,0.9998,1.0,32283235.61306102,3366
1673481600,1.0,1.0001,0.9998,1.0,36475575.27443727,6593
1673568000,1.0,1.0,0.9947,1.0,20999693.63380344,4236
1673654400,0.9999,1.0002,0.9999,1.0,15999339.12822367,5043
1673740800,0.9999,1.0,0.9999,0.9999,3623431.7797007607,2427
1673827200,0.9999,1.0,0.9998,0.9999,17824166.710424837,4181
1673913600,1.0,1.0,0.9999,1.0,18082630.0135533,4079
1674000000,1.0,1.0001,0.9999,1.0,21498667.346935723,4198
1674086400,1.0,1.0,0.9999,1.0,12923555.587723413,3420
1674172800,1.0,1.0001,0.9999,0.9999,11913185.528954832,3114
1674259200,0.9999,1.0001,0.9999,1.0,6649357.740013048,3734
1674345600,1.0,1.0001,0.9999,0.9999,6549176.802108256,2713
1674432000,1.0,1.0,0.9999,1.0,17022886.02151346,3677
1674518400,1.0,1.0,0.9999,0.9999,14413127.407615593,4471
1674604800,1.0,1.0,0.9999,0.9999,14131735.811273811,4712
1674691200,1.0,1.0002,0.9999,1.0,21538673.421305705,3309
1674777600,1.0,1.0001,0.9999,1.0,23418902.41769632,4232
1674864000,0.9999,1.0001,0.9999,1.0,8103942.339802698,2525
1674950400,1.0,1.0,0.9999,1.0,5055711.970153393,1725
1675036800,1.0,1.002,0.9999,1.0,19185305.59792841,5211
1675123200,0.9999,1.0001,0.9999,1.0,14210309.768542634,4626
1675209600,1.0,1.0,0.9971,1.0,22618545.067537487,6016
1675296000,1.0,1.0001,0.9998,0.9999,15123644.40494849,4497
1675382400,1.0,1.0001,0.9995,0.9999,21355738.079811316,7372
1675468800,0.9999,1.0,0.9999,0.9999,9283170.144236248,2287
1675555200,1.0,1.0,0.9999,1.0,5687368.328358919,2859
1675641600,1.0,1.0,0.999,0.9999,18683913.4080821,3246
1675728000,1.0,1.0001,0.9995,0.9999,25582485.233265605,5101
1675814400,1.0,1.0,0.9998,1.0,28304204.910158467,4316
1675900800,1.0,1.0019,0.9998,1.0,32423273.855596304,5260
1675987200,1.0,1.0001,0.9965,1.0,22710083.60166663,3987
1676073600,1.0,1.0,0.995,0.9999,10010560.116234267,1547
1676160000,0.9999,1.0,0.9999,0.9999,3095045.789331298,1713
1676246400,0.9999,1.0,0.9996,1.0,54724084.79756183,8278
1676332800,1.0,1.0,0.9926,1.0,40236236.15282572,6244
1676419200,0.9999,1.0,0.9997,1.0,36311161.11775488,6593
1676505600,1.0,1.0,0.9999,1.0,35702792.720666505,8318
1676592000,1.0,1.0,0.9999,1.0,21682464.392231878,6085
1676678400,1.0,1.0,0.9999,0.9999,4550388.73481779,2435
1676764800,1.0,1.0,0.9999,0.9999,4333409.315628612,2542
1676851200,1.0,1.0,0.9999,0.9999,14507958.988030415,4267
1676937600,1.0,1.002,0.9999,0.9999,18253800.57578842,6652
1677024000,1.0,1.0018,0.9999,0.9999,28466333.23250626,17585
1677110400,1.0,1.0011,0.9999,0.9999,14475688.431553675,7118
1677196800,0.9999,1.0,0.9999,1.0,18206918.17867567,5019
1677283200,1.0,1.0,0.9999,0.9999,4345673.703405234,2078
1677369600,1.0,1.0,0.9999,1.0,7813079.469793032,2386
1677456000,0.9999,1.0,0.9993,0.9999,15404150.841238072,6602
1677542400,1.0,1.0006,0.9999,1.0,27266302.67440174,6231
1677628800,1.0,1.0,0.9925,1.0,15590305.069834623,4194
1677715200,1.0,1.0002,0.997,1.0,19322411.065892477,2862
1677801600,1.0,1.0,0.9995,1.0,22203257.674809493,6102
1677888000,1.0,1.0,0.9998,1.0,14775334.067661775,1775
1677974400,1.0,1.0,0.9998,1.0,5032936.862341214,1477
1678060800,0.9999,1.0,0.9998,0.9999,10864407.774561236,2283
1678147200,1.0,1.002,0.999,0.9999,32631060.882368114,4892
1678233600,1.0,1.0004,0.9999,1.0001,14483393.769353958,4548
1678320000,1.0,1.0004,0.9998,0.9999,21799682.20256557,5649
1678406400,0.9999,1.0013,0.99,0.9982,74333363.36243767,12868
1678492800,0.9982,0.999,0.874,0.967,492203621.45343935,112173
1678579200,0.9679,0.9949,0.9455,0.9914,305540303.0657968,103648
1678665600,0.9914,0.9997,0.9825,0.999,191686683.16510865,47140
1678752000,0.999,1.0,0.9979,0.9996,179426277.06895638,24230
1678838400,0.9996,0.9998,0.996,0.9996,149194080.8319917,25286
1678924800,0.9996,1.0,0.9994,0.9999,70765283.77028337,20669
1679011200,0.9999,1.0008,0.9996,1.0,100120907.0769607,16630
1679097600,1.0001,1.0001,0.9994,0.9997,26143638.961422022,6884
1679184000,0.9996,1.0002,0.9995,0.9999,41560050.04417369,6905
1679270400,0.9999,1.0,0.995,0.9979,119593581.65628773,19768
1679356800,0.9979,0.9997,0.995,0.9985,55937336.506278284,10343
1679443200,0.9984,0.9999,0.997,0.9989,48169710.01555997,14254
1679529600,0.999,1.0,0.998,0.9992,41312514.616108485,10970
1679616000,0.9993,1.0,0.999,0.9998,23473709.222105775,13177
1679702400,0.9998,1.0001,0.9998,0.9998,11065716.243078561,4271
1679788800,0.9998,0.9999,0.9998,0.9998,5936777.530305399,3882
1679875200,0.9999,0.9999,0.9987,0.9997,28281946.200750135,12855
1679961600,0.9997,1.0027,0.9995,0.9997,52146477.21061145,31700
1680048000,0.9997,1.0009,0.9996,0.9999,49083404.07321889,25169
1680134400,1.0,1.0002,0.9997,1.0,29957119.63287286,15413
1680220800,1.0,1.0003,0.9997,0.9998,32836417.038548723,8010
1680307200,0.9999,1.0,0.9996,0.9999,8716929.636413455,4679
1680393600,0.9998,0.9999,0.9995,0.9996,6216673.138815721,3965
1680480000,0.9996,1.0003,0.9995,0.9997,34826880.48260525,12813
1680566400,0.9997,1.0,0.9996,0.9997,19345892.38151604,8643
1680652800,0.9997,0.9999,0.9996,0.9997,15152325.814576348,6927
1680739200,0.9997,0.9999,0.9991,0.9997,18111881.166616727,5442
1680825600,0.9998,1.0003,0.9997,0.9999,9248552.195022866,3155
1680912000,0.9999,1.0,0.9998,0.9998,4086689.5955531723,4971
1680998400,0.9998,1.0,0.9997,0.9998,7482813.467120723,2560
1681084800,0.9999,1.0,0.9997,0.9997,22067094.568193253,5791
1681171200,0.9997,1.0,0.9996,0.9998,32087478.27452152,7827
1681257600,0.9998,0.9999,0.999,0.9997,27813609.196221165,8554
1681344000,0.9997,1.0,0.999,0.9999,19483165.520561736,4849
1681430400,0.9999,1.0,0.9997,0.9999,14504304.480742024,3743
1681516800,0.9999,1.0,0.9997,0.9998,4567918.078662974,1523
1681603200,0.9998,0.9999,0.999,0.9998,6500435.339663676,2952
1681689600,0.9997,0.9999,0.999,0.9999,14714959.099843359,5250
1681776000,0.9999,1.0,0.9997,0.9998,17326425.94017024,5626
1681862400,0.9998,1.0002,0.9997,1.0,21969834.768764663,6955
1681948800,1.0,1.0002,0.9998,1.0001,25357433.83891887,6669
1682035200,1.0001,1.0015,1.0,1.0003,35067102.740288585,15013
1682121600,1.0003,1.0009,0.9999,1.0,3401343.783120783,3298
1682208000,1.0001,1.0001,0.9998,0.9998,7091412.395007197,3426
1682294400,0.9998,1.0001,0.9998,0.9999,15010791.766723486,3502
1682380800,0.9999,1.0,0.9953,0.9998,31397839.279879835,8173
1682467200,0.9999,1.0001,0.9997,1.0,29770131.915255025,7921
1682553600,1.0,1.0,0.9996,0.9997,17687899.99989363,5435
1682640000,0.9998,1.0,0.996,0.9998,27602472.782542076,7867
1682726400,0.9999,1.0,0.9997,0.9998,6485941.016150632,6420
1682812800,0.9999,1.0,0.9996,0.9998,12868886.491270417,4345
1682899200,0.9998,1.0,0.9996,0.9999,10100623.097293474,3696
1682985600,0.9999,1.0001,0.9998,1.0,19084470.42553717,4177
1683072000,0.9999,1.0001,0.9999,0.9999,14127681.781990744,3341
1683158400,1.0,1.0001,0.9999,1.0,15596836.034546573,4155
1683244800,0.9999,1.0008,0.9999,1.0001,15370588.743212443,6859
1683331200,1.0,1.0002,0.9999,0.9999,5046892.032976542,2961
1683417600,1.0,1.0001,0.9999,0.9999,3688905.7876338153,2378
1683504000,1.0,1.0003,0.9996,1.0,21666349.89420963,6456
1683590400,1.0,1.0003,0.9997,0.9999,22337372.820509,6699
1683676800,0.9998,1.0001,0.9995,0.9999,22362903.67407682,6475
1683763200,1.0,1.0,0.9998,0.9999,14048820.965628006,4466
1683849600,0.9999,1.0001,0.9996,1.0,13004466.41134553,5343
1683936000,1.0,1.0001,0.9999,1.0,5516463.990674607,1923
1684022400,1.0,1.0,0.9997,0.9998,5756807.359199503,1984
1684108800,0.9999,1.0,0.9997,0.9999,11884035.946629744,4482
1684195200,0.9999,1.0,0.9997,0.9999,15514476.947171282,6757
1684281600,0.9998,1.0,0.9995,0.9999,13920868.666181143,3832
1684368000,0.9999,1.0,0.9997,0.9999,10795757.79249591,4549
1684454400,0.9999,1.0001,0.9998,0.9999,10880044.594643401,3208
1684540800,0.9999,0.9999,0.9998,0.9999,8071541.632781581,2655
1684627200,0.9998,0.9999,0.9988,0.9998,6557742.767000987,2250
1684713600,0.9998,0.9999,0.999,0.9998,13594713.568445561,3312
1684800000,0.9998,1.0001,0.999,0.9998,18099432.142550085,4267
1684886400,0.9999,1.0002,0.9996,1.0,35550122.33445699,7713
1684972800,0.9999,1.0,0.9998,0.9998,14846849.511153491,4321
1685059200,0.9999,1.0,0.9998,1.0,10775679.744413922,3681
1685145600,1.0,1.0,0.9999,1.0,2177654.2221443634,1019
1685232000,1.0,1.0,0.9999,1.0,4504316.3311716495,2960
1685318400,1.0,1.0,0.9995,0.9997,8406228.011425192,3948
1685404800,0.9998,1.0,0.9994,0.9999,14567403.173948921,5652
1685491200,0.9999,1.0,0.9988,0.9999,32230632.91792702,7581
1685577600,0.9998,0.9999,0.9975,0.9996,20905568.00561271,5847
1685664000,0.9997,1.0,0.9995,1.0,34133941.356538184,7423
1685750400,1.0,1.0,0.9997,0.9999,11886164.540841592,3444
1685836800,0.9999,0.9999,0.9995,0.9997,11146731.048766071,3402
1685923200,0.9997,1.0,0.999,0.9998,39903642.99059245,12133
1686009600,0.9998,1.0,0.999,0.9997,20519251.874067686,5172
1686096000,0.9996,1.0,0.9995,0.9999,23989625.549947444,6805
1686182400,0.9999,1.0001,0.9998,0.9999,25323521.981811684,5934
1686268800,0.9999,1.0001,0.9999,1.0,17080249.949267827,2504
1686355200,1.0,1.0,0.9998,1.0,16875886.84110884,8904
1686441600,0.9999,1.0,0.9996,0.9996,4049073.9809150887,3007
1686528000,0.9997,1.0001,0.9994,0.9999,33689607.46903782,7840
1686614400,0.9999,1.0001,0.9998,0.9999,18566594.346457317,3639
1686700800,0.9999,1.0,0.9995,0.9999,15110833.940682651,4581
1686787200,0.9998,1.0007,0.9989,1.0001,42956965.06344415,7638
1686873600,1.0001,1.001,1.0,1.0,24509660.59775933,4627
1686960000,1.0,1.0002,1.0,1.0001,9539725.706360808,1891
1687046400,1.0001,1.0003,1.0,1.0001,4957554.963030497,2275
1687132800,1.0001,1.0004,1.0,1.0001,10709784.037550723,2210
1687219200,1.0001,1.0003,1.0,1.0001,29036198.30063902,4755
1687305600,1.0001,1.0003,0.9998,0.9998,47859209.299204804,7510
1687392000,0.9998,1.0001,0.9988,0.9999,31382566.320306037,6879
1687478400,0.9999,1.0,0.9997,0.9999,23483055.642298862,5544
1687564800,0.9999,0.9999,0.9996,0.9997,8231677.47453405,2467
1687651200,0.9996,0.9999,0.999,0.9994,10750714.714818442,4722
1687737600,0.9994,0.9999,0.9993,0.9998,17642337.977125708,4709
1687824000,0.9997,1.0,0.9995,0.9999,23550607.364536628,4750
1687910400,1.0,1.0002,0.9998,1.0,21981486.36664114,4035
1687996800,1.0,1.0002,0.9999,0.9999,26076275.97108633,4598
1688083200,0.9999,1.0002,0.9999,1.0001,22564002.579554465,5059
1688169600,1.0001,1.0003,1.0,1.0001,7587019.394743553,1694
1688256000,1.0001,1.0002,0.9999,1.0,4334005.895824553,2494
1688342400,1.0,1.0002,0.9998,0.9999,22079110.594738003,4888
1688428800,1.0,1.0,0.9996,0.9996,7766763.507579626,3094
1688515200,0.9997,0.9999,0.999,0.9996,11784778.994797567,4785
1688601600,0.9996,1.0,0.9983,0.9999,24049226.14231044,5637
1688688000,0.9999,1.0002,0.9998,1.0001,20662785.917951047,5454
1688774400,1.0001,1.0001,0.9999,1.0001,5170449.018721975,1314
1688860800,1.0001,1.0001,1.0,1.0,2321700.066300882,961
1688947200,1.0,1.0001,0.9999,0.9999,13569428.501282934,2375
1689033600,0.9999,1.0,0.9998,0.9999,10914969.371678477,2114
1689120000,1.0,1.0001,0.9995,1.0,16863420.535936218,2412
1689206400,0.9999,1.0001,0.9995,0.9997,19215398.07700905,5210
1689292800,0.9997,1.0001,0.9997,1.0,32772075.81650316,7571
1689379200,1.0,1.0,0.9997,0.9999,5637782.736119136,2366
1689465600,0.9998,1.0,0.9996,0.9996,2992145.626500206,1370
1689552000,0.9996,1.0,0.9996,0.9998,10332163.806806242,2221
1689638400,0.9997,1.0,0.9975,0.9998,18134195.613531686,2439
1689724800,0.9999,1.0,0.9994,0.9999,13754535.295488816,2544
1689811200,0.9999,1.0,0.9997,0.9999,15749258.5666171,2649
1689897600,0.9999,1.0,0.9998,0.9999,12218622.766936323,2412
1689984000,1.0,1.0,0.9999,0.9999,2225611.944269353,1445
1690070400,0.9999,1.0,0.9999,0.9999,3012288.840437948,1303
1690156800,0.9999,1.0002,0.9998,1.0,15163065.105142174,4367
1690243200,1.0,1.0002,0.9999,1.0,16544518.523398632,2173
1690329600,1.0001,1.0002,0.9998,0.9999,21515880.689515606,3879
1690416000,0.9999,1.0001,0.9997,0.9998,38408197.620038345,6589
1690502400,0.9999,1.0001,0.9998,1.0,15704803.560531018,3728
1690588800,0.9999,1.0001,0.9999,1.0001,3543360.9312537587,1091
1690675200,1.0,1.0001,0.9999,0.9999,2083296.1630696391,1723
1690761600,0.9999,1.0001,0.9998,0.9999,31626356.640735738,5683
1690848000,1.0,1.0001,0.9999,1.0,10185749.238844838,2535
1690934400,0.9999,1.0019,0.9999,0.9999,19423643.745245747,3326
1691020800,1.0,1.0,0.9996,0.9998,15179643.8177079,2828
1691107200,0.9999,1.0019,0.9997,0.9999,27884162.788359575,4309
1691193600,0.9999,0.9999,0.9998,0.9998,2492845.511994423,1341
1691280000,0.9998,0.9999,0.9997,0.9997,2399567.1220599967,1264
1691366400,0.9997,1.0007,0.9997,1.0,26292721.28329881,3394
1691452800,1.0,1.0005,0.9999,0.9999,15062722.847700078,4952
1691539200,1.0,1.002,0.9999,1.0001,22084762.430465326,4695
1691625600,1.0001,1.0002,0.9997,1.0001,17637925.673149675,2394
1691712000,1.0001,1.0003,0.9998,1.0001,18413066.402108483,3024
1691798400,1.0001,1.0002,1.0,1.0,1514668.319708572,1743
1691884800,1.0,1.0001,1.0,1.0001,2566612.5812978707,1622
1691971200,1.0,1.0004,0.9997,1.0,20948756.047495548,4018
1692057600,0.9999,1.0002,0.9998,1.0,26583537.451852553,4397
1692144000,1.0,1.0002,0.9999,1.0,26919388.06681003,5770
1692230400,1.0001,1.0004,0.9998,1.0001,21302190.01472355,7123
1692316800,1.0002,1.0002,0.9996,0.9999,16788454.369647443,4315
1692403200,0.9999,1.0,0.9999,0.9999,3032297.5883379127,2745
1692489600,0.9999,1.0,0.9999,0.9999,3465165.787759302,2342
1692576000,1.0,1.0,0.9997,1.0,18563468.35418904,4263
1692662400,1.0,1.0,0.9998,0.9999,10385629.886466587,3425
1692748800,0.9999,1.0001,0.9998,1.0,14757488.366347462,3531
1692835200,0.9999,1.0001,0.9999,1.0,15068096.396766301,3836
1692921600,1.0,1.0001,1.0,1.0001,9543847.977451913,4033
1693008000,1.0001,1.0001,0.9999,1.0,5847113.858820136,5389
1693094400,1.0,1.0001,0.9999,1.0,2553993.3004432786,3800
1693180800,1.0,1.0002,0.9999,1.0,13313099.900628451,3275
1693267200,1.0001,1.0007,0.9999,0.9999,18000852.155992273,4124
1693353600,1.0,1.0001,0.9998,1.0,16948450.52388641,3306
1693440000,1.0,1.001,0.9999,1.0001,17065451.654153846,4155
1693526400,1.0001,1.0001,0.9999,1.0001,13619495.992819643,3609
1693612800,1.0001,1.0001,1.0,1.0001,2066329.7468101121,1103
1693699200,1.0001,1.0001,0.9999,1.0,2131914.5307999123,1021
1693785600,1.0001,1.0001,0.9998,0.9999,8253813.213637521,1530
1693872000,1.0,1.0,0.9998,0.9999,22463605.90531982,2585
1693958400,0.9999,1.0,0.9995,1.0,9746996.496241657,1565
1694044800,1.0,1.0,0.9999,1.0,7133409.575288066,1460
1694131200,1.0,1.0001,0.9998,1.0,18233795.00490402,2841
1694217600,1.0,1.0001,1.0,1.0001,2197144.388979202,1130
1694304000,1.0001,1.0001,0.9999,0.9999,1972831.276283011,1676
1694390400,1.0,1.0001,0.9999,1.0,15788189.457833627,2759
1694476800,1.0,1.0,0.9998,1.0,15455525.144018045,2052
1694563200,0.9999,1.0001,0.9999,1.0001,16282005.174578972,1795
1694649600,1.0001,1.002,0.9999,1.0001,12400917.109414024,1222
1694736000,1.0001,1.0002,0.9999,1.0001,25932755.80113484,2755
1694822400,1.0,1.0003,1.0,1.0,4388785.528967054,1063
1694908800,1.0,1.0002,1.0,1.0,1479218.2195200406,860
1694995200,1.0001,1.0001,0.9999,1.0,9795717.281376764,2193
1695081600,1.0,1.0001,0.9999,1.0,9854357.04117301,1910
1695168000,1.0001,1.002,0.9999,0.9999,10276098.419845741,3325
1695254400,0.9999,1.0,0.9997,1.0,6981913.133933294,2921
1695340800,1.0,1.0001,0.9998,1.0001,9422309.73790464,2069
1695427200,1.0,1.0003,1.0,1.0,3550935.758513736,994
1695513600,1.0001,1.0001,0.9999,1.0001,1647315.1514184505,1082
1695600000,1.0001,1.0002,0.9999,1.0001,10152001.736132413,2030
1695686400,1.0001,1.0002,1.0,1.0001,12721362.647371313,1642
1695772800,1.0,1.0002,1.0,1.0,6606022.472880254,1507
1695859200,1.0002,1.0003,1.0,1.0,7402883.874242992,1509
1695945600,1.0,1.0007,0.9999,1.0,10977417.576155901,1753
1696032000,1.0001,1.0006,0.9999,1.0001,3537480.1845171223,1326
1696118400,1.0,1.0001,0.9999,1.0001,7197853.925387957,1185
1696204800,1.0,1.0003,0.9998,0.9998,13643989.668874742,2202
1696291200,0.9999,1.0,0.9997,0.9999,11150222.842114177,1759
1696377600,1.0,1.0001,0.9998,0.9999,17728178.31002054,2061
1696464000,1.0,1.0,0.9999,1.0,11937483.771067368,1984
1696550400,1.0,1.0001,0.9999,1.0,9419102.836897101,1634
1696636800,0.9999,1.0001,0.9999,1.0,3197995.9675228433,1243
1696723200,1.0001,1.0001,0.9999,0.9999,4930648.558553685,1806
1696809600,1.0,1.0,0.9997,0.9999,14398198.8553271,3140
1696896000,0.9998,1.0001,0.9997,1.0,16890770.09585465,2725
1696982400,1.0,1.0001,0.9998,1.0,15410135.500678245,2309
1697068800,1.0,1.0002,0.9999,1.0,9291697.183991322,2123
1697155200,1.0001,1.0002,0.9999,1.0001,6320306.487466228,2659
1697241600,1.0001,1.0002,1.0,1.0001,1867250.874491701,1436
1697328000,1.0001,1.0003,0.9999,1.0001,2010006.0304282377,1016
1697414400,1.0,1.0002,0.9999,0.9999,16387420.154492216,3510
1697500800,1.0,1.0001,0.9999,1.0,10924968.891854264,2120
1697587200,1.0,1.0001,0.9999,1.0001,15120179.163084617,1439
1697673600,1.0,1.0001,0.9999,1.0,10470615.504419189,1942
1697760000,1.0,1.0,0.9997,1.0,20136701.88853538,2790
1697846400,1.0,1.0,0.9998,0.9999,2978318.1256437683,1138
1697932800,0.9999,1.0,0.9997,0.9998,1836311.5136804786,1025
1698019200,0.9999,1.0001,0.9975,1.0,20619283.360163845,4711
1698105600,1.0,1.0001,0.9998,0.9999,29705020.87565912,5081
1698192000,0.9999,1.0002,0.9999,1.0001,18858436.187182978,2940
1698278400,1.0001,1.0002,0.9999,1.0,18614499.106529936,2936
1698364800,1.0001,1.0001,0.9998,1.0,11302336.995126836,2989
1698451200,1.0,1.0,0.9999,0.9999,3620954.1710483674,1152
1698537600,0.9999,1.0001,0.9999,0.9999,4583919.203573185,1966
1698624000,1.0,1.0002,0.9999,1.0001,20644381.780292332,3276
1698710400,1.0,1.0002,0.9999,1.0,13123679.655820554,2072
1698796800,0.9999,1.002,0.9999,1.0,25970954.22012287,3018
1698883200,0.9999,1.0007,0.9997,1.0,20581195.379105613,2542
1698969600,1.0001,1.002,0.9999,1.0001,16229785.427580036,3193
1699056000,1.0001,1.0003,1.0001,1.0002,4292657.882924159,1541
1699142400,1.0002,1.0003,1.0,1.0,3159792.0290037473,1969
1699228800,1.0,1.0003,0.9998,1.0,19738966.97462273,3328
1699315200,1.0,1.0007,0.9999,1.0,27449588.80982115,5453
1699401600,1.0001,1.0002,0.9995,1.0,24595266.520856936,2593
1699488000,1.0,1.0001,0.9969,0.9999,36612308.427799806,5050
1699574400,1.0,1.0016,0.9996,1.0,45292339.89313645,7970
1699660800,1.0,1.0001,0.9996,0.9996,6936205.748412309,2130
1699747200,0.9997,1.0008,0.9996,1.0001,8127074.748154996,2306
1699833600,1.0,1.0012,0.9998,1.0,20536109.337111004,4895
1699920000,0.9999,1.0003,0.9996,1.0,27812023.912806123,5020
1700006400,1.0,1.0009,0.9999,1.0002,31606652.441771094,5531
1700092800,1.0003,1.0003,0.9997,0.9998,25626175.503312293,4838
1700179200,0.9999,1.0005,0.9997,0.9998,18655724.82829898,3240
1700265600,0.9999,1.0001,0.9998,1.0,6875854.000441856,2046
1700352000,1.0,1.0002,0.9999,0.9999,10666379.44289475,2834
1700438400,0.9999,1.0006,0.9992,1.0,34276204.00449576,7762
1700524800,0.9999,1.002,0.9998,1.0,35194874.02947068,5963
1700611200,1.0,1.0004,0.9998,0.9999,26772722.777425725,7264
1700697600,0.9999,1.0002,0.9997,1.0,16050631.657709751,3164
1700784000,1.0001,1.0003,0.9995,0.9997,21575964.14972851,5290
1700870400,0.9997,1.0001,0.9995,0.9999,7136287.975884826,2295
1700956800,0.9999,1.0,0.9971,0.9999,7240688.639128677,2271
1701043200,0.9999,1.0002,0.9997,0.9999,25586887.89853792,5173
1701129600,0.9999,1.0003,0.9995,0.9999,15729784.591772366,5897
1701216000,1.0,1.0002,0.9991,1.0001,24030532.401328065,4944
1701302400,1.0001,1.0002,0.9999,1.0,17573722.218185306,3777
1701388800,0.9999,1.0001,0.9996,0.9999,23665768.309962638,3601
1701475200,0.9999,1.0,0.9995,0.9999,8890458.804765772,2867
1701561600,0.9999,1.0001,0.9996,0.9998,13586309.864859607,3250
1701648000,0.9998,1.0006,0.9994,1.0,39224091.1744484,7828
1701734400,1.0,1.0019,0.9998,1.0,31304846.79987271,7296
1701820800,1.0,1.0005,0.9998,1.0,23944311.53657916,6033
1701907200,1.0,1.0004,0.9999,1.0001,24377803.762669854,5734
1701993600,1.0001,1.0004,0.9999,0.9999,17883029.32219359,5182
1702080000,0.9999,1.0005,0.9998,1.0002,16803248.095626775,5237
1702166400,1.0001,1.0002,0.9999,1.0001,11673497.978123967,3744
1702252800,1.0001,1.0003,0.9997,1.0002,43377974.73204547,17028
1702339200,1.0002,1.0005,0.9999,1.0002,43253732.70356342,9733
1702425600,1.0002,1.0004,0.9998,1.0,35415595.75290207,4887
1702512000,0.9999,1.0003,0.9998,1.0001,29627053.733934496,6683
1702598400,1.0,1.0009,0.9999,1.0003,26112992.727961984,6277
1702684800,1.0003,1.0004,0.9999,1.0001,9675673.48417353,2808
1702771200,1.0002,1.0004,0.9998,1.0002,15032177.816278547,3561
1702857600,1.0002,1.0004,0.9999,0.9999,32796573.554008085,7597
1702944000,1.0,1.002,0.9997,1.0002,49649065.80372123,7076
1703030400,1.0003,1.002,0.9999,1.0001,26646863.19236683,5492
1703116800,1.0001,1.0008,0.9999,0.9999,30158447.277360037,4709
1703203200,1.0,1.0003,0.9999,1.0001,32182237.722738955,3754
1703289600,1.0001,1.0003,0.9999,1.0,11535198.540743241,2494
1703376000,1.0,1.0003,0.9999,1.0001,13867545.633168641,3271
1703462400,1.0001,1.0002,0.9998,0.9999,6788194.249653364,3039
1703548800,1.0,1.0003,0.9997,1.0001,26105857.243311603,4898
1703635200,1.0002,1.0004,0.9999,1.0,38136952.07393896,5403
1703721600,1.0,1.001,0.9998,1.0006,35035013.69270408,7049
1703808000,1.0007,1.0009,1.0,1.0003,36413420.13229121,5133
1703894400,1.0003,1.0004,0.9999,1.0001,8839656.304839978,2275
1703980800,1.0001,1.0003,0.9999,1.0001,7851736.741301363,3394
1704067200,1.0,1.0003,1.0,1.0,8614193.570947334,5004
1704153600,1.0001,1.0003,0.9984,1.0001,28523476.008341007,11445
1704240000,1.0001,1.0018,0.9999,1.0,41803791.93208628,17759
1704326400,1.0,1.0002,0.9999,1.0,39608328.323685884,7734
1704412800,0.9999,1.002,0.9995,1.0,40661407.65280549,10514
1704499200,1.0,1.0001,0.9998,0.9999,7069776.03359207,2894
1704585600,0.9999,1.0,0.9998,0.9999,11240065.329072326,3706
1704672000,0.9999,1.0003,0.9997,1.0002,44065717.00457346,10865
1704758400,1.0002,1.0006,0.9997,1.0002,39031957.821339324,20925
1704844800,1.0001,1.0009,1.0,1.0001,40707409.39150592,18340
1704931200,1.0001,1.0014,0.9998,1.0001,56072994.2473209,11449
1705017600,1.0001,1.0005,1.0,1.0001,21282448.57284385,7332
1705104000,1.0002,1.05,1.0,1.0003,17804730.368791517,4471
1705190400,1.0002,1.0007,1.0,1.0003,9711635.072791751,2864
1705276800,1.0003,1.0004,0.9966,1.0003,24510162.9169909,5410
1705363200,1.0003,1.0011,1.0,1.0003,49898153.91650276,10233
1705449600,1.0003,1.0019,0.9999,1.0002,33722643.22654524,8994
1705536000,1.0002,1.002,1.0,1.0003,39173751.16854144,8880
1705622400,1.0003,1.0005,1.0,1.0002,36288628.628217414,8703
1705708800,1.0001,1.0005,0.9999,1.0001,5786032.829279322,2859
1705795200,1.0001,1.0002,0.9998,1.0,7039705.492490148,2212
1705881600,1.0,1.047,0.9998,1.0,40042312.2660582,6528
1705968000,1.0,1.0003,0.9998,1.0001,26706356.420249503,5254
1706054400,1.0001,1.0003,0.9999,1.0001,23128623.859616105,4379
1706140800,1.0,1.0003,0.9999,1.0003,17890094.639836024,2125
1706227200,1.0003,1.0015,1.0001,1.0001,23393417.492321204,6014
1706313600,1.0002,1.0004,1.0,1.0002,7696313.982069994,2359
1706400000,1.0002,1.0004,1.0001,1.0001,3617246.4545286596,2654
1706486400,1.0002,1.0016,1.0,1.0001,23430615.12067488,4929
1706572800,1.0002,1.0003,1.0,1.0001,25026695.511372544,3789
1706659200,1.0002,1.0008,1.0,1.0,30602509.478980444,4415
1706745600,1.0,1.0005,1.0,1.0001,23886774.625455573,4925
1706832000,1.0002,1.001,1.0,1.0002,20101041.16573333,4328
1706918400,1.0001,1.0003,1.0,1.0001,6857687.915264857,2010
1707004800,1.0001,1.0007,1.0,1.0001,6730336.918789898,2205
1707091200,1.0001,1.0003,1.0,1.0001,20207927.50371381,4527
1707177600,1.0001,1.0002,0.9999,1.0001,19364143.340584178,4049
1707264000,1.0001,1.0003,0.9999,1.0002,27795052.974987485,4302
1707350400,1.0001,1.0002,0.9998,0.9999,19261973.665295392,3538
1707436800,1.0,1.0001,0.9998,1.0,24841139.081432257,3715
1707523200,0.9999,1.0001,0.9998,0.9999,16484785.978029031,3127
1707609600,0.9999,1.0,0.9998,1.0,11402647.420633195,2453
1707696000,1.0,1.0,0.9998,0.9999,41513092.60537255,4665
1707782400,0.9999,1.0001,0.9919,1.0,29974465.08525838,5980
1707868800,1.0001,1.0001,0.9979,1.0,33899055.562040366,4640
1707955200,1.0,1.0003,0.9996,1.0,39012663.00250709,7289
1708041600,1.0001,1.002,0.9999,1.0,26721650.689226426,4755
1708128000,1.0,1.0007,0.9999,1.0001,14835828.969703143,3961
1708214400,1.0001,1.0002,0.9993,1.0,6874114.52997147,2745
1708300800,1.0,1.0003,0.9998,0.9999,23184090.134507358,5236
1708387200,0.9999,1.0003,0.9998,1.0001,27380646.0886822,5358
1708473600,1.0001,1.0387,0.9999,1.0001,33191712.575768124,5819
1708560000,1.0,1.0002,0.9982,1.0,35184909.606776536,5389
1708646400,1.0,1.0,0.9977,0.9999,29137052.21071006,4820
1708732800,0.9999,1.0,0.9996,0.9999,7058915.688921685,2994
1708819200,0.9999,1.0,0.9994,1.0,7108830.735667653,1925
1708905600,0.9999,1.0,0.9977,1.0,19552710.123117372,4491
1708992000,0.9999,1.0001,0.9985,0.9999,20051560.69206191,5886
1709078400,1.0001,1.0007,0.9519,1.0,42347698.79526379,10186
1709164800,0.9999,1.0009,0.9974,0.9999,36084718.274238795,14080
1709251200,0.9998,1.0001,0.9954,0.9999,24041685.68534663,9308
1709337600,0.9999,1.0001,0.9999,0.9999,7845929.767950308,3704
1709424000,0.9999,1.0001,0.9988,0.9998,11354017.674929298,5495
1709510400,0.9998,1.0007,0.9973,1.0002,34324633.934251584,11565
1709596800,1.0002,1.0013,0.9994,0.9999,43517857.69677703,19652
1709683200,1.0,1.05,0.9999,1.0,42622810.69998627,15256
1709769600,1.0,1.0001,0.9994,1.0,41618769.8978613,13809
1709856000,1.0,1.001,0.9976,1.0,36490884.96082161,9454
1709942400,0.9999,1.0003,0.9995,1.0,12718522.916342182,5222
1710028800,0.9999,1.0004,0.9992,0.9999,10845345.804753277,5462
1710115200,0.9999,1.0001,0.998,0.9999,30594464.230357744,12885
1710201600,0.9999,1.0002,0.9982,0.9999,41298084.203089245,13791
1710288000,1.0,1.0001,0.9993,0.9999,31407642.260779392,10417
1710374400,0.9999,1.0,0.9993,0.9999,31548849.116841517,7789
1710460800,0.9999,1.003,0.9995,0.9999,36055439.90862012,9921
1710547200,0.9999,1.0006,0.9998,0.9999,12458123.687900847,7083
1710633600,0.9999,1.0001,0.9997,1.0,14070640.475601597,5375
1710720000,0.9999,1.0003,0.9992,0.9999,32133080.391056076,8996
1710806400,0.9999,1.0003,0.9995,1.0,32795262.093496967,12295
1710892800,1.0,1.0004,0.9995,0.9999,26619479.210823245,11269
1710979200,1.0,1.003,0.9987,1.0001,30394072.281701818,13912
1711065600,1.0001,1.0003,0.9983,1.0,24997076.388166033,8227
1711152000,1.0,1.0006,0.9999,1.0,6851741.8209616495,3156
1711238400,1.0001,1.0002,0.9999,1.0001,5198734.5832260605,3920
1711324800,1.0,1.0006,0.9998,1.0,22511134.065889515,5518
1711411200,1.0,1.0008,0.9987,1.0,26113830.24665559,6993
1711497600,1.0,1.0004,0.9997,1.0,28022077.186683267,7912
1711584000,1.0,1.0004,0.9998,1.0,19244743.781773448,9799
1711670400,1.0,1.0006,0.9998,0.9999,17302263.321961742,6609
1711756800,1.0,1.0005,0.9997,0.9999,11860080.471041376,5508
1711843200,0.9999,1.0002,0.9998,0.9999,8383757.374239187,3468
1711929600,0.9998,1.003,0.9998,1.0001,21022038.504055876,4311
1712016000,1.0,1.0008,0.9998,0.9999,27152225.22905518,7888
1712102400,1.0,1.0007,0.9998,1.0,19560936.379919596,9446
1712188800,1.0,1.0006,0.9991,1.0,45307209.05233906,14372
1712275200,1.0,1.0004,0.9988,0.9999,92249662.92588691,14445
1712361600,1.0,1.0001,0.9986,1.0,10565746.57551378,3566
1712448000,0.9999,1.0001,0.9998,0.9998,7447803.475296327,5702
1712534400,0.9999,1.0003,0.9997,1.0001,27024060.74562592,9170
1712620800,1.0001,1.0029,0.9998,1.0,19033734.596336924,4475
1712707200,1.0001,1.0004,0.9993,0.9998,19614502.066170584,7450
1712793600,0.9999,1.0007,0.9998,1.0,25327484.27985039,5279
1712880000,0.9999,1.0001,0.9992,0.9998,63160865.19190754,16424
1712966400,0.9999,1.0005,0.9993,1.0,33700947.71987099,15949
1713052800,0.9999,1.0,0.9991,0.9999,12553192.831145352,6521
1713139200,0.9998,1.0002,0.9991,1.0,32312199.576743573,8296
1713225600,0.9999,1.0002,0.9993,1.0,18779055.590304088,7188
1713312000,1.0,1.0004,0.999,1.0,20363095.815580547,7454
1713398400,1.0,1.0003,0.9999,1.0,25394319.51171752,6924
1713484800,1.0001,1.0005,0.9999,0.9999,15916988.57594403,6594
1713571200,1.0,1.0002,0.9999,0.9999,10440310.611264471,3469
1713657600,1.0,1.0003,0.9999,0.9999,6763952.885641846,2405
1713744000,0.9999,1.0001,0.9992,1.0,19767232.55987467,5101
1713830400,1.0,1.0001,0.9997,0.9999,52747691.340722695,7147
1713916800,1.0,1.0003,0.9997,1.0,83577799.16568467,22106
1714003200,0.9999,1.0,0.9999,0.9999,24461983.86942217,5364
1714089600,0.9999,1.0002,0.9999,1.0001,17740758.89728529,4357
1714176000,1.0,1.0004,0.9997,0.9999,9004749.435090147,5237
1714262400,0.9999,1.0001,0.9998,1.0,6405154.368605193,2504
1714348800,0.9999,1.0002,0.9998,1.0001,16424161.996289445,7689
1714435200,1.0,1.0001,0.9996,0.9998,28626249.334393132,11985
1714521600,0.9999,1.0,0.9997,1.0,23578611.991058514,6669
1714608000,1.0,1.0002,0.9999,1.0001,27735444.863620546,6062
1714694400,1.0,1.0003,0.9998,1.0001,24200148.82814246,7532
1714780800,1.0001,1.0003,0.9999,1.0,11233182.165847808,3989
1714867200,1.0001,1.0001,0.9999,1.0001,4629392.249767021,3202
1714953600,1.0001,1.0001,0.9998,1.0,13735127.425306428,6067
1715040000,1.0,1.0,0.9992,0.9999,16428455.412522277,5220
1715126400,0.9999,1.0003,0.9998,0.9999,22318050.630736534,5491
1715212800,1.0,1.0001,0.9998,0.9999,11200196.142428853,4317
1715299200,0.9999,1.0001,0.9999,1.0001,12720429.667911826,3332
1715385600,1.0001,1.0001,0.9999,0.9999,4484876.037614336,1622
1715472000,1.0,1.0001,0.9999,1.0,3255442.8399075023,2644
1715558400,1.0,1.0003,0.9999,0.9999,13607138.729858749,5828
1715644800,0.9999,1.0001,0.9999,1.0,12701961.70995396,4850
1715731200,1.0001,1.0002,0.9998,0.9999,25006368.183361627,7568
1715817600,0.9999,1.0001,0.9998,1.0,17580807.214794748,5074
1715904000,0.9999,1.005,0.9999,1.0001,26480730.038816262,4873
1715990400,1.0001,1.0002,0.997,1.0,5476683.080539598,2518
1716076800,1.0,1.0001,0.9998,0.9999,5794357.41794448,2376
1716163200,1.0,1.0001,0.9998,1.0001,19000053.19423269,4519
1716249600,1.0,1.0099,0.9998,1.0001,30681994.501830544,12015
1716336000,1.0,1.0001,0.9999,0.9999,15573500.390864383,4612
1716422400,0.9999,1.0002,0.9996,1.0,27783579.04066716,5587
1716508800,1.0,1.0001,0.9999,1.0001,16416818.208662389,3571
1716595200,1.0001,1.0001,0.9998,0.9999,8035432.544468484,5145
1716681600,1.0,1.0003,0.9998,0.9999,10309187.122428449,1855
1716768000,0.9999,1.0001,0.9996,0.9999,23246289.73249062,4085
1716854400,1.0,1.0004,0.9998,1.0001,17313583.35519955,3941
1716940800,1.0001,1.0022,0.9995,1.0,24933157.604987983,4877
1717027200,1.0,1.0001,0.9998,1.0,11922815.514130076,3125
1717113600,1.0,1.0001,0.9999,0.9999,11629931.597156322,4834
1717200000,1.0,1.0001,0.9999,1.0,3737858.3699833704,1726
1717286400,0.9999,1.0001,0.9999,1.0,3495988.9603905375,2089
1717372800,0.9999,1.0001,0.9998,1.0,18036125.352031715,6580
1717459200,1.0001,1.0001,0.9998,0.9999,22461089.894704685,7002
1717545600,0.9999,1.0001,0.9998,1.0,16165421.874811525,4924
1717632000,1.0,1.0,0.9996,0.9999,18008338.774749417,4958
1717718400,0.9999,1.0,0.999,1.0,19827315.747004867,9019
1717804800,1.0,1.0,0.9999,1.0,8484803.88738966,5677
1717891200,0.9999,1.0,0.999,0.9999,7059089.163124382,9853
1717977600,0.9999,1.0002,0.9995,0.9999,19544926.058158282,7887
1718064000,0.9998,1.0004,0.9996,1.0,29711056.874986056,6270
1718150400,0.9999,1.0001,0.9998,0.9999,17597233.74531629,5997
1718236800,1.0,1.0,0.9997,1.0,20309788.901389997,3302
1718323200,1.0,1.0,0.9993,0.9999,25469372.190790758,3838
1718409600,0.9999,1.0,0.9999,1.0,3951613.080450091,2115
1718496000,0.9999,1.0,0.9998,0.9999,4243833.916278245,1756
1718582400,1.0,1.0002,0.9998,0.9999,24911961.437862333,8634
1718668800,1.0,1.0,0.9996,1.0,21451977.644656606,4571
1718755200,0.9999,1.0001,0.9999,0.9999,13787424.62754048,3552
1718841600,1.0,1.0018,0.9997,0.9999,14712012.269234266,3294
1718928000,1.0,1.002,0.9997,1.0,19804515.052110415,4445
1719014400,0.9999,1.0001,0.9999,1.0001,5434564.903203569,1212
1719100800,1.0,1.0001,0.9998,1.0,5115640.037810042,3706
1719187200,1.0,1.0,0.997,0.9999,19043916.233146314,5151
1719273600,0.9999,1.0004,0.9957,0.9999,20121384.776804276,4328
1719360000,0.9999,1.0,0.9998,0.9998,16685184.234905219,3433
1719446400,0.9998,1.0003,0.9997,0.9999,30961831.426350962,5669
1719532800,0.9999,1.0006,0.9998,0.9999,24174475.02632548,5506
1719619200,0.9999,1.0,0.983,0.9998,12502011.702481292,6821
1719705600,0.9998,0.9999,0.9998,0.9999,7557979.606038644,1635
1719792000,0.9998,1.0,0.9998,0.9999,21790115.39400548,7520
1719878400,1.0,1.0,0.9996,0.9999,20282712.822304964,3878
1719964800,1.0,1.0001,0.9999,1.0,18865224.746607497,4875
1720051200,1.0,1.0,0.9996,1.0,12503697.06630873,5837
1720137600,1.0,1.0002,0.9976,0.9999,22358656.153723698,7254
1720224000,0.9999,1.0,0.9998,1.0,4822082.038357626,2518
1720310400,0.9999,1.0,0.9998,0.9999,5779362.122192401,2144
1720396800,0.9999,1.0001,0.9997,1.0,19968333.284638412,3414
1720483200,1.0,1.0001,0.9998,0.9999,19027323.810464196,6419
1720569600,1.0,1.0004,0.9998,1.0,18471975.985142455,5015
1720656000,0.9999,1.0005,0.9998,0.9999,19975092.869194966,5034
1720742400,1.0,1.0001,0.9999,0.9999,23997005.58230267,5694
1720828800,0.9999,1.0001,0.9999,1.0001,5488283.859886061,1788
1720915200,1.0,1.0001,0.9992,0.9999,7722853.522535458,2795
1721001600,0.9999,1.0001,0.9998,1.0,19936688.101171993,4801
1721088000,0.9999,1.0,0.9999,1.0,15113713.564159436,4380
1721174400,1.0,1.0016,0.9995,0.9999,20764351.558926623,4793
1721260800,0.9999,1.0008,0.9999,0.9999,20021612.65739297,3176
1721347200,1.0,1.002,0.9999,1.0,20158851.549363438,5317
1721433600,0.9999,1.0001,0.9999,1.0,11046495.89549489,3785
1721520000,0.9999,1.0001,0.9999,0.9999,5492936.032053678,3274
1721606400,0.9999,1.0001,0.9998,1.0,14014054.21058339,3846
1721692800,1.0,1.0002,0.9999,0.9999,18672567.56732077,5058
1721779200,1.0,1.0,0.9885,0.9999,19519073.283273615,4713
1721865600,1.0,1.0001,0.9999,0.9999,21809178.278586425,2905
1721952000,1.0,1.0001,0.9997,1.0,15817113.603827644,3688
1722038400,1.0001,1.0001,0.9999,1.0,5118327.471787315,1779
1722124800,1.0,1.0,0.9999,1.0,3285337.960325266,1384
1722211200,0.9999,1.0001,0.9998,0.9999,17791461.355486307,3508
1722297600,1.0,1.0098,0.9999,1.0,20702552.82772129,7432
1722384000,1.0001,1.0003,0.9999,0.9999,16616975.809444534,4737
1722470400,0.9999,1.0001,0.999,1.0,30026493.214498695,7571
1722556800,1.0,1.0002,0.9998,0.9999,23863847.65439779,6414
1722643200,1.0,1.0,0.9999,1.0,10114454.645682838,3451
1722729600,0.9999,1.0001,0.999,1.0,10944561.749260975,6491
1722816000,1.0,1.0007,0.9905,0.9999,74465520.58655228,34624
1722902400,0.9999,1.0019,0.9947,1.0,33035635.743136194,22572
1722988800,1.0001,1.0005,0.9994,1.0,34721404.07499595,14637
1723075200,1.0,1.0001,0.9994,0.9999,28704725.922317706,10005
1723161600,1.0,1.0001,0.9998,1.0001,32099694.661903735,9874
1723248000,1.0,1.0001,0.9999,0.9999,5581240.887251137,3926
1723334400,0.9999,1.0001,0.9999,1.0,7794688.758345159,6818
1723420800,1.0,1.0001,0.9994,0.9999,29952692.92703672,13486
1723507200,1.0,1.0001,0.991,0.9999,26248375.119066264,7695
1723593600,1.0,1.0001,0.9999,1.0,18828220.86480361,8649
1723680000,1.0,1.0001,0.9902,0.9999,28353995.240607277,9122
1723766400,1.0,1.0,0.9999,1.0,18976735.07333235,5366
1723852800,1.0,1.0,0.9999,1.0,6159143.760253149,2624
1723939200,1.0,1.0002,0.9999,1.0,5370677.900814705,2213
1724025600,0.9999,1.002,0.9998,0.9999,23670447.48961183,6886
1724112000,1.0,1.0001,0.9998,0.9999,28366359.222371668,5989
1724198400,1.0,1.0,0.9997,0.9999,21218328.253643576,5723
1724284800,0.9999,1.0,0.9998,0.9999,15356362.414973637,4068
1724371200,1.0,1.0002,0.9998,1.0,19655812.134361874,8449
1724457600,1.0,1.0124,0.9999,0.9999,9616064.777125806,4431
1724544000,0.9999,1.0002,0.9999,1.0,6558920.216496944,4792
1724630400,0.9999,1.002,0.9999,0.9999,11938252.204323983,4845
1724716800,0.9999,1.0004,0.9998,0.9999,19713216.63175047,7447
1724803200,1.0001,1.0002,0.9999,0.9999,17485744.125706118,7844
1724889600,0.9999,1.0019,0.9998,1.0,18988251.358290575,7396
1724976000,1.0,1.0002,0.9998,0.9999,17680631.449043065,4361
1725062400,0.9999,1.0,0.9997,0.9999,8010170.585549862,1329
1725148800,1.0,1.0001,0.9999,1.0,4027138.797621023,1998
1725235200,1.0,1.0001,0.9999,0.9999,12697673.393840889,3745
1725321600,1.0,1.0003,0.9999,1.0,16746260.501730371,5622
1725408000,1.0,1.0001,0.9999,0.9999,17344515.855672933,4619
1725494400,1.0,1.0,0.996,0.9999,15992900.351271337,3087
1725580800,1.0,1.0001,0.9997,1.0,23361031.694823757,6666
1725667200,1.0,1.0001,0.9999,0.9999,2991770.976205121,2021
1725753600,0.9999,1.0001,0.9999,0.9999,4093461.0742457956,2170
1725840000,1.0,1.0001,0.9996,0.9999,21207363.853598278,7274
1725926400,1.0,1.0,0.9998,0.9999,10294542.198921507,3407
1726012800,1.0,1.0,0.9998,0.9999,17849075.419017658,5892
1726099200,0.9999,1.0,0.9983,0.9999,14661632.349956699,3659
1726185600,1.0,1.0,0.9998,1.0,15897605.73099873,4225
1726272000,1.0,1.0,0.9998,0.9999,5366640.896334176,2207
1726358400,0.9999,1.0,0.9997,1.0,8584089.255450252,3322
1726444800,0.9999,1.0,0.9998,0.9999,23380376.52409879,6537
1726531200,1.0,1.0,0.9998,0.9999,15549871.955585204,4095
1726617600,1.0,1.0,0.9951,0.9998,13828358.74349779,4028
1726704000,0.9999,1.0003,0.9998,0.9999,20367740.857757244,6093
1726790400,0.9999,1.0003,0.9998,1.0,12886423.864204653,4418
1726876800,1.0001,1.0003,0.9999,1.0001,3937035.2577730212,4023
1726963200,1.0001,1.001,1.0,1.0,5924609.1778183505,2930
1727049600,1.0,1.0011,0.9998,0.9999,21794604.62516819,5105
1727136000,0.9999,1.0009,0.9998,0.9999,24463402.165701117,4687
1727222400,1.0,1.0002,0.9998,0.9999,19735517.632739328,3826
1727308800,0.9998,1.0,0.9998,0.9999,13530826.398211608,4638
1727395200,1.0,1.002,0.9997,1.0,19838347.393291112,5743
1727481600,0.9999,1.0001,0.9999,1.0,2733802.0124961063,1621
1727568000,0.9999,1.0003,0.9998,0.9999,4668607.763507034,1833
1727654400,1.0,1.0001,0.9996,0.9999,15993238.463515028,3996
