1490745600,1.0,1.2,0.999,0.9991,70301.42,13
1490832000,1.0,1.001,0.999,0.999,211282.38660921,187
1490918400,1.0004,1.0049,0.998,1.0009,712855.7857219229,7210
1491004800,1.0009,1.001,0.9901,0.9983,634402.7605700576,13378
1491091200,0.9983,1.001,0.9946,1.0008,881231.8323067687,12844
1491177600,0.9906,1.0,0.9906,0.9991,216775.8783859,185
1491264000,1.0,1.001,0.999,1.0,321826.1020891002,283
1491350400,1.0008,1.0014,0.9995,1.0014,301618.27966025,258
1491436800,1.0001,1.002,0.9996,0.9996,531289.9117060499,364
1491523200,0.9996,1.0,0.9991,0.9991,331634.38937145,230
1491609600,0.9999,1.0,0.9902,0.999,506829.5076169699,337
1491696000,0.9987,0.9989,0.9902,0.998,52801.0724,71
1491782400,0.9931,0.9977,0.99,0.9958,79769.31720675,52
1491868800,0.9967,0.9983,0.9942,0.9974,177044.79085826,69
1491955200,0.9973,0.9973,0.9871,0.9932,234103.03194144,248
1492041600,0.9934,0.9954,0.9902,0.9939,205286.96689724,245
1492128000,0.9934,0.996,0.9689,0.9899,71651.49719993,111
1492214400,0.9689,0.9899,0.9676,0.9896,14921.71463799,44
1492300800,0.9896,0.9896,0.9515,0.9515,12411.71794649,46
1492387200,0.9697,0.9698,0.9211,0.9392,38750.20588808,49
1492473600,0.94,0.9628,0.9207,0.945,39253.07677964,94
1492560000,0.945,0.9549,0.9372,0.946,28868.05465155,77
1492646400,0.95,0.9549,0.92,0.949,76285.45377014,180
1492732800,0.949,0.95,0.9,0.9363,61116.51616898,275
1492819200,0.9363,0.95,0.915,0.915,118033.89277269,289
1492905600,0.911,0.94,0.901,0.915,76407.64354803,220
1492992000,0.912,0.9286,0.901,0.915,79087.79761689,195
1493078400,0.9149,0.925,0.89,0.904,100966.58005748,228
1493164800,0.9195,0.9367,0.903,0.9201,52901.49426262,227
1493251200,0.9286,0.937,0.9199,0.92,47574.71551114,191
1493337600,0.92,0.9649,0.9199,0.94,75782.59961152,252
1493424000,0.94,0.9524,0.931,0.931,25576.83049274,266
1493510400,0.9395,0.9529,0.912,0.935,74274.62214633,326
1493596800,0.9351,0.94,0.9151,0.9156,34194.8771429,347
1493683200,0.9158,0.94,0.9121,0.9283,57347.60792642,314
1493769600,0.9345,0.948,0.9212,0.9347,76277.4750344201,349
1493856000,0.9357,0.9639,0.9155,0.959,198890.15237901,546
1493942400,0.9567,0.98,0.9306,0.979,196708.9251175001,539
1494028800,0.979,0.9929,0.955,0.983,56413.19022726,226
1494115200,0.9721,0.981,0.928,0.9281,59897.25946178,460
1494201600,0.966,0.972,0.946,0.9711,69666.7264845,224
1494288000,0.9527,0.978,0.9527,0.97,462515.0760463699,893
1494374400,0.9774,0.9946,0.965,0.994,253816.6449077699,445
1494460800,0.994,0.9986,0.9475,0.9725,309210.4847287797,684
1494547200,0.9725,0.9928,0.9601,0.9811,34435.83452313,305
1494633600,0.9811,0.9857,0.956,0.9778,29361.43893008,261
1494720000,0.9797,0.9886,0.9615,0.98,82505.06007172,289
1494806400,0.982,0.992,0.9722,0.9773,88547.18521865,341
1494892800,0.9758,0.9898,0.97,0.9897,53562.18116028,260
1494979200,0.9897,0.9897,0.9702,0.9766,23832.61764725,145
1495065600,0.9815,0.9868,0.9703,0.9799,26772.95871033,193
1495152000,0.9732,0.9983,0.9706,0.9983,234099.9685124296,724
1495238400,0.9979,0.999,0.9801,0.99,200801.97625541,427
1495324800,0.9823,1.0,0.977,0.9956,130311.04078554,555
1495411200,0.9959,1.0,0.9768,1.0,309599.6018355401,647
1495497600,1.0,1.0216,0.9827,0.999,206723.8363689297,475
1495584000,0.999,1.0249,0.9801,1.01,387867.5638596004,758
1495670400,0.9999,1.0699,0.984,1.0,183455.5742668099,638
1495756800,1.0,1.045,1.0,1.0235,205322.6282844899,860
1495843200,1.021,1.05,1.0026,1.0044,258250.8881708502,856
1495929600,1.0208,1.037,1.0025,1.0025,293178.1082027797,680
1496016000,1.0257,1.0398,1.0025,1.0395,259803.04127885,1188
1496102400,1.0395,1.0395,1.01,1.02,451237.1771374902,945
1496188800,1.02,1.0699,1.005,1.0571,311727.20921385,786
1496275200,1.05,1.0597,1.0124,1.04,316038.3071341299,726
1496361600,1.0404,1.063,1.0309,1.0323,178294.67789875,710
1496448000,1.035,1.0534,1.0135,1.0281,203330.1603097101,556
1496534400,1.0369,1.045,1.0153,1.0176,121687.5762901601,411
1496620800,1.0271,1.035,1.0182,1.0189,139630.64856766,384
1496707200,1.025,1.0398,1.0111,1.0126,332975.6678441403,767
1496793600,1.012,1.0234,1.01,1.0186,269598.83724427,608
1496880000,1.0219,1.0234,1.0,1.008,260076.7717894299,609
1496966400,1.0071,1.0114,0.999,1.0001,229005.8925746199,405
1497052800,1.0054,1.015,0.9995,1.0032,292676.7744212197,618
1497139200,1.0116,1.0116,0.984,0.9951,197297.4794550002,449
1497225600,0.9999,1.0119,0.995,1.0026,485620.4531556395,1312
1497312000,1.0026,1.0377,1.001,1.0065,432599.0048675205,1296
1497398400,1.013,1.068,1.0059,1.0115,390167.4434054096,875
1497484800,1.0237,1.0625,1.0119,1.021,536472.4971918995,1099
1497571200,1.021,1.045,1.0063,1.0073,308660.1184886601,494
1497657600,1.0218,1.0218,1.0057,1.014,149824.96844546,357
1497744000,1.0155,1.02,1.007,1.0156,294646.6929125905,659
1497830400,1.0081,1.01505,1.001,1.0011,194484.6201244301,411
1497916800,1.0012,1.01,1.0,1.004,136278.6725044901,436
1498003200,1.0004,1.013,1.0,1.0065,355750.1975008203,855
1498089600,1.0137,1.01505,1.0035,1.0052,755478.20921904,1127
1498176000,1.0051,1.0109,0.9969,1.0027,500183.0990877902,674
1498262400,1.0014,1.023,0.9969,1.0206,1061267.622886211,1431
1498348800,1.019,1.021,0.999,1.002,283374.3370317902,829
1498435200,1.0021,1.022,1.0,1.0,734977.7503927391,972
1498521600,1.008,1.014,0.993,1.013,1299068.9211889405,1690
1498608000,1.013,1.032,1.0064,1.0248,1560832.0278697424,2040
1498694400,1.0179,1.032,1.002,1.02,551049.6972175799,949
1498780800,1.012,1.025,1.0052,1.0061,344246.6974302398,720
1498867200,1.0144,1.03,1.0063,1.0118,1288896.2263517797,1722
1498953600,1.02,1.0379,1.014,1.029,644014.2028477404,995
1499040000,1.0214,1.029,1.0112,1.0131,500819.0577565196,760
1499126400,1.0132,1.0193,1.007,1.007,394415.4861726902,570
1499212800,1.0065,1.015,1.0051,1.0149,648146.91801174,528
1499299200,1.01,1.0274,1.0052,1.0052,553516.6378696194,569
1499385600,1.0052,1.021,1.0051,1.0063,608891.5690681303,778
1499472000,1.0098,1.016,1.0054,1.0061,314972.6443172001,511
1499558400,1.0061,1.0106,1.006,1.0106,232804.64159621,368
1499644800,1.0107,1.0125,1.001,1.0098,988746.2147331693,1158
1499731200,1.0099,1.015,1.0018,1.01,920951.7029176102,1470
1499817600,1.0099,1.0129,1.0031,1.0069,823344.3854855782,1160
1499904000,1.0069,1.01,1.001,1.0037,1111591.8260734803,1729
1499990400,1.0011,1.0093,1.0,1.0048,694811.1128549405,1089
1500076800,1.003,1.006,0.999,0.999,1039137.5604327893,1470
1500163200,0.999,1.0038,0.9803,0.99,345220.37588344,485
1500249600,0.9905,1.0,0.981,1.0,574382.92970321,949
1500336000,0.9949,1.0054,0.9943,1.0013,872839.0488050503,1120
1500422400,1.0038,1.0038,1.0,1.0003,526485.3457111203,666
1500508800,1.0005,1.0037,0.9951,1.0,1027113.4757920403,1420
1500595200,1.0035,1.0059,0.9962,1.0,497252.2684992103,945
1500681600,0.9988,1.0014,0.9975,0.9976,284092.58038046,438
1500768000,0.9975,1.0007,0.9941,1.0001,1016030.8797307101,1150
1500854400,1.0001,1.0015,0.9951,0.9969,631952.68226034,762
1500940800,0.999,1.0,0.983,0.9869,456303.8797666704,736
1501027200,0.9914,1.0019,0.991,0.9985,862748.2710777505,1799
1501113600,0.9983,1.0003,0.9918,0.9993,587195.6844461103,1163
1501200000,0.9992,1.002,0.9966,1.0009,1697804.2649905095,2152
1501286400,0.9987,1.0089,0.9984,1.0006,886651.9171078204,1492
1501372800,1.0006,1.0069,0.9991,1.005,497441.9129259302,839
1501459200,1.0055,1.0067,1.0007,1.0025,504887.7252439404,553
1501545600,1.004,1.007,0.995,1.0018,997739.8840489897,1068
1501632000,1.0015,1.004,0.965,0.9991,584545.7357672201,648
1501718400,0.9986,1.0049,0.9902,0.9931,656835.4186411293,493
1501804800,0.9945,1.0044,0.9945,1.0006,410034.47587655,394
1501891200,1.0022,1.0048,0.9972,1.002,713495.4883676798,686
1501977600,1.0005,1.0048,0.9983,1.0028,671213.5944256997,561
1502064000,1.0015,1.0039,0.9972,1.0019,900683.4247555502,442
1502150400,1.0019,1.003,0.9974,1.001,381382.38849757,484
1502236800,1.001,1.0019,0.9982,1.0012,729914.0594583899,383
1502323200,1.0012,1.0012,0.9985,1.0,531501.6959488889,587
1502409600,1.0,1.004,0.98,1.004,1344963.9755384244,1164
1502496000,1.004,1.0093,1.0024,1.0072,845134.2662890103,751
1502582400,1.0064,1.0093,1.0,1.0008,922340.6413277887,853
1502668800,1.0027,1.0049,0.9844,1.0,806766.6370867803,735
1502755200,1.0,1.0039,0.9891,1.0006,2019848.1884015605,1570
1502841600,1.0034,1.0048,1.0002,1.0019,495976.4625897004,647
1502928000,1.001,1.0025,0.9872,0.9999,952635.4851342518,1134
1503014400,1.0,1.0021,0.9902,1.0001,706086.9208562896,1041
1503100800,1.0001,1.011,0.9999,1.0049,870811.7358134217,1042
1503187200,1.001,1.009,1.0006,1.0025,309828.2140951899,830
1503273600,1.0012,1.0064,1.0002,1.0063,603274.3516940696,952
1503360000,1.0038,1.0175,1.002,1.0084,314523.3025813301,820
1503446400,1.0103,1.039,1.0081,1.0131,318872.6488006301,544
1503532800,1.0085,1.0137,1.0051,1.007,199469.28650388,511
1503619200,1.0057,1.0094,1.0036,1.0055,254826.99730677,567
1503705600,1.0055,1.0095,1.0055,1.007,118408.26514988,264
1503792000,1.007,1.0098,1.0015,1.0015,215742.37828793,422
1503878400,1.0033,1.004,1.0007,1.0008,396739.6315167498,388
1503964800,1.0017,1.02,1.0007,1.0069,484437.2910665,403
1504051200,1.0069,1.0069,1.0005,1.0009,215578.3810494299,326
1504137600,1.0012,1.0058,1.0,1.0046,280338.8932078501,564
1504224000,1.0033,1.0659,1.0022,1.0071,451368.1630974704,941
1504310400,1.0071,1.0499,1.003,1.0226,444783.1813355697,1375
1504396800,1.0227,1.0488,1.01,1.0158,609453.2429053506,1903
1504483200,1.0123,1.0498,1.0101,1.0447,903452.5570292206,1861
1504569600,1.0447,1.05,1.0115,1.022,1331773.6912951407,2476
1504656000,1.025,1.0444,1.0152,1.0173,778468.8516176906,1579
1504742400,1.0177,1.023,1.01,1.0122,640028.3274696502,1680
1504828800,1.0122,1.0275,1.01,1.0159,781491.7544083507,1734
1504915200,1.015,1.0228,1.0051,1.0099,490942.3955681589,1278
1505001600,1.0095,1.0289,1.0088,1.015,746357.585509622,1873
1505088000,1.0153,1.0197,1.005,1.008,608407.1518081902,1805
1505174400,1.009,1.015,1.001,1.0047,549138.3232192305,1330
1505260800,1.0047,1.0134,1.0011,1.0034,771837.2988913,1482
1505347200,1.002,1.011,1.0,1.008,1314610.4759925574,2057
1505433600,1.0081,1.0138,0.9953,1.0101,1083678.6657317004,2600
1505520000,1.012,1.03,1.0031,1.0112,789954.9306779308,2340
1505606400,1.0112,1.023,1.0038,1.01,405027.6526280903,1209
1505692800,1.0098,1.0241,1.0027,1.0048,653223.1222919304,1621
1505779200,1.0048,1.0093,1.004,1.0044,471587.3839037101,1137
1505865600,1.0044,1.0057,1.0011,1.0013,667521.745443361,715
1505952000,1.0013,1.0057,1.0006,1.0022,608220.6676854596,721
1506038400,1.0022,1.0051,1.001,1.002,298444.5009490299,510
1506124800,1.002,1.0048,0.9882,1.0007,793285.5190655662,11956
1506211200,1.0,1.004,0.996,0.9998,299884.6845941448,5762
1506297600,0.9998,1.004,0.995,1.0018,986720.5827490177,70857
1506384000,1.0018,1.0051,0.9995,0.9998,941827.2827268307,79502
1506470400,0.9997,1.0028,0.992,0.9986,888621.7125409716,51012
1506556800,0.9987,1.0,0.9952,0.9979,753960.2781513102,62952
1506643200,0.9978,1.0,0.9939,0.9984,948286.7089713074,43241
1506729600,0.9984,0.9999,0.9905,0.9998,778999.9277408068,54943
1506816000,0.9998,0.9998,0.9909,0.9928,559399.1215105699,51533
1506902400,0.9928,0.9979,0.9906,0.9936,708178.2711132845,38487
1506988800,0.994,0.9999,0.9926,0.9998,849910.5460887922,62994
1507075200,0.9989,1.0,0.993,0.9961,1169246.153018417,75005
1507161600,0.9973,1.0,0.996,0.9984,884460.921271714,82155
1507248000,0.9996,0.9999,0.994,0.9969,1074086.0800621852,89252
1507334400,0.9969,0.9984,0.9933,0.9943,865481.5796551066,96710
1507420800,0.9944,0.9972,0.9933,0.9954,976638.4710294582,105135
1507507200,0.9954,0.9972,0.9949,0.997,985421.2492461506,93666
1507593600,0.996,0.9972,0.9941,0.9942,1095471.8747209772,103572
1507680000,0.9941,0.9972,0.993,0.9962,1188031.9901448556,98820
1507766400,0.9971,0.9972,0.9904,0.9937,1158858.3130002732,77437
1507852800,0.9936,0.9972,0.9915,0.9945,1211470.5786319736,70735
1507939200,0.9945,0.998,0.9921,0.9958,911039.9009785255,87201
1508025600,0.9957,1.0038,0.9952,0.9992,723098.369749411,61105
1508112000,0.9983,1.0,0.98,0.9924,1004059.6118325845,79394
1508198400,0.992,1.003,0.9874,1.0007,1816974.87563807,96469
1508284800,1.0002,1.01,0.9997,1.003,442704.3920882012,25554
1508371200,1.0037,1.0097,0.9989,0.9999,568622.1536862769,47646
1508457600,0.9989,1.0036,0.9971,0.9994,511359.9673116864,23387
1508544000,1.0,1.002,0.97,0.999,1157283.5990504064,69404
1508630400,0.999,1.008,0.9981,1.004,666464.0743771608,42526
1508716800,1.0043,1.0096,1.0001,1.0024,1010153.2702478478,77277
1508803200,1.0034,1.0097,1.0,1.0043,1216439.48928484,91010
1508889600,1.0043,1.012,1.0,1.0044,1144987.2699738822,83723
1508976000,1.0046,1.012,1.0006,1.0015,1023933.314442339,86445
1509062400,1.0017,1.006,1.0002,1.0056,1082157.1373287493,96278
1509148800,1.0056,1.0088,1.0014,1.0037,1003355.8413284683,88266
1509235200,1.0037,1.0088,1.0,1.0002,1069937.6520716245,86807
1509321600,1.0001,1.002,0.9972,1.001,1220288.3204222037,104491
1509408000,1.0003,1.0062,0.997,0.9999,1278980.7232428053,97625
1509494400,0.999,1.0077,0.996,1.0034,1343179.442056915,80287
1509580800,1.0049,1.0096,1.0011,1.0039,367137.7406843479,7169
1509667200,1.004,1.0089,1.0011,1.0038,554383.8850126326,48463
1509753600,1.0039,1.0072,1.0,1.0045,906297.0878405643,84034
1509840000,1.0045,1.009,1.0002,1.0017,656283.631063828,68113
1509926400,1.002,1.0155,1.0,1.003,826565.3909935304,26143
1510012800,1.0039,1.0116,1.0016,1.0017,376908.4067639884,16585
1510099200,1.0019,1.011,1.0015,1.0082,770964.6861157565,58796
1510185600,1.0081,1.0098,1.0017,1.0055,842487.4281367277,47480
1510272000,1.0055,1.0187,0.999,1.0015,1408575.0982998477,52881
1510358400,1.0015,1.012,1.0,1.0056,905002.3606891843,51684
1510444800,1.0058,1.025,1.0015,1.0049,959611.9492785127,16662
1510531200,1.0046,1.024,1.0023,1.0095,556013.5633030577,23513
1510617600,1.0094,1.0197,1.006,1.0097,277641.5341281196,2287
1510704000,1.017,1.0171,1.001,1.0014,819426.2994215894,467
1510790400,1.0012,1.0015,0.985,0.985,1247137.9338280784,716
1510876800,0.99,1.0025,0.983,1.0006,675532.18449444,799
1510963200,1.0011,1.0088,0.9901,0.9987,743553.6169972275,15207
1511049600,0.9987,1.002,0.989,0.9943,867998.0593185743,56556
1511136000,0.9959,0.9995,0.9006,0.9947,989139.4199468568,41070
1511222400,0.9939,0.997,0.96,0.9807,672866.2696751906,3021
1511308800,0.9789,1.001,0.9789,0.9985,840247.8143268412,1370
1511395200,0.9983,0.999,0.98,0.995,317659.1927907799,570
1511481600,0.995,1.002,0.986,0.991,634101.1744959695,898
1511568000,0.991,0.9986,0.988,0.997,271012.8988206698,226
1511654400,0.9986,1.001,0.9883,0.9961,502042.8103342804,625
1511740800,0.9961,1.003,0.991,0.9978,480823.8325862402,542
1511827200,0.994,0.9965,0.9791,0.9924,531204.6210587296,454
1511913600,0.9921,0.999,0.95,0.9988,1676343.718143399,2135
1512000000,0.9988,1.0198,0.9959,1.0067,1613512.87883384,2244
1512086400,1.0095,1.029,1.0005,1.0084,456481.1625388503,820
1512172800,1.0079,1.0095,0.9826,0.9959,970640.380148263,21276
1512259200,0.9959,0.998,0.984,0.9977,1303853.2843247077,61853
1512345600,0.9977,1.0045,0.986,1.002,2913128.0570609136,35304
1512432000,1.0039,1.004,0.985,1.0,1744146.1611424664,28124
1512518400,0.9998,1.035,0.9967,1.0117,2482850.9564402746,15113
1512604800,1.0119,1.05,1.0001,1.014,1750630.5210272565,4233
1512691200,1.025,1.05,1.004,1.0067,631227.7670343996,820
1512777600,1.0069,1.0199,1.0001,1.0014,488006.7719472302,765
1512864000,1.0014,1.0228,1.0,1.002,978690.7741137398,18891
1512950400,1.0041,1.0198,1.0,1.0053,896904.6404138193,24901
1513036800,1.0088,1.0267,1.0007,1.02,1315033.05726312,6728
1513123200,1.0185,1.048,1.002,1.002,1219821.545060776,1086
1513209600,1.0023,1.0299,1.002,1.0033,1068245.10764421,705
1513296000,1.0033,1.02,1.002,1.002,1210327.9038858202,662
1513382400,1.0052,1.0099,1.0022,1.0052,883877.7255121337,1585
1513468800,1.0059,1.0059,0.99,0.9958,1598575.5229886628,1945
1513555200,0.9953,1.0088,0.9953,0.9985,2083418.7559616086,1594
1513641600,0.9986,1.0263,0.99,1.0129,2184322.3659644504,2509
1513728000,1.0129,1.0145,0.9909,0.9945,1891160.9684599387,1515
1513814400,0.9942,1.0009,0.9713,0.995,1710754.2098620525,1297
1513900800,0.9951,1.042,0.9801,1.0257,4774150.982586074,2324
1513987200,1.024,1.0444,1.0107,1.0297,2499330.9330728413,2576
1514073600,1.0297,1.0598,1.011,1.024,3843525.6791220503,2772
1514160000,1.0242,1.0275,1.0,1.0109,3450740.5971726743,3342
1514246400,1.0122,1.02,0.9993,1.0035,2868269.722544788,2550
1514332800,1.0045,1.012,0.9952,1.011,1771781.5070312186,2571
1514419200,1.0108,1.0285,1.0014,1.0196,4998817.521278063,2830
1514505600,1.0189,1.025,1.0107,1.0161,1815040.4603731176,2064
1514592000,1.0162,1.03,1.016,1.0161,4025506.1969229374,2500
1514678400,1.0169,1.026,1.015,1.019,970745.7063229198,1266
1514764800,1.0191,1.0253,1.0061,1.0076,1620514.5657338076,2542
1514851200,1.0095,1.023,1.0075,1.0175,916484.3400441004,1955
1514937600,1.0174,1.0189,1.005,1.007,1397520.837631901,1739
1515024000,1.0065,1.02,1.0051,1.0155,2645080.123456414,2439
1515110400,1.015,1.0199,0.9993,1.005,3304564.9973119646,3072
1515196800,1.007,1.0074,0.9955,1.0016,1811721.2684066398,2900
1515283200,1.001,1.0045,0.99,0.997,1208287.1538095828,2333
1515369600,0.9973,1.0048,0.972,1.0048,3262568.2429044326,3115
1515456000,1.0028,1.01,1.0001,1.008,2502872.715621287,2109
1515542400,1.0085,1.0099,0.996,1.0,3028368.709101422,2092
1515628800,1.0,1.009,0.9942,0.9985,1240891.7121816403,695
1515715200,0.996,0.9985,0.996,0.9985,6E+1,6
1515801600,1.017,1.017,0.9926,1.01,786802.4374930408,754
1515888000,1.01,1.019,0.9995,1.0082,5481706.33234602,5420
1515974400,1.0074,1.01436736,1.0,1.0034,6588637.56499868,6613
1516060800,1.0026,1.0434,1.0018,1.03,8321774.343904013,10920
1516147200,1.0298,1.045,1.0023,1.0126,11460090.890284268,10078
1516233600,1.0119,1.0779,1.0118,1.0235,4569710.6174155045,4352
1516320000,1.0257,1.06,1.015,1.0174,7380190.947908029,5266
1516406400,1.0173,1.02,1.0054,1.0122,3126936.062691794,2534
1516492800,1.0117,1.016,1.0051,1.0068,2307435.2422464867,4025
1516579200,1.0053,1.015,1.002,1.0093,4271062.081250432,3499
1516665600,1.0068,1.0115,1.0,1.003,5881230.240587487,5207
1516752000,1.003,1.0088,1.0013,1.0036,4813067.276360022,4316
1516838400,1.0043,1.0087,0.9964,1.0028,4968514.425463314,3908
1516924800,1.0035,1.0054,0.9968,1.0004,3097241.9920888036,5102
1517011200,1.0,1.0087,0.995,0.995,4898148.474699851,3994
1517097600,0.9955,0.997,0.934,0.9795,5221368.088349024,6555
1517184000,0.9786,0.998,0.941,0.9913,6236331.378886339,5142
1517270400,0.9909,0.9999,0.9751,0.9803,14085633.27533759,5720
1517356800,0.9822,0.9988,0.9765,0.985,5986542.905910124,5744
1517443200,0.9852,0.9946,0.97,0.9794,11788663.260814345,7347
1517529600,0.9793,0.9897,0.94,0.9883,10264012.379783403,9511
1517616000,0.989,0.9968,0.9811,0.9916,3674886.9053883962,2879
1517702400,0.9919,0.9968,0.985,0.9914,3047904.1964779,2561
1517788800,0.9914,0.9964,0.982,0.9842,7614227.528624162,6525
1517875200,0.9849,1.0045,0.97,1.0003,10244646.665843286,8119
1517961600,1.0002,1.0138,0.995,0.9986,3389101.0397400795,4151
1518048000,0.9981,1.0035,0.995,0.9975,1785506.8405170816,2560
1518134400,0.9974,1.0071,0.997,1.0011,1718217.369501737,1593
1518220800,1.0005,1.0071,1.0,1.0004,2991510.9104873394,4836
1518307200,1.0006,1.005,0.9981,0.9997,2540345.085353014,3876
1518393600,0.9999,1.0039,0.998,0.9992,1511297.2796165997,2606
1518480000,0.9987,1.0049,0.998,1.0,1579828.9142849194,2742
1518566400,0.9997,1.0045,0.9994,1.0008,1883679.9479432304,3744
1518652800,1.001,1.0071,1.0003,1.0031,2359096.9260177147,3551
1518739200,1.0033,1.0043,1.0015,1.0027,1773571.9913460116,2230
1518825600,1.0023,1.0062,1.0011,1.0047,1376004.966372938,2131
1518912000,1.0044,1.014,1.0022,1.0048,3457260.893832942,3567
1518998400,1.0048,1.0071,1.0016,1.002,1699055.4968299028,1633
1519084800,1.0017,1.0094,1.0,1.0012,4720469.162492612,3700
1519171200,1.0011,1.006,0.997,1.002,4990176.477759408,4126
1519257600,1.0016,1.0027,0.999,1.0008,3796915.0937703983,4060
1519344000,1.0009,1.0024,1.0001,1.0001,2789946.336867713,3301
1519430400,1.0001,1.0026,1.0001,1.0012,2328145.5066011082,3319
1519516800,1.0012,1.005,1.0002,1.0008,2832267.286124598,2196
1519603200,1.0014,1.0035,0.9995,1.0005,4391782.834765626,3317
1519689600,1.0008,1.0033,1.0005,1.0011,1301027.4216247203,1838
1519776000,1.001,1.0021,0.9995,0.9999,2053468.7880526718,2764
1519862400,0.9996,1.0039,0.9983,0.9998,3724380.8974593002,3790
1519948800,1.0,1.001,0.999,0.9991,844878.0274671251,1506
1520035200,0.9992,1.0008,0.999,0.9991,902927.114820257,3371
1520121600,0.9995,1.0008,0.9994,1.0,980938.3079729199,2000
1520208000,0.9998,1.0,0.9997,1.0,2607138.2461755546,816
1520294400,0.9998,1.0003,0.9996,1.0002,2762899.297888163,1207
1520380800,1.0001,1.002,0.9996,1.0012,2387849.3708696202,2953
1520467200,1.001,1.006,0.9995,1.0011,5016608.319245006,2757
1520553600,1.0008,1.007,0.9991,1.0014,2657783.9515585396,5141
1520640000,1.0013,1.0078,0.9999,1.0017,1195762.6122913037,2282
1520726400,1.0007,1.0039,0.9995,1.0008,957058.6574514773,2568
1520812800,1.0006,1.0049,0.9984,0.9999,1088501.393596815,3115
1520899200,0.9999,1.004,0.998,1.0008,1979048.916084854,2046
1520985600,1.0009,1.0029,0.9944,0.9984,1842097.4855694368,2491
1521072000,0.999,1.005,0.992,0.9994,4354858.756570837,3203
1521158400,0.9969,1.0014,0.9965,1.0,1282710.315404329,1559
1521244800,0.9998,1.0014,0.9924,1.001,963306.1028765598,1786
1521331200,1.0004,1.002,0.9921,0.9969,2703420.3588893684,3032
1521417600,0.9979,1.0038,0.99,1.0,2006414.0048129463,2394
1521504000,0.9999,1.003,0.997,1.0013,1781019.6981689818,2529
1521590400,1.001,1.0013,0.992,1.0007,1023296.1155285032,2611
1521676800,1.0006,1.0012,0.9996,1.0003,1116723.7810445412,1703
1521763200,1.0002,1.001,0.9981,1.0001,1496714.2359216625,2122
1521849600,1.0004,1.0009,0.9983,1.0009,688671.8962636606,1705
1521936000,1.0007,1.001,0.9981,1.0006,586834.5852733793,1510
1522022400,1.0002,1.001,0.998,1.001,1228701.0978294695,2288
1522108800,1.0002,1.0027,0.9984,1.0005,1473992.8303348627,2436
1522195200,1.0007,1.002,0.9988,0.9996,746318.1899718597,1140
1522281600,0.9994,1.0037,0.995,0.9974,2951693.072735829,4512
1522368000,0.9974,1.0012,0.9925,0.995,2523603.9705616245,3976
1522454400,0.9954,1.0004,0.9954,0.9972,341583.5141533907,1071
1522540800,0.9972,1.0012,0.9935,0.9999,1969062.590082462,2386
1522627200,1.0002,1.0012,0.9973,0.9996,614543.2795492462,2613
1522713600,0.9995,1.0012,0.9953,1.0,1159662.7792190702,3780
1522800000,1.0,1.0013,0.9953,0.9996,1754811.9970580218,3424
1522886400,1.0,1.0007,0.9972,0.9991,925825.7517904233,3015
1522972800,0.9989,1.0008,0.9972,0.9999,1037909.0256118865,2150
1523059200,0.9997,1.0023,0.9972,1.0012,2980742.802266932,1678
1523145600,1.0011,1.0012,0.9951,0.9977,1493278.824966199,1050
1523232000,0.9995,1.0018,0.9985,0.9987,858680.3266202039,1991
1523318400,0.9991,1.0,0.9984,0.9999,424353.938735132,1533
1523404800,0.9998,1.0,0.998,0.9995,752359.04369664,1560
1523491200,0.9994,1.0,0.995,0.9991,2362930.599516304,5203
1523577600,0.9995,1.0022,0.9981,1.0,2804135.872219377,6860
1523664000,1.0001,1.0022,0.9997,1.0002,783001.9350430939,2289
1523750400,1.0002,1.001,0.9983,1.0002,723585.2369228904,1750
1523836800,1.0001,1.0029,0.9982,0.9997,1937310.6742866153,2156
1523923200,0.9997,1.0029,0.9986,0.999,1060204.0097856235,2953
1524009600,0.9997,1.001,0.9982,0.9996,897884.1768484616,2820
1524096000,0.9997,1.0008,0.999,0.9998,594650.6420904002,2299
1524182400,0.9998,1.0028,0.9997,1.0024,1555438.614316942,3626
1524268800,1.0024,1.003,1.0001,1.0004,908300.8591959828,2745
1524355200,1.0004,1.0045,1.0001,1.0034,667307.5236109345,2301
1524441600,1.0015,1.0044,1.0005,1.0023,712700.7750846513,1922
1524528000,1.0017,1.0043,1.0,1.0017,2133433.113282543,3892
1524614400,1.0017,1.0044,1.0001,1.0005,3522334.8191571306,4066
1524700800,1.0007,1.007,1.0001,1.0004,3585736.679023956,3830
1524787200,1.0004,1.0043,0.999,1.0009,1892111.5109918914,2038
1524873600,1.0009,1.0015,1.0005,1.0005,1633328.2807367113,631
1524960000,1.0006,1.003,0.9991,1.001,1933166.8721434732,787
1525046400,1.0011,1.0046,0.9998,1.0002,1655440.7063821196,1292
1525132800,1.0001,1.0041,0.9998,1.001,1738532.7134868677,2263
1525219200,1.0009,1.002,0.9996,0.9996,2372350.111523823,829
1525305600,0.9998,0.9999,0.9939,0.9965,3552016.496543339,1895
1525392000,0.9962,1.0002,0.9951,0.9982,4591928.081951882,3519
1525478400,0.9983,0.9999,0.9922,0.993,1663065.3781702342,1079
1525564800,0.9929,0.9992,0.989,0.9937,1087914.5366629807,1530
1525651200,0.9947,1.0,0.989,0.999,1988411.559663931,2945
1525737600,0.9993,1.0012,0.9956,1.0001,5913999.006607553,1501
1525824000,1.0001,1.0003,0.999,1.0,3595778.12299461,1946
1525910400,1.0001,1.0007,0.999,0.999,5775162.656059294,1190
1525996800,0.9991,1.0007,0.999,0.9992,1726807.664305846,3405
1526083200,0.9994,1.0007,0.999,1.0001,1080224.0858286265,1554
1526169600,1.0002,1.002,0.9991,1.0,507510.0586153818,1274
1526256000,1.0,1.0002,0.9991,0.9999,1023199.8840014759,909
1526342400,0.9997,1.0003,0.9995,1.0,1492006.0953858856,639
1526428800,1.0,1.0049,0.9994,1.0011,1566266.3021889231,1500
1526515200,1.0008,1.0012,0.9998,1.0007,809989.1581163767,943
1526601600,1.0006,1.002,0.9942,0.9979,2135996.30845318,1345
1526688000,0.9981,1.0,0.9981,0.9998,981038.8691536707,476
1526774400,0.9998,1.0014,0.998,1.0002,413074.6300472814,1015
1526860800,1.0002,1.002,0.9968,0.9985,1769151.553724778,1277
1526947200,0.9983,1.0,0.9899,0.9988,1860240.1839282485,1277
1527033600,0.9989,1.001,0.995,0.9998,1295848.159130899,1102
1527120000,0.9997,1.0009,0.9905,0.9996,1213856.9160537808,948
1527206400,0.9996,1.0007,0.9982,0.9998,955804.4231520905,724
1527292800,0.9996,1.001,0.9988,0.9989,986817.2182710083,414
1527379200,0.9988,1.0,0.9983,0.9983,393697.21580487,548
1527465600,0.9988,1.0006,0.998,0.9999,693437.4721437896,1200
1527552000,1.0,1.002,0.9963,0.9983,1607677.8534598397,1306
1527638400,0.9996,1.0019,0.9951,0.9987,1807395.932702829,496
1527724800,0.9993,1.0,0.9977,0.9987,524432.3463551501,348
1527811200,0.9989,0.9997,0.9983,0.9987,375222.3419871701,287
1527897600,0.9987,0.9999,0.9954,0.9999,1977823.73244276,415
1527984000,0.9999,1.0008,0.9981,0.9998,1207525.6294345094,391
1528070400,0.9996,1.0,0.9951,0.9988,828180.366923959,628
1528156800,0.9996,1.0,0.997,0.9993,1138193.98537573,360
1528243200,0.9988,1.0,0.9951,0.9972,1735572.9636055802,286
1528329600,0.9996,1.0001,0.9962,0.9987,1499335.6527183796,353
1528416000,0.999,0.9995,0.9977,0.9988,268075.33642254,241
1528502400,0.9988,1.0,0.998,0.998,197862.7844694001,265
1528588800,0.999,1.001,0.998,1.0001,1304481.2729420108,428
1528675200,1.0005,1.001,0.9971,1.0001,1359800.1968940296,940
1528761600,0.9999,1.0011,0.999,1.0002,1048319.7038887816,739
1528848000,1.0007,1.0007,0.998,1.0,1368054.353968837,1504
1528934400,1.0,1.005,0.9996,1.0005,2782797.28433455,1685
1529020800,1.0006,1.0095,0.9997,1.0001,2385570.137808981,994
1529107200,1.0001,1.0012,0.9984,1.0,509483.8251912605,896
1529193600,1.0,1.0004,0.9986,1.0003,739603.7479556698,369
1529280000,1.0004,1.0011,0.998,0.9991,1068511.7721179605,1404
1529366400,0.9997,1.0002,0.9982,0.9991,1135647.50304229,703
1529452800,0.9991,0.9999,0.9989,0.9991,677253.9455516394,509
1529539200,0.9991,0.9999,0.998,0.9997,606114.8620473505,602
1529625600,0.9997,1.001,0.9996,1.0005,1478259.0106058477,1276
1529712000,1.0005,1.003,1.0,1.001,496787.3835367197,596
1529798400,1.0009,1.0041,1.0009,1.001,1805169.3426692183,845
1529884800,1.0011,1.0025,0.9997,1.0,1884189.6361835883,766
1529971200,1.0,1.0004,0.9991,0.9996,1024418.603961958,1323
1530057600,0.9994,1.0,0.9991,1.0,1072802.7644622913,846
1530144000,0.9998,1.0003,0.9983,0.999,2268534.612054569,1123
1530230400,0.9988,1.0,0.9983,0.9994,869370.7949709311,1063
1530316800,0.9995,1.0004,0.998,0.9987,1174544.7787939396,766
1530403200,0.9987,0.9999,0.9987,0.999,311451.6973785,241
1530489600,0.9991,0.9999,0.999,0.999,916837.4566783702,351
1530576000,0.999,1.0,0.9989,0.9989,589017.03541325,630
1530662400,0.9989,1.0002,0.997,0.9988,785375.303274199,766
1530748800,0.9991,1.0003,0.998,0.9986,496873.5524359916,453
1530835200,0.9987,1.002,0.998,0.9984,741568.4882334515,672
1530921600,0.9984,0.9999,0.998,0.9997,371566.3164697994,363
1531008000,0.9997,0.9999,0.9983,0.9991,228356.5005068399,343
1531094400,0.9992,0.9999,0.999,0.999,599916.3742266403,203
1531180800,0.9994,1.0,0.9981,0.9996,679370.2268305785,658
1531267200,0.9995,1.0004,0.9982,1.0,537111.4477714495,411
1531353600,1.0004,1.0013,0.998,0.9989,1088299.5737989985,611
1531440000,0.999,1.0004,0.998,0.9995,686787.7761061696,615
1531526400,0.9995,1.0,0.995,0.999,1321937.7949599347,708
1531612800,0.9994,1.0005,0.997,0.999,1174042.71446872,466
1531699200,0.9981,0.999,0.99,0.999,2989912.3986617806,1318
1531785600,0.9989,1.0,0.995,0.9999,1457395.2983996784,1243
1531872000,0.9996,1.0004,0.9963,0.9988,3884889.610545062,2560
1531958400,0.9988,1.0005,0.997,0.9999,1382639.2905031608,1733
1532044800,0.9989,0.9991,0.996,0.9981,1115580.5527922963,1362
1532131200,0.9982,0.9999,0.9968,0.9999,274517.4214622995,648
1532217600,0.9998,1.0,0.9951,0.9988,2020975.067772808,549
1532304000,0.9988,1.0,0.996,0.9976,1687496.2846676335,1364
1532390400,0.9977,1.0004,0.997,0.9986,1569276.3835095975,887
1532476800,0.9988,1.0,0.9975,0.9985,1320167.543003711,656
1532563200,0.9986,1.0,0.9978,0.9986,1080851.230861906,866
1532649600,0.9987,0.9999,0.997,0.9998,1533281.6909076716,547
1532736000,0.9987,0.9999,0.998,0.9987,164593.7807505498,177
1532822400,0.9987,1.0,0.9951,0.9999,3090915.2743479228,372
1532908800,0.9998,0.9999,0.9965,0.997,727935.7945632688,568
1532995200,0.9979,0.9995,0.9955,0.998,1401950.0719236298,1040
1533081600,0.998,0.999,0.997,0.9987,566568.7376870299,546
1533168000,0.9988,0.999,0.9973,0.9977,600232.7213258701,794
1533254400,0.9978,0.9999,0.997,0.9987,1431144.1856043474,977
1533340800,0.9988,0.9994,0.997,0.9987,465980.41308717,188
1533427200,0.9994,1.0,0.9971,0.999,694138.24782812,189
1533513600,0.9985,1.0,0.997,0.997,611348.6228937998,504
1533600000,0.9984,1.0,0.997,0.9995,816813.8653452576,645
1533686400,0.999,1.0001,0.9935,0.9999,2377302.6077394574,872
1533772800,0.9999,1.0,0.9898,0.9988,2140784.816594307,603
1533859200,0.9988,1.0,0.9982,0.9998,1683369.2130157086,299
1533945600,0.9996,1.0,0.9968,1.0,789024.1019723507,594
1534032000,0.9994,1.0,0.998,0.9994,251193.6883334192,486
1534118400,0.9996,1.0041,0.998,0.9999,2834414.8563189646,1121
1534204800,0.9993,1.0034,0.9985,1.0013,2276403.331052651,1582
1534291200,1.0013,1.0025,1.0,1.001,920514.0023859402,481
1534377600,1.0004,1.0016,0.9975,0.9993,1532697.1944655625,790
1534464000,0.9992,1.0005,0.9962,0.9999,776042.8758656203,459
1534550400,0.9998,1.002,0.9985,1.002,550934.9690963593,381
1534636800,1.0012,1.0028,1.0003,1.0003,211493.79456132,140
1534723200,1.0004,1.0012,0.9986,0.9996,968692.2168186279,420
1534809600,0.9995,1.0003,0.9986,0.9991,349818.9415227195,457
1534896000,0.9994,1.0008,0.9981,0.9988,1750253.1506330601,958
1534982400,0.9991,0.9999,0.9987,0.9999,632214.6032944501,215
1535068800,0.9998,0.9999,0.9988,0.9988,232715.8827913398,239
1535155200,0.9994,0.9998,0.9988,0.9993,135055.13275881,155
1535241600,0.9993,0.9997,0.9987,0.999,144100.5759018899,98
1535328000,0.9991,0.9999,0.9979,0.9999,1373769.597155561,736
1535414400,0.9996,1.0004,0.997,0.9986,2800738.2378877695,1018
1535500800,0.9986,0.9997,0.997,0.9985,1148025.8454515282,665
1535587200,0.9985,0.9998,0.997,0.9988,951094.4095563903,431
1535673600,0.999,1.0,0.997,0.9998,2606115.2924166787,868
1535760000,0.9995,1.0,0.9985,0.9985,1591561.2717917,392
1535846400,0.9985,1.0,0.9983,0.9986,1720797.096890461,392
1535932800,0.9985,0.9998,0.9981,0.9983,351930.0499708701,302
1536019200,0.9983,0.9983,0.996,0.9968,2128576.35086189,380
1536105600,0.9965,1.0,0.996,0.9963,5903737.957775751,1130
1536192000,0.9967,1.0,0.995,0.9973,2187756.5244354447,1055
1536278400,0.9972,0.9998,0.9971,0.9989,1708387.2321224187,440
1536364800,0.9988,0.9996,0.9957,0.9971,692235.2436093797,285
1536451200,0.9972,0.9997,0.9956,0.9968,858999.1043436497,486
1536537600,0.9975,0.9984,0.9925,0.9966,937377.0235165088,677
1536624000,0.997,0.999,0.9968,0.9977,1161290.4650101196,444
1536710400,0.9977,0.9988,0.9911,0.9979,2620340.3218415673,500
1536796800,0.9983,0.9994,0.9982,0.999,2662907.2676539607,563
1536883200,0.9989,0.9999,0.9988,0.9992,1900703.4646933307,300
1536969600,0.9992,0.9999,0.9988,0.9994,322642.2197154599,137
1537056000,0.999,0.9993,0.9988,0.999,94000.45953964,85
1537142400,0.999,0.9993,0.9985,0.9985,849781.6894833606,526
1537228800,0.9985,0.9999,0.9931,0.9988,1943661.50549538,675
1537315200,0.9981,0.9994,0.9977,0.9994,853898.3167757296,503
1537401600,0.9989,0.9994,0.998,0.999,1634751.2836172238,531
1537488000,0.999,0.9999,0.9983,0.9983,1394137.6231385933,1272
1537574400,0.9984,0.9991,0.9983,0.9984,688205.0425861806,353
1537660800,0.9986,0.9997,0.9984,0.9987,272437.9214699099,260
1537747200,0.9991,1.0,0.998,0.9988,979819.1294513601,655
1537833600,0.9989,0.9998,0.9978,0.9987,949051.7048133427,681
1537920000,0.9992,0.9999,0.9975,0.9975,2974673.3771751192,1408
1538006400,0.9982,0.9994,0.9928,0.9976,2521745.0245803595,2481
1538092800,0.9979,0.999,0.996,0.9979,946299.7857698124,1926
1538179200,0.998,0.999,0.9923,0.9969,460178.4299475101,631
1538265600,0.9963,0.998,0.9947,0.9964,319402.1449311894,698
1538352000,0.9967,0.997,0.994,0.9946,1353370.958902097,1849
1538438400,0.9952,0.9986,0.9501,0.9915,2338245.7756207515,1350
1538524800,0.9913,0.9937,0.989,0.9919,1702050.3375216594,1738
1538611200,0.9918,0.9948,0.9899,0.9932,1510369.1192879544,1525
1538697600,0.9929,0.9946,0.9913,0.992,1646543.4219803312,1126
1538784000,0.992,0.9946,0.9916,0.9935,400971.6931838901,626
1538870400,0.9933,0.9945,0.9925,0.9934,581758.4947448804,930
1538956800,0.9933,0.9951,0.9892,0.9902,1963634.3884712907,743
1539043200,0.9895,0.9979,0.988,0.9886,1231062.2676289394,883
1539129600,0.9887,0.9899,0.981,0.9821,1387202.482745431,1129
1539216000,0.9827,0.9974,0.97,0.9817,5180699.501099227,3839
1539302400,0.9813,0.9899,0.9707,0.9812,3450890.927550892,2033
1539388800,0.9811,0.9828,0.9785,0.9795,1629425.176613689,2352
1539475200,0.9794,0.9794,0.9701,0.974,2582980.8839566214,1772
1539561600,0.9739,0.9991,0.85,0.956,29286743.63324153,8322
1539648000,0.9532,0.9799,0.9428,0.9542,12901088.19879056,6278
1539734400,0.9542,0.9604,0.951,0.9571,4046125.643279389,3597
1539820800,0.9573,0.973,0.955,0.9648,5437283.071006896,4266
1539907200,0.965,0.9788,0.964,0.9764,2101430.6364387674,1072
1539993600,0.9769,0.9774,0.9695,0.9725,1517870.6743692397,1788
1540080000,0.9728,0.9767,0.969,0.9736,1227511.9157414208,1759
1540166400,0.9738,0.9779,0.9658,0.973,1814138.2504899476,1829
1540252800,0.973,0.9799,0.9701,0.9776,2455520.464344759,1935
1540339200,0.9765,0.9776,0.9715,0.9766,908276.7762637904,1151
1540425600,0.9764,0.9793,0.9728,0.9772,2155375.1644174773,1370
1540512000,0.9773,0.986,0.9759,0.9787,3240737.742060342,2060
1540598400,0.9788,0.9905,0.9784,0.99,10289237.50551955,2273
1540684800,0.99,0.9925,0.988,0.9906,18301005.231849156,1728
1540771200,0.9902,0.9903,0.9824,0.9867,9525037.62759178,2632
1540857600,0.986,0.9962,0.9856,0.9933,16258323.749241043,3895
1540944000,0.9934,0.997,0.9899,0.9919,8413943.545540564,1938
1541030400,0.9915,0.9968,0.9893,0.991,3757291.7768292367,1769
1541116800,0.9905,0.9932,0.988,0.9887,2716326.8247125265,1001
1541203200,0.9882,0.9943,0.988,0.9927,727465.4303208498,680
1541289600,0.9921,0.9946,0.9891,0.9912,1453303.2499727313,1849
1541376000,0.9913,0.9936,0.988,0.9913,1885875.6294728895,1555
1541462400,0.9916,0.9921,0.9852,0.9905,1754630.7634821606,1365
1541548800,0.9905,0.9931,0.9863,0.991,5619955.595608043,2564
1541635200,0.991,0.9926,0.9888,0.9894,4906445.984957371,1677
1541721600,0.9894,0.991,0.9859,0.9867,3397660.4061414693,1425
1541808000,0.9874,0.989,0.9855,0.9876,2654109.566585634,1355
1541894400,0.9878,0.9899,0.985,0.9863,3035987.779100766,1493
1541980800,0.9861,0.988,0.98,0.98,5463290.73946939,1259
1542067200,0.9805,0.9819,0.9688,0.9688,4143644.516119288,2591
1542153600,0.9688,0.985,0.941,0.9497,11301920.985608984,6528
1542240000,0.9492,0.98,0.9492,0.97,13809999.69325865,8416
1542326400,0.97,0.985,0.97,0.976,9693322.912043568,4202
1542412800,0.9761,0.995,0.976,0.9796,9338528.218767311,2590
1542499200,0.9796,0.9931,0.9777,0.9847,7493850.30935441,2485
1542585600,0.9846,0.9949,0.9633,0.9633,16205440.041395223,6198
1542672000,0.9655,0.9748,0.931,0.9569,17182580.43796139,13630
1542758400,0.9571,0.9765,0.9549,0.9735,7781648.11600349,7536
1542844800,0.9743,0.9785,0.971,0.9774,4646547.349922563,4266
1542931200,0.9774,0.9774,0.9688,0.9698,5241140.4310366865,6151
1543017600,0.9705,0.9735,0.9588,0.9633,7269452.238956886,6293
1543104000,0.9637,0.9728,0.9462,0.962,9015613.583722362,10423
1543190400,0.9619,0.9719,0.9535,0.9651,6265385.008322806,8444
1543276800,0.9652,0.9751,0.9636,0.9705,5071356.3500638,4527
1543363200,0.9705,0.99,0.9691,0.9888,11827737.273501564,9465
1543449600,0.9886,0.9931,0.9834,0.9889,4961096.393555783,4771
1543536000,0.9865,0.9924,0.9784,0.9844,2386047.4966503903,2044
1543622400,0.9842,0.9899,0.9804,0.9867,2036937.8797829452,2278
1543708800,0.9875,0.9877,0.982,0.9827,930242.3652322991,1445
1543795200,0.9821,0.9866,0.98,0.9866,1207069.0364102304,1277
1543881600,0.9836,0.99,0.983,0.9859,2662939.85412141,2835
1543968000,0.9857,0.99,0.979,0.9814,1659957.0576523466,1219
1544054400,0.9822,0.987,0.979,0.9796,1957809.0603404557,3450
1544140800,0.9796,0.995,0.9795,0.9938,5095616.820512872,9936
1544227200,0.9937,0.9989,0.9875,0.996,2748086.142749885,4435
1544313600,0.9956,0.9975,0.9915,0.9943,1055250.45628509,1844
1544400000,0.9951,0.9967,0.9915,0.9925,923976.5863464794,1134
1544486400,0.9922,0.9942,0.9855,0.9905,2059037.6619967099,1233
1544572800,0.9906,0.9966,0.9883,0.9944,1646127.043175339,1534
1544659200,0.9941,0.997,0.9863,0.988,5934930.234600511,1272
1544745600,0.9881,0.99,0.9855,0.99,1316698.045429869,1217
1544832000,0.9898,0.9916,0.9857,0.989,717568.5406963397,750
1544918400,0.9894,0.9917,0.9861,0.9908,1072421.1290475104,1185
1545004800,0.9902,0.9988,0.9871,0.9966,3141969.557956924,3926
1545091200,0.997,1.004,0.9941,1.0034,5058564.668379479,6793
1545177600,1.0039,1.0151,0.9971,1.0048,4609757.671533368,4710
1545264000,1.005,1.0136,1.0,1.0065,8075303.526053636,6499
1545350400,1.0055,1.0099,0.9994,1.0004,3326727.9675755035,3900
1545436800,1.0006,1.0082,0.9986,1.0078,2407358.696816722,3467
1545523200,1.0077,1.009,1.0019,1.0031,1265726.2679170512,2670
1545609600,1.0035,1.0104,1.0024,1.005,3780672.455241074,7619
1545696000,1.0063,1.0125,1.002,1.0099,1857663.4672205765,4764
1545782400,1.0094,1.0108,1.0056,1.0073,911961.8319311511,1734
1545868800,1.0076,1.0078,1.004,1.0061,2017472.390409529,2983
1545955200,1.0065,1.0171,1.003,1.0112,5946847.76424613,5846
1546041600,1.0113,1.0177,1.0042,1.0097,2678090.1768472833,3686
1546128000,1.0088,1.011,1.0041,1.0075,1778643.296154602,2556
1546214400,1.0061,1.0088,0.9991,0.9991,2252702.5342996703,2317
1546300800,0.9991,1.0065,0.997,1.0054,1258733.2181125488,2205
1546387200,1.0062,1.01,1.0026,1.007,4177429.598253812,1839
1546473600,1.0069,1.0095,1.001,1.005,3379280.984806277,1881
1546560000,1.0053,1.0079,1.0,1.0059,5239378.949727355,2467
1546646400,1.0065,1.01,1.0043,1.0051,2777392.746806727,2577
1546732800,1.0056,1.0148,1.003,1.011,4246838.323996982,2396
1546819200,1.0113,1.0136,1.005,1.0057,2238285.284715661,2292
1546905600,1.0059,1.008,1.0051,1.0064,8348077.485994603,5701
1546992000,1.0063,1.0081,1.0035,1.0068,8941674.143551175,5211
1547078400,1.0062,1.011,1.0015,1.0098,12370557.662002888,5431
1547164800,1.0093,1.0109,1.0044,1.0077,17073136.91415025,5518
1547251200,1.0076,1.0094,1.0072,1.0085,2596268.858276474,2696
1547337600,1.0086,1.0096,1.0077,1.0081,3722944.354915466,1844
1547424000,1.0081,1.009,1.0056,1.0089,11787438.327872837,4580
1547510400,1.0089,1.0093,1.0059,1.0062,8654351.741101593,2829
1547596800,1.0064,1.0071,1.0032,1.0034,7042596.791025931,1669
1547683200,1.0034,1.005,1.0014,1.0049,8998198.675716488,1970
1547769600,1.005,1.0053,1.0025,1.0025,4642548.158255132,1397
1547856000,1.0026,1.0055,1.0022,1.0036,5514387.976302355,1686
1547942400,1.0036,1.0042,0.9969,1.0002,1701533.0343123404,1054
1548028800,1.0002,1.0025,0.9989,1.0016,1308169.699651289,889
1548115200,1.0016,1.003,1.0,1.0008,2256161.470504014,1568
1548201600,1.0008,1.0019,0.9992,1.0012,1982614.8868631886,776
1548288000,1.0009,1.002,0.998,1.0008,1352438.1318834,989
1548374400,0.9991,1.0008,0.9963,0.9976,852507.3286522592,653
1548460800,0.9979,1.002,0.9962,0.9966,293927.0942158298,408
1548547200,0.9967,0.9975,0.9936,0.9942,552113.4781287998,1001
1548633600,0.9942,1.0,0.993,0.999,1902811.7711202572,939
1548720000,0.999,1.0,0.9943,0.995,1923646.7671002205,1279
1548806400,0.995,0.9998,0.9926,0.9933,2089734.5508439203,1126
1548892800,0.9937,0.9968,0.9914,0.994,2538405.893769413,1149
1548979200,0.9933,0.9948,0.9862,0.9915,1448018.4105101784,1002
1549065600,0.9915,0.995,0.9894,0.9899,463329.12046937,556
1549152000,0.9898,0.992,0.9869,0.9882,612730.51425986,632
1549238400,0.9883,0.9891,0.9847,0.9851,986918.6187482601,936
1549324800,0.9851,0.99,0.9844,0.9881,2008363.9666938104,1322
1549411200,0.9883,0.9965,0.9862,0.9884,3124477.0299756033,2658
1549497600,0.9884,0.9897,0.9867,0.9885,1802982.5264547502,1989
1549584000,0.9886,0.9936,0.9858,0.9895,6247551.83902887,4962
1549670400,0.9895,0.9906,0.9875,0.9889,1506460.970705504,2925
1549756800,0.9889,0.9923,0.988,0.9918,1521845.4433262686,2984
1549843200,0.9918,0.9929,0.9869,0.9877,2431024.540667732,2035
1549929600,0.9878,0.9917,0.9852,0.9883,2187877.0142773013,1796
1550016000,0.989,0.9918,0.9877,0.9891,1919174.0187509416,1836
1550102400,0.9892,0.9917,0.9885,0.9903,3719567.5147543596,2985
1550188800,0.9903,0.9918,0.9889,0.9901,2014504.6430264416,1894
1550275200,0.9901,0.9921,0.9895,0.9899,1663908.4164252582,1806
1550361600,0.9899,0.9904,0.9875,0.9889,2847698.765622623,1890
1550448000,0.9889,0.9968,0.9854,0.992,5010169.088712422,1462
1550534400,0.992,0.997,0.991,0.9921,2068275.8559180025,2586
1550620800,0.9947,0.9965,0.99,0.991,2393069.870690179,2546
1550707200,0.9921,0.9936,0.9894,0.9896,2146989.9294441417,1586
1550793600,0.9896,0.995,0.989,0.9929,2264649.366458394,1609
1550880000,0.9929,1.0,0.9915,0.9984,4001463.2009981596,1367
1550966400,0.997,0.9988,0.9926,0.9971,4823351.06286857,2857
1551052800,0.9967,0.9976,0.9919,0.996,3386531.8507658103,2122
1551139200,0.9964,0.9989,0.9938,0.9967,1169881.9812002564,1840
1551225600,0.9967,0.9983,0.9939,0.9943,2577310.470517721,3374
1551312000,0.9941,0.998,0.9939,0.995,2242002.7559645395,3212
1551398400,0.995,0.9961,0.992,0.9954,2019032.9442894321,1695
1551484800,0.9952,0.9968,0.9943,0.9968,381321.4032600404,1037
1551571200,0.996,0.9968,0.9939,0.9942,1196000.242728816,1399
1551657600,0.9942,0.9978,0.9935,0.9959,1773749.9681076733,1501
1551744000,0.9957,0.998,0.994,0.997,4430497.031645123,2831
1551830400,0.9966,0.9975,0.9949,0.996,1893856.948735299,1845
1551916800,0.9957,0.9973,0.9945,0.9953,1623683.94283361,1820
1552003200,0.9955,0.9966,0.993,0.9934,1115898.6822041902,1331
1552089600,0.9934,0.9961,0.9932,0.9944,558754.378944189,1594
1552176000,0.995,0.9965,0.9933,0.9952,318664.9660960615,756
1552262400,0.9951,0.9965,0.9934,0.995,1186765.1684408109,1411
1552348800,0.9951,0.996,0.993,0.9945,898294.8607479372,1869
1552435200,0.9941,0.9965,0.9925,0.9957,1109071.3381157285,1769
1552521600,0.9957,0.9979,0.9931,0.9944,3180980.2785752825,2240
1552608000,0.9944,0.9955,0.9913,0.9947,1290572.976370417,1484
1552694400,0.9942,0.997,0.9925,0.9959,2139152.2843933515,2702
1552780800,0.9959,0.997,0.9941,0.9953,533436.1879989704,1269
1552867200,0.9953,0.997,0.9935,0.9954,1759182.4675683205,2746
1552953600,0.9954,0.9969,0.9935,0.9958,1097436.6533093008,1879
1553040000,0.9953,0.9976,0.9941,0.997,1054728.5100664988,2104
1553126400,0.9975,1.0001,0.996,0.9975,5669263.742375816,2713
1553212800,0.9976,1.0,0.9963,0.9975,2036892.886731496,1442
1553299200,0.9978,0.999,0.9956,0.9956,1252688.7796746478,646
1553385600,0.9956,0.996,0.995,0.995,917482.5724988404,546
1553472000,0.995,0.997,0.993,0.9935,1091861.1017000997,1769
1553558400,0.993,0.9957,0.993,0.9944,511675.9000442304,1154
1553644800,0.9942,0.9982,0.994,0.9965,2096807.7921095984,1781
1553731200,0.9965,0.9974,0.9952,0.9958,1535351.057078272,1924
1553817600,0.9958,0.9976,0.9927,0.9966,2652331.044773593,2927
1553904000,0.9967,0.9986,0.9942,0.9968,775531.3364729485,1526
1553990400,0.9968,0.998,0.9943,0.9975,327637.5544128704,1110
1554076800,0.9972,0.998,0.9953,0.998,1815204.8293152559,1377
1554163200,0.998,1.02,0.997,1.0075,8440357.740033265,7476
1554249600,1.0077,1.017,1.0022,1.0056,8853425.056541177,9312
1554336000,1.0038,1.0083,1.0001,1.002,5942457.258690567,3961
1554422400,1.002,1.0059,1.0,1.0055,3432172.334045641,2148
1554508800,1.0052,1.0065,1.0001,1.0001,1479433.6404411092,1938
1554595200,1.0002,1.0055,1.0001,1.003,743720.2788876179,1420
1554681600,1.0041,1.0127,1.0001,1.0065,10364058.74129173,7173
1554768000,1.0065,1.01,1.0051,1.0065,16693487.362268358,4769
1554854400,1.0065,1.0068,1.0013,1.0021,15258582.820402902,4573
1554940800,1.0023,1.0067,1.0015,1.004,12379202.3061483,5669
1555027200,1.004,1.0058,1.0017,1.0031,11810936.90988488,3583
1555113600,1.0031,1.0041,1.002,1.0032,998813.1959064,1081
1555200000,1.0031,1.0037,1.0021,1.0035,1314385.3869829695,922
1555286400,1.0035,1.0048,1.0005,1.0005,5496769.95483407,1621
1555372800,1.0005,1.0056,1.0,1.0033,3924662.8777381377,2306
1555459200,1.0033,1.0052,1.0025,1.0026,5593313.55148409,1475
1555545600,1.0027,1.0043,1.002,1.0033,2809322.720079913,1491
1555632000,1.0032,1.0055,1.002,1.0033,3341553.326974915,1093
1555718400,1.0033,1.005,1.0021,1.0031,1327615.4312941597,1211
1555804800,1.0031,1.0054,1.0028,1.0042,2817463.101646921,3213
1555891200,1.0042,1.006,1.003,1.004,8311100.935529458,3685
1555977600,1.004,1.0054,1.0026,1.0048,9065888.633724248,2638
1556064000,1.0048,1.006,1.003,1.0032,17042790.393004663,5766
1556150400,1.0032,1.0034,0.9744,0.981,12135576.405503117,3409
1556236800,0.981,0.9813,0.9551,0.9708,10249422.441431735,6006
1556323200,0.9708,0.9772,0.96,0.976,2362489.7326613097,1159
1556409600,0.976,0.977,0.9701,0.9702,3791668.2801919435,2200
1556496000,0.9702,0.9885,0.9702,0.9835,5002635.79733737,3834
1556582400,0.9835,0.9948,0.9832,0.9896,5596254.814061813,3066
1556668800,0.9898,0.995,0.9856,0.9865,3701572.69088243,1253
1556755200,0.9865,0.9895,0.98,0.9807,2525677.479371226,1607
1556841600,0.9811,0.994,0.9778,0.983,4303833.006962852,3721
1556928000,0.983,0.995,0.9813,0.9905,3086004.6595770908,2522
1557014400,0.9905,0.9937,0.9885,0.9908,1160448.1608113993,1194
1557100800,0.9908,0.992,0.9874,0.99,3203028.9809114104,2064
1557187200,0.9902,0.9942,0.985,0.9852,3959756.5741813355,3089
1557273600,0.985,0.9936,0.983,0.9917,1628886.2593452393,1301
1557360000,0.9918,0.997,0.9917,0.9946,2583550.6006747563,1957
1557446400,0.995,1.0025,0.9931,0.9945,4427040.173445857,3246
1557532800,0.9948,1000.0,0.9946,1.0039,6750710.531377782,11046
1557619200,1.004,1.008,0.9967,1.0006,12194457.35833159,15741
1557705600,1.0006,1.0079,0.9951,1.0017,11826198.748575486,11656
1557792000,1.0016,1.0046,0.9936,0.9986,10979600.19212969,13313
1557878400,0.9986,1.005,0.998,1.0039,5482800.652802868,6053
1557964800,1.0034,1.0069,0.9959,1.0004,5699925.578790758,5434
1558051200,1.0001,1.0046,0.989,1.0015,7343188.899488494,6265
1558137600,1.0015,1.0045,1.0001,1.0026,2100673.8435368533,2480
1558224000,1.0026,1.0082,1.0012,1.0053,7207094.9611560535,6019
1558310400,1.0057,1.0061,0.999,1.006,4364992.18331212,5174
1558396800,1.006,1.0081,1.003,1.0044,4312752.382178392,3680
1558483200,1.0047,1.0047,0.9993,1.0003,3541597.110882278,4649
1558569600,1.0003,1.0041,1.0,1.0037,2555331.4941770034,4609
1558656000,1.0037,1.007,1.0025,1.0033,4218606.707765418,4293
1558742400,1.0033,1.007,1.0,1.0046,3976303.317764304,3519
1558828800,1.0046,1.0157,1.0022,1.0097,8554608.060771959,8327
1558915200,1.0097,1.011,1.0006,1.002,8358779.625651991,5622
1559001600,1.002,1.005,1.0003,1.0012,1824102.307572329,2172
1559088000,1.0012,1.0029,0.9983,1.0016,4544610.523834707,2402
1559174400,1.0016,1.0026,1.0,1.0009,6209909.509414951,5687
1559260800,1.0007,1.0011,0.9961,1.0005,3648951.947064294,3450
1559347200,1.0002,1.0021,0.9985,1.0007,3226774.616191767,3644
1559433600,1.0007,1.0034,1.0004,1.0005,2579358.8367952155,2457
1559520000,1.0009,1.0025,0.9976,0.9994,5892504.95500516,3865
1559606400,0.9993,1.0006,0.9942,0.998,8443436.78069941,7038
1559692800,0.998,1.0029,0.9976,1.0016,4052240.1813823883,4704
1559779200,1.0016,1.035,1.0004,1.0024,3325322.331225731,2619
1559865600,1.002,1.0045,1.0013,1.0024,2904626.9381318134,3852
1559952000,1.0019,1.0041,1.0019,1.0038,899427.9696050009,1356
1560038400,1.0034,1.004,1.001,1.0016,2245659.7573568895,2965
1560124800,1.0014,1.0049,1.0011,1.0039,2963521.4768762183,2540
1560211200,1.0039,1.005,1.0016,1.0033,4788755.769915103,3151
1560297600,1.0031,1.007,1.0025,1.0035,8408126.88995612,4693
1560384000,1.0035,1.0037,1.0015,1.0021,4691563.405271149,2867
1560470400,1.0021,1.0048,1.0014,1.0047,5947363.524076912,3351
1560556800,1.0047,1.0056,1.0034,1.0043,2123369.669861553,1800
1560643200,1.0043,1.0068,1.0,1.0016,3874446.4006917486,2385
1560729600,1.0016,1.0044,1.0,1.0028,5344463.617227928,2486
1560816000,1.0028,1.003,0.9989,0.9997,3633653.3072188864,1273
1560902400,0.9997,1.0025,0.9993,1.0022,2173025.638344004,980
1560988800,1.0018,1.0025,1.0013,1.002,3138974.8305508182,2149
1561075200,1.0022,1.003,1.0,1.0028,3069168.014874127,1578
1561161600,1.003,1.0042,0.9941,0.995,5867149.106779577,3325
1561248000,0.995,0.998,0.99,0.9922,3145165.9877679674,2759
1561334400,0.9927,1.001,0.991,0.9964,1568689.3167135708,2311
1561420800,0.9969,0.9999,0.9921,0.995,2188270.8463712605,3017
1561507200,0.995,0.9999,0.99,0.99,7380673.988608568,7371
1561593600,0.99,0.9999,0.973,0.9852,6672707.787951674,11791
1561680000,0.9853,0.9998,0.9751,0.996,3091298.584178668,5026
1561766400,0.9959,0.9994,0.9754,0.9967,2977532.7785588405,5867
1561852800,0.997,0.9997,0.9862,0.99,2596208.4296925003,4542
1561939200,0.99,0.998,0.985,0.9968,2249692.993251091,4396
1562025600,0.997,1.0,0.991,0.9993,4455494.481401458,4272
1562112000,0.9995,1.0046,0.99,1.0021,7668068.989054043,4784
1562198400,1.0027,1.0046,0.999,0.999,2909837.787791812,1974
1562284800,1.0003,1.0035,0.997,1.0014,1897750.1704655818,1287
1562371200,1.0008,1.005,0.9996,0.9996,2239609.1584082465,1635
1562457600,0.9995,1.0058,0.999,1.0049,1874422.3709393796,1136
1562544000,1.0053,1.0075,1.0,1.0036,2172553.806127182,1894
1562630400,1.0034,1.0067,0.9999,1.0019,3257744.578966455,2283
1562716800,1.0018,1.0035,0.9965,0.9989,2344717.001052483,2876
1562803200,0.9989,1.004,0.9985,1.0004,2990025.6801967463,3779
1562889600,1.0004,1.004,0.998,1.0036,1476198.1916300515,2304
1562976000,1.0033,1.0045,0.9967,1.0018,2340778.8146767677,2221
1563062400,1.0014,1.005,0.995,1.001,2142113.9221371175,2416
1563148800,1.0013,1.005,0.9994,1.0005,2068331.8236245129,2265
1563235200,1.0005,1.003,0.996,1.0002,4665469.103523042,3520
1563321600,1.0003,1.003,0.9971,1.0029,2514052.2098889207,2899
1563408000,1.0029,1.0045,0.9975,1.0029,2903133.299000396,2715
1563494400,1.0029,1.0045,0.9986,1.0021,2528772.544417756,2823
1563580800,1.0021,1.0036,1.0009,1.0019,2811499.6400229638,1390
1563667200,1.0019,1.0024,0.9993,1.0005,1556792.4828566662,1127
1563753600,1.0001,1.003,0.9971,0.9985,1370363.4353636715,2121
1563840000,0.9985,1.0012,0.998,1.0,1321203.604805159,1471
1563926400,1.0,1.0009,0.9977,1.0003,1672076.6420177072,1874
1564012800,1.0009,1.0029,0.9991,1.0,1995870.688000806,2041
1564099200,0.9996,1.0029,0.9991,1.0012,2151968.069775046,2356
1564185600,1.0012,1.004,0.9963,0.9989,3053190.6461995807,2316
1564272000,0.9989,1.0,0.995,0.9999,1630857.871464863,1268
1564358400,0.9999,1.0,0.9947,0.9977,1713602.469543637,1452
1564444800,0.9977,1.0029,0.9976,1.0008,1471131.0629243327,773
1564531200,1.0007,1.0026,0.9991,1.0003,1053742.986799481,954
1564617600,1.0004,1.0029,0.9992,1.0016,1060814.5212698583,1166
1564704000,1.0018,1.0021,0.9997,1.0006,2276147.633182033,1388
1564790400,1.0006,1.0018,0.9997,1.0006,1304146.5869763587,673
1564876800,1.0008,1.003,1.0006,1.0028,738096.6382393305,627
1564963200,1.0028,1.003,0.9994,1.0,3262777.7964129676,2024
1565049600,1.0,1.003,0.998,0.9991,4258955.233847232,2886
1565136000,0.9991,1.0005,0.9976,0.9988,2477702.4184727985,1208
1565222400,0.9989,1.0006,0.9965,0.999,2296805.55616257,2116
1565308800,0.999,1.0014,0.996,0.9987,3011857.999029628,1647
1565395200,0.9986,1.0021,0.9955,0.9969,1750178.3771486254,1379
1565481600,0.997,0.999,0.9967,0.9989,780535.9982714702,526
1565568000,0.999,0.9999,0.997,0.9986,1349083.9982869376,799
1565654400,0.9986,1.0,0.9955,0.9969,1415934.4893810006,1051
1565740800,0.9968,0.9984,0.9936,0.9969,1363210.4093666265,1749
1565827200,0.9969,1.0018,0.9949,0.9997,2290323.820338009,2493
1565913600,0.9995,1.005,0.9972,1.0013,2509058.73505996,1961
1566000000,1.0013,1.0017,0.9989,1.0004,259099.2328192202,477
1566086400,1.0,1.0013,0.9998,1.0005,352020.1361174098,311
1566172800,1.0006,1.0045,1.0002,1.0003,1125746.8500558785,973
1566259200,1.0002,1.0036,0.9998,1.0006,1505580.7764625726,1389
1566345600,1.0006,1.0006,0.9968,0.9981,1781860.4484452358,1032
1566432000,0.9984,1.002,0.998,1.0,2254473.394555048,1328
1566518400,1.0005,1.0028,1.0003,1.0015,1849619.4955749074,940
1566604800,1.0014,1.0019,0.9995,1.0007,1367772.75033788,1356
1566691200,1.0008,1.002,0.9992,1.0002,1519545.1766729145,1002
1566777600,1.0002,1.003,0.998,0.9991,2516149.103387627,2445
1566864000,0.9993,1.0001,0.998,0.9987,1073907.5643722503,1099
1566950400,0.9989,1.003,0.9955,0.9997,3001625.905673827,2622
1567036800,0.9996,1.0003,0.9981,0.9991,3849716.7790075154,1766
1567123200,0.9991,1.0008,0.9986,1.0001,2135638.9291927535,1495
1567209600,0.9997,1.0013,0.9995,1.0002,2777943.896645272,1980
1567296000,1.0003,1.0027,1.0002,1.0024,3103866.4483686658,1449
1567382400,1.0027,1.0029,1.0002,1.0026,2029735.2788298763,1067
1567468800,1.0026,1.0028,0.9999,1.0016,1249108.783961151,729
1567555200,1.0016,1.0038,0.9999,1.0014,1927353.6284410837,979
1567641600,1.0014,1.003,1.0004,1.0006,800312.6362904899,501
1567728000,1.0005,1.0031,0.9995,1.0009,1556950.5806983397,1133
1567814400,1.0008,1.0025,1.0004,1.0018,328046.1027363998,342
1567900800,1.0018,1.004,1.0015,1.002,890958.6487459986,546
1567987200,1.002,1.0021,0.9993,1.0008,935504.057568207,744
1568073600,1.0007,1.0009,0.999,0.9991,897162.5054284303,617
1568160000,0.9992,1.002,0.9989,1.0008,1333901.0442437797,811
1568246400,1.0008,1.0029,1.0001,1.0014,2314773.7613668568,921
1568332800,1.0016,1.0073,1.0002,1.0021,3255134.1468305117,1204
1568419200,1.0021,1.0027,1.0006,1.0024,844633.869789161,622
1568505600,1.0024,1.0029,1.001,1.001,387175.2039240298,293
1568592000,1.0011,394.0,1.0006,1.0017,3803305.404177328,1741
1568678400,1.0017,1.0026,0.9996,1.0006,1909117.4801851935,1183
1568764800,1.0005,1.0045,0.9994,1.0002,2057113.2695863445,1685
1568851200,1.0002,1.004,0.9985,1.0025,3224689.630706637,2504
1568937600,1.0027,1.004,0.9991,1.0,1496478.5204292175,1580
1569024000,1.0,1.0007,0.999,0.9998,463348.7182188898,482
1569110400,0.9997,1.0003,0.9986,0.9999,681827.1992951502,814
1569196800,1.0,1.0013,0.9981,0.9993,1959604.4203454168,1291
1569283200,0.9989,1.009,0.996,1.0028,5684446.218287365,4578
1569369600,1.0028,1.003,0.999,1.0005,2595766.0001337654,2109
1569456000,1.0004,1.0008,0.9987,0.9999,1344766.0175994977,1845
1569542400,1.0001,1.006,0.999,1.002,3078562.3317234456,2226
1569628800,1.0017,1.0025,0.999,1.0013,1015840.6735824705,1005
1569715200,1.0013,1.0025,1.0002,1.0009,1151057.7757965089,1281
1569801600,1.001,1.0033,0.9997,1.0022,1901535.0280935233,2344
1569888000,1.002,1.005,1.0004,1.0027,2382269.269949171,1781
1569974400,1.0028,1.003,1.0006,1.0023,889768.5772592708,1041
1570060800,1.0024,1.0025,1.0003,1.0022,1294159.0516056677,1348
1570147200,1.0019,1.0025,1.0002,1.0019,1246528.1782998315,1162
1570233600,1.0015,1.0031,1.0011,1.0021,802783.5764782999,728
1570320000,1.0025,1.0028,1.0002,1.001,751132.0566679108,632
1570406400,1.001,1.0025,0.9996,1.002,1912497.3644560196,1608
1570492800,1.002,1.0024,1.0001,1.0008,1253484.9719665346,1215
1570579200,1.001,1.0024,0.9984,1.0015,3410776.1928054704,2139
1570665600,1.0015,1.003,1.0012,1.003,3200136.633103574,1316
1570752000,1.003,1.003,0.9987,1.0006,3035730.702487634,2332
1570838400,1.0003,1.0013,0.9998,1.0006,773688.3548288887,754
1570924800,1.0003,1.0019,1.0001,1.0001,1889528.94585803,1657
1571011200,1.0001,1.0008,0.9994,1.0005,2064546.2180011745,6997
1571097600,1.0006,1.0011,0.9999,1.0003,1275610.2082564384,929
1571184000,1.0003,1.0008,0.9988,1.0,1703775.4247358802,729
1571270400,1.0001,1.0015,0.9996,1.0004,1755380.7477222492,976
1571356800,1.0007,1.0014,0.9995,1.0008,1242307.9236143294,856
1571443200,1.0008,1.002,1.0003,1.0007,1037162.0413280997,907
1571529600,1.0009,1.0017,1.0004,1.0013,303334.9942007702,438
1571616000,1.0013,1.0026,1.0007,1.0017,1513769.378909064,1398
1571702400,1.0018,1.0027,1.0003,1.0007,1678414.1932645396,917
1571788800,1.0007,1.0024,0.999,1.0003,2026002.3270105456,1494
1571875200,1.0002,1.0024,0.9998,1.0014,1530202.4935442382,1065
1571961600,1.0015,1.003,1.0004,1.0009,2224884.7300092448,2713
1572048000,1.0011,1.005,0.9987,1.0031,4011636.40211418,3887
1572134400,1.0028,1.0036,1.0015,1.0025,2540272.081116322,2369
1572220800,1.0023,1.004,1.0005,1.0018,1896014.3188765033,2266
1572307200,1.0017,1.0029,1.0001,1.0019,1050399.8361088294,1705
1572393600,1.0023,1.003,1.0,1.0011,1494016.1478907468,1525
1572480000,1.0012,1.0022,1.0,1.0007,1796079.5837738165,1360
1572566400,1.0011,1.0014,1.0,1.001,1706210.0109515248,1146
1572652800,1.001,1.0013,1.0007,1.0011,1197277.92232797,1134
1572739200,1.0011,1.0014,1.0005,1.0008,669458.8905933496,426
1572825600,1.0008,1.0017,1.0,1.0017,2917871.2918410474,1104
1572912000,1.0017,1.0019,0.9999,1.001,2275716.7265639557,2510
1572998400,1.0011,1.0015,0.9995,0.9998,1053482.711179146,896
1573084800,0.9998,1.0002,0.9984,0.9992,1624451.1875858465,980
1573171200,0.999,0.9995,0.997,0.9988,3696743.5915848413,1267
1573257600,0.999,1.0003,0.9985,0.9995,808113.6094213246,1175
1573344000,0.9996,1.0004,0.9992,0.9998,574925.2238448794,907
1573430400,0.9996,1.0,0.998,0.9985,626286.6307329984,845
1573516800,0.9987,0.9998,0.997,0.9992,1606462.8000517534,2910
1573603200,0.9992,1.0,0.9973,0.998,2373468.413575558,1476
1573689600,0.9978,0.9999,0.9965,0.9986,2185280.9964108667,1590
1573776000,0.9984,1.0,0.9971,0.999,1703718.1818476627,1903
1573862400,0.9986,1.0,0.998,0.9994,751616.0501632893,1249
1573948800,0.9994,1.0,0.9988,0.9999,456948.8988802506,636
1574035200,0.9997,1.0,0.997,0.998,3199822.857184059,2344
1574121600,0.9981,1.0,0.9974,0.9988,1332322.0545186014,2176
1574208000,0.9989,0.9998,0.9975,0.9982,1909750.4713725618,2156
1574294400,0.9982,0.9995,0.9967,0.9984,2030404.912438324,1950
1574380800,0.9988,1.0019,0.9975,1.0011,3140550.651025125,3989
1574467200,1.0011,1.0019,1.0,1.0012,1650528.3759055168,2179
1574553600,1.0011,1.0019,1.0008,1.0008,472428.9127010104,985
1574640000,1.0008,1.0019,0.999,1.001,2972806.337971478,3044
1574726400,1.001,1.001,0.9991,1.001,1846573.5911635286,1730
1574812800,1.001,1.0019,0.999,1.0007,2336445.164624545,3515
1574899200,1.0007,1.0015,1.0,1.0014,2005300.8885733453,2235
1574985600,1.0014,1.0015,1.0,1.0009,1275137.3517847464,1344
1575072000,1.001,1.0015,1.0,1.001,619431.7211328497,853
1575158400,1.001,1.0013,1.0,1.0012,717243.7516756176,866
1575244800,1.0011,1.0019,0.9995,1.0014,950229.1481508599,1141
1575331200,1.0012,1.0019,0.9997,1.0011,1800440.0632870106,1128
1575417600,1.0009,1.002,0.9996,1.0,2116031.5594705204,1945
1575504000,1.0001,1.0011,0.9991,1.0004,2645004.7298950804,2167
1575590400,1.0005,1.0018,0.999,1.0014,2797398.719387298,2121
1575676800,1.0014,1.002,1.0009,1.0015,429214.2323325895,1148
1575763200,1.0014,1.0027,1.0005,1.0017,594678.5742752395,1052
1575849600,1.0017,1.0026,0.999,0.9992,2229324.5116715385,1550
1575936000,0.9992,1.0003,0.998,0.9996,3200531.986139387,2399
1576022400,0.9996,1.0004,0.9975,0.9991,3625905.481155605,2422
1576108800,0.9991,1.0006,0.9981,0.9987,3051258.703108225,2948
1576195200,0.9987,0.9999,0.9981,0.9993,854450.0256244494,1160
1576281600,0.9994,1.0013,0.9989,0.9996,776382.284050529,985
1576368000,0.9995,0.9998,0.9988,0.9993,490844.5318189791,651
1576454400,0.9993,0.9999,0.9975,0.9983,3216123.0825255597,2168
1576540800,0.9982,1.0008,0.9977,0.9989,2450038.702764289,2973
1576627200,0.9988,1.0011,0.997,1.0011,2736638.6036881767,3651
1576713600,1.001,1.0014,0.997,0.9997,2379522.79206635,2340
1576800000,0.9997,1.0008,0.9985,1.0003,2174583.1421393096,2583
1576886400,1.0003,1.0014,0.9999,1.0004,1365453.6420326035,1595
1576972800,1.0003,1.0009,0.9998,1.0006,448618.0224330904,871
1577059200,1.0007,1.0015,0.9988,0.9996,1750558.9069477117,2158
1577145600,0.9995,1.0001,0.9975,0.9992,1424710.5592419696,2353
1577232000,0.9992,0.9997,0.9982,0.9986,894407.3012339228,2096
1577318400,0.9986,0.9991,0.997,0.9986,1267441.822867597,2051
1577404800,0.9983,0.9988,0.996,0.9987,2275376.2629804057,4899
1577491200,0.9988,0.9995,0.9971,0.9979,1558816.4152515144,2283
1577577600,0.9979,0.9994,0.9974,0.9988,1012672.2155508792,2150
1577664000,0.9987,0.9988,0.9964,0.9966,2065804.4791114824,3879
1577750400,0.9966,0.998,0.996,0.9963,783172.6586431954,2381
1577836800,0.9962,0.9978,0.996,0.997,270418.3953721801,913
1577923200,0.997,0.9979,0.9952,0.997,974900.8645921496,1863
1578009600,0.997,0.9995,0.996,0.9984,1989927.703453356,3562
1578096000,0.9984,0.9994,0.9976,0.9979,741408.6903308318,1688
1578182400,0.9983,0.9998,0.998,0.9991,806316.9220841001,2457
1578268800,0.9991,1.0004,0.9973,1.0004,1203934.6067502107,2756
1578355200,1.0004,1.0015,0.9985,1.0005,1733662.976618097,4156
1578441600,1.0004,1.0015,0.9989,0.9993,1734558.1141009398,2941
1578528000,0.9994,1.0003,0.9984,0.9986,1733409.0511502835,2517
1578614400,0.9986,1.0007,0.9973,0.9996,1369975.919740287,2566
1578700800,0.9997,1.001,0.999,0.9994,584309.3364094192,1447
1578787200,0.9995,1.0001,0.9982,0.9994,722326.1976343411,1087
1578873600,0.9995,1.0,0.9972,0.9998,1113629.3534518005,1943
1578960000,0.9998,1.0057,0.9985,0.9998,4420865.968889762,6113
1579046400,0.9998,1.0,0.9945,0.999,3082554.35894511,5487
1579132800,0.999,0.9998,0.9972,0.9991,3307485.8473771424,3475
1579219200,0.9989,1.0,0.9974,0.9983,3373571.4487359556,7289
1579305600,0.9979,1.0,0.9979,0.9994,1331539.846695459,3305
1579392000,0.999,0.9999,0.9966,0.9991,1648344.290224482,4008
1579478400,0.9991,0.9999,0.9975,0.998,1129581.6274747814,3435
1579564800,0.998,0.9991,0.9972,0.9982,1451937.7953534834,2745
1579651200,0.9983,0.9999,0.9962,0.9972,1263119.9404599934,2127
1579737600,0.9972,0.9985,0.9957,0.9971,1831469.5783012242,3588
1579824000,0.9972,0.9991,0.997,0.9982,1885134.2460392227,4480
1579910400,0.9982,0.9987,0.997,0.9978,1045475.3020728796,1748
1579996800,0.9975,0.9984,0.9965,0.9979,1217008.5689645663,2361
1580083200,0.9978,1.0,0.996,0.9976,4061385.736208984,3344
1580169600,0.9979,1.0005,0.9973,1.0004,2853361.646101921,5319
1580256000,1.0005,1.0007,0.9973,0.9979,1550644.6521134202,3748
1580342400,0.998,1.0008,0.9965,0.9985,3063066.118026276,4839
1580428800,0.9985,1.0004,0.997,0.9983,2283871.264253289,3278
1580515200,0.9983,0.9996,0.9982,0.999,682499.1575246596,1304
1580601600,0.9986,1.0,0.9979,0.9987,1130173.5030912736,2922
1580688000,0.9987,1.0,0.9975,0.9986,2421149.8157313284,3819
1580774400,0.9985,1.0,0.996,0.9969,2478510.755027164,4809
1580860800,0.9964,1.0015,0.9955,0.9993,3440996.3717350834,7280
1580947200,0.9993,1.0009,0.9975,0.9981,2055901.9627473445,5966
1581033600,0.9981,0.9988,0.9962,0.9984,2213638.9727208205,5150
1581120000,0.9987,1.0045,0.9979,1.0007,2554280.3125301152,5056
1581206400,1.0003,1.0024,0.9994,1.0006,1903142.0001487539,4619
1581292800,1.0006,1.002,0.9983,0.9998,3298571.7733504693,6723
1581379200,0.9998,1.005,0.9987,1.004,5714749.323524902,8505
1581465600,1.004,1.0049,1.0008,1.0021,3921735.469288603,8984
1581552000,1.0021,1.0031,0.9986,1.0,2663867.9769292646,6632
1581638400,1.0,1.0031,0.9987,1.0017,3654526.0196278826,7587
1581724800,1.002,1.004,0.9987,0.9995,3155506.374670128,7944
1581811200,0.9997,1.0015,0.999,1.0006,2305306.1706737494,6524
1581897600,1.0009,1.0045,1.0002,1.0005,2908670.4084201725,6170
1581984000,1.0005,1.0035,1.0001,1.0022,2382551.296346224,4947
1582070400,1.0022,1.0035,1.0,1.0004,3766890.2253682567,7641
1582156800,1.0004,1.0015,0.9985,1.0008,2831971.410111508,4843
1582243200,1.0008,1.0022,1.0004,1.001,1371652.8613912177,3720
1582329600,1.001,1.0021,1.0006,1.0017,671583.1337477072,2116
1582416000,1.002,1.0039,1.0012,1.003,1244504.9228777112,3003
1582502400,1.003,1.0035,0.9992,1.0001,2390160.372252579,4941
1582588800,1.0001,1.0035,0.9991,0.9993,2153263.5274455342,4942
1582675200,0.9992,1.0012,0.9972,0.9996,3089322.240227621,8847
1582761600,0.9996,1.001,0.9986,0.9994,3478768.3939634603,7494
1582848000,0.9996,1.0024,0.9986,1.0014,2414008.810724026,5111
1582934400,1.0018,1.0024,1.0,1.0002,1122919.4186210192,2795
1583020800,1.0002,1.0009,0.9986,0.9988,1090515.5455208619,3117
1583107200,0.999,1.001,0.9986,1.0007,4198931.400712575,4661
1583193600,1.0004,1.0018,1.0,1.0006,1619155.8966601754,3979
1583280000,1.0006,1.0035,0.9999,1.0005,2253801.4651084826,4087
1583366400,1.0007,1.0023,1.0003,1.0015,2938377.2907393402,6036
1583452800,1.0015,1.003,1.0006,1.0023,2059652.93336094,4101
1583539200,1.0024,1.003,1.0008,1.001,1235443.1260772997,2165
1583625600,1.0011,1.002,0.997,1.0004,3711751.800699167,6436
1583712000,1.0004,1.003,0.9996,1.0002,3987656.7658644584,8729
1583798400,1.0002,1.002,0.9995,1.0,3099567.3261813787,5176
1583884800,1.0,1.0033,0.9998,1.0004,3250495.2450991278,4397
1583971200,1.0006,1.0064,0.9955,1.0044,12844046.82404188,32343
1584057600,1.0044,1.051,0.9971,1.0099,9850980.467872502,23395
1584144000,1.0099,1.0148,1.0002,1.0119,2653021.338753003,5491
1584230400,1.0111,1.29,0.997,0.9971,9808914.593361331,9867
1584316800,0.9977,1.015,0.997,1.0023,7648788.758405999,13990
1584403200,1.0024,1.0057,1.0016,1.0044,4774853.020559181,6898
1584489600,1.0044,1.0057,1.0016,1.0034,3613404.9456112655,6878
1584576000,1.0035,1.0129,1.0022,1.0034,6944811.686997269,11437
1584662400,1.0034,1.0065,0.998,1.0001,7227414.141193776,11195
1584748800,1.0001,1.0028,0.9997,1.001,2148993.2286374685,3911
1584835200,1.0011,1.0027,1.0005,1.0005,2293448.8621637793,4214
1584921600,1.0005,1.0052,1.0002,1.004,5055467.621384661,6029
1585008000,1.0042,1.0052,1.0024,1.0033,4074735.784280539,6235
1585094400,1.0033,1.004,1.0008,1.0018,4308094.760413809,5919
1585180800,1.002,1.0038,1.0009,1.0038,3751299.9998692065,4937
1585267200,1.0038,1.0048,1.0008,1.0011,3124007.2751692617,4859
1585353600,1.0012,1.0028,1.0008,1.0023,4605908.7221458005,5269
1585440000,1.0019,1.0024,0.9995,0.9998,2510879.740348106,3380
1585526400,0.9998,1.0048,0.9997,1.002,3994828.1696856124,5148
1585612800,1.0022,1.0026,1.001,1.0017,4229517.647392233,4167
1585699200,1.0018,1.003,1.001,1.0027,5065810.815385804,5139
1585785600,1.0026,1.0034,1.0005,1.0005,5942183.106124725,7516
1585872000,1.0009,1.0025,1.0005,1.0009,3547645.8264698777,5312
1585958400,1.0009,1.0022,1.0007,1.0017,2116838.2578394315,3097
1586044800,1.002,1.0022,1.0004,1.0012,2658859.8593473593,2967
1586131200,1.0012,1.0025,1.0008,1.0016,6799484.130709879,7851
1586217600,1.0016,1.0026,1.0001,1.0001,5931205.373535973,7525
1586304000,1.0005,1.0017,1.0,1.0014,3807405.66516178,6525
1586390400,1.0014,1.0021,1.0006,1.0013,4399666.831306529,4437
1586476800,1.0013,1.0022,1.0006,1.0014,7150372.147211145,6487
1586563200,1.0014,1.0019,1.0011,1.0017,2718145.6278608222,3052
1586649600,1.0014,1.0034,1.0011,1.0013,5490983.824982247,5376
1586736000,1.0013,1.0026,1.0008,1.0025,6183328.2912034765,4615
1586822400,1.0025,1.0029,1.0005,1.0011,6385151.2495000055,4210
1586908800,1.0015,1.0016,1.0003,1.0005,4053731.038063582,5145
1586995200,1.0005,1.0022,1.0003,1.0016,5428590.921518114,10261
1587081600,1.0016,1.002,1.0,1.0013,4615689.564596845,4459
1587168000,1.001,1.002,1.0008,1.0012,3716704.5048178267,5048
1587254400,1.0012,1.0017,1.0009,1.0015,3365161.504356957,4468
1587340800,1.0015,1.0018,1.0006,1.0013,8166015.822383966,7986
1587427200,1.0012,1.0019,1.0011,1.0015,5384383.236432117,5548
1587513600,1.0016,1.0019,1.0011,1.0014,4584811.415370447,5727
1587600000,1.0012,1.002,1.0006,1.0007,6375498.601356895,7622
1587686400,1.0009,1.0015,0.9999,1.0015,5700021.69046695,7058
1587772800,1.0013,1.0015,1.0001,1.0009,4516868.505159173,5765
1587859200,1.001,1.0013,0.9999,1.0009,3347494.9727581427,4672
1587945600,1.0009,1.0017,1.0007,1.0015,4642459.951461657,5344
1588032000,1.0015,1.0019,1.0008,1.0016,5444346.373789025,5272
1588118400,1.0016,1.003,1.0009,1.0009,9386554.808778513,11251
1588204800,1.001,1.0015,0.9885,1.0005,11563695.673909107,13426
1588291200,1.0003,1.0016,0.9994,1.0004,6473961.774553194,7952
1588377600,1.0004,1.0013,1.0001,1.0012,4372549.032447344,5782
1588464000,1.0009,1.0015,1.0,1.0008,6012640.009289854,6667
1588550400,1.0009,1.0019,1.0003,1.0017,6898733.770590105,8772
1588636800,1.0016,1.0018,1.0006,1.0009,4952028.7906445805,6089
1588723200,1.001,1.0019,1.0007,1.0013,5524108.946053734,6440
1588809600,1.0012,1.0017,1.0002,1.0016,8365141.974305814,9769
1588896000,1.0016,1.0021,1.0009,1.0011,7569121.171608254,9155
1588982400,1.001,1.0012,0.9999,1.0,6353185.470924657,7303
1589068800,0.9999,1.0012,0.9992,1.0003,15421474.127930934,17710
1589155200,1.0003,1.0013,1.0,1.0007,9737042.399126045,11026
1589241600,1.0007,1.0009,1.0,1.0007,8813204.033182554,7289
1589328000,1.0007,1.0016,1.0002,1.0012,10297396.888640145,8206
1589414400,1.0012,1.0012,0.9994,1.0002,9827955.06549718,8029
1589500800,1.0003,1.0006,0.9982,0.9993,5015013.777799063,6114
1589587200,0.9993,1.0,0.9987,0.9997,3269299.1462624324,4425
1589673600,0.9997,1.0006,0.9994,0.9999,2715151.010519153,5491
1589760000,0.9999,1.0001,0.9986,0.9996,4205649.627970089,6142
1589846400,0.9996,1.0005,0.9985,1.0002,5116600.169840258,5804
1589932800,1.0005,1.0005,0.9986,0.9994,6027133.024461022,7339
1590019200,0.9995,0.9996,0.9978,0.9988,6504662.251375457,8914
1590105600,0.999,1.0004,0.9984,1.0,6482835.068406784,7844
1590192000,0.9999,1.0005,0.9997,1.0001,3566102.0949085285,4429
1590278400,1.0001,1.0005,0.999,0.9994,5213446.478073687,6530
1590364800,0.9994,1.0002,0.999,0.9999,5038195.648587782,5984
1590451200,0.9999,1.0002,0.9995,0.9999,4029128.8179267524,5107
1590537600,1.0,1.006,0.9994,1.0,7998314.97806046,6098
1590624000,0.9999,1.0006,0.9994,1.0002,6441394.894471671,7806
1590710400,1.0001,1.0005,0.9992,0.9996,6867193.650307009,8076
1590796800,0.9996,1.0002,0.9993,1.0,7904379.86439329,11625
1590883200,1.0,1.0003,0.9991,0.9994,8652502.162020411,11009
1590969600,0.9994,1.0039,0.9984,1.0012,12079010.940931663,15125
1591056000,1.0012,1.0016,0.9992,0.9998,15229120.216172703,14264
1591142400,0.9998,1.0007,0.9993,0.9999,7660002.554925705,9773
1591228800,0.9999,1.0003,0.9991,0.9999,7553352.577379758,9432
1591315200,0.9999,1.0002,0.9993,0.9995,4760937.699217447,6803
1591401600,0.9995,1.0001,0.9992,0.9998,2915902.236471726,4998
1591488000,0.9999,1.0005,0.9994,1.0005,4465145.3579325015,7020
1591574400,1.0004,1.0007,0.9999,1.0006,5750015.100239664,5663
1591660800,1.0006,1.001,0.9999,1.0006,5479789.128156265,6861
1591747200,1.0006,1.0009,0.9998,1.0005,6041538.241555571,7770
1591833600,1.0005,1.0007,0.9973,0.9986,7208997.6045534955,11069
1591920000,0.9986,0.9998,0.9983,0.9995,4679671.010357907,7395
1592006400,0.9995,1.0,0.9994,0.9998,1474752.925679922,3678
1592092800,0.9999,0.9999,0.999,0.9994,2239281.161276083,4131
1592179200,0.9993,1.0005,0.9981,1.0003,8088112.971728054,12069
1592265600,1.0002,1.0006,0.9993,0.9999,4750404.040542027,5993
1592352000,0.9999,0.9999,0.9986,0.9989,4960288.013988867,7597
1592438400,0.9989,0.9995,0.9987,0.9988,4931239.623441971,6268
1592524800,0.9988,0.9996,0.9977,0.9986,7320881.325032572,6104
1592611200,0.9986,0.9995,0.9986,0.9994,2482991.4790824763,4142
1592697600,0.9994,0.9996,0.9987,0.999,2300334.6572385314,3146
1592784000,0.999,1.0006,0.9986,1.0002,7779864.127745887,6979
1592870400,1.0003,1.0003,0.9992,0.9997,5297847.651049442,6957
1592956800,0.9998,0.9998,0.998,0.9988,4601371.049324292,7573
1593043200,0.9988,0.9995,0.9975,0.9989,6470928.911090167,6780
1593129600,0.9987,0.9992,0.9982,0.9992,3411732.4471993493,4897
1593216000,0.9991,0.9993,0.9982,0.999,4392144.236756455,7707
1593302400,0.9991,0.9995,0.9988,0.9994,2584194.4080471406,5857
1593388800,0.9994,0.9998,0.9983,0.9994,6776153.280002619,7607
1593475200,0.9995,1.0001,0.9991,0.9998,5818317.264586252,5683
1593561600,0.9998,1.0006,0.9992,1.0005,6500539.476823165,7633
1593648000,1.0004,1.00069999,0.9992,1.0001,5562095.05999418,8982
1593734400,1.0001,1.0002,0.9991,1.0,4904662.402516268,7188
1593820800,1.0,1.0004,0.9998,1.0003,1709324.7270068673,4236
1593907200,1.0003,1.0004,0.9998,1.0004,2162389.5656803437,4627
1593993600,1.0004,1.0004,0.9997,1.0002,5298130.161423201,8378
1594080000,1.0002,1.0005,0.9998,1.0001,4159991.7235850655,7699
1594166400,1.0001,1.00069999,0.9993,1.0003,8026194.846168921,11150
1594252800,1.0003,1.0006,0.9994,0.9997,6073180.5550801065,10273
1594339200,0.9998,1.0002,0.9988,0.9999,7470189.388421702,10314
1594425600,0.9998,1.0,0.9996,0.9997,1950367.360997152,5862
1594512000,0.9997,1.0004,0.9997,1.0001,3017248.3670687885,7789
1594598400,1.0001,1.0002,0.9991,0.9992,6677911.31472007,12240
1594684800,0.9994,1.0,0.9991,0.9998,4927021.881661904,9786
1594771200,0.9998,0.9999,0.9986,0.9989,5615043.285584424,10124
1594857600,0.9989,0.9996,0.9984,0.9995,6412740.447703686,13173
1594944000,0.9996,0.9998,0.9981,0.9998,5505055.182455004,8286
1595030400,0.9998,1.0005,0.9995,1.0003,2902630.510840818,7257
1595116800,1.0003,1.00069999,0.9998,1.0005,1936302.0071421547,5662
1595203200,1.0005,1.00069999,0.9998,1.0,5766746.6333871605,9068
1595289600,1.0,1.00099999,0.9994,1.0005,7657419.37502963,10445
1595376000,1.0005,1.002,1.0003,1.0013,6839558.555009659,9043
1595462400,1.0013,1.0021,1.0006,1.001,10038741.86384827,11370
1595548800,1.001,1.0016,1.0003,1.0013,7009075.095679675,8774
1595635200,1.0012,1.0016,1.0007,1.0012,3780186.648131218,8603
1595721600,1.0012,1.0044,1.0003,1.0008,5870404.333720257,13043
1595808000,1.0008,1.0025,1.0002,1.0019,12805668.013356958,17840
1595894400,1.002,1.002,1.0,1.0018,11683527.386301022,17333
1595980800,1.0018,1.0019,1.0003,1.00089999,9728012.818208782,12252
1596067200,1.00079999,1.0016,1.0002,1.0012,9002807.99148163,9888
1596153600,1.0012,1.002,1.0005,1.0015,6617838.721964368,8132
1596240000,1.0014,1.0025,1.0005,1.0014,7690363.99867706,15016
1596326400,1.0015,1.002,1.0,1.0003,13068704.855083155,20847
1596412800,1.0003,1.0014,1.0,1.0007,7753561.645467822,13076
1596499200,1.0007,1.0009,1.0,1.0006,8253330.413622925,11070
1596585600,1.0006,1.0018,0.9999,1.0012,7790753.135068468,10851
1596672000,1.0011,1.0014,1.0003,1.0009,6630046.626925726,11280
1596758400,1.0008,1.0014,1.0,1.0009,8608011.024557933,12600
1596844800,1.0009,1.0015,1.0003,1.0007,5644620.7381275585,11687
1596931200,1.0007,1.0013,1.0004,1.0005,6150855.742469003,12360
1597017600,1.0006,1.0025,1.0002,1.0008,13335694.012546247,18303
1597104000,1.0008,1.0013,0.9997,0.9999,12625013.492233034,18044
1597190400,0.9998,1.001,0.9997,1.0003,10184112.544203859,15953
1597276800,1.0001,1.0016,0.9999,1.0011,13858166.939525265,20394
1597363200,1.0012,1.0022,1.0006,1.0013,12307589.056886856,15071
1597449600,1.0014,1.0014,1.0001,1.0004,8321087.3127994165,14423
1597536000,1.0004,1.001,1.0,1.0004,8854329.523795616,14013
1597622400,1.0003,1.0029,1.0,1.0011,15743302.381489147,22142
1597708800,1.0011,1.0015,1.0,1.00099999,15523412.425569091,20948
1597795200,1.00089999,1.001,0.9998,1.0002,14499562.24702293,17419
1597881600,1.0002,1.0015,0.9999,1.0009,13156338.76846661,14899
1597968000,1.0008,1.0013,0.9998,1.0,18772097.44427951,23974
1598054400,1.0,1.0007,0.9994,1.0002,11396146.84829858,16401
1598140800,1.0003,1.0008,0.9998,1.0004,6548597.658619467,9938
1598227200,1.0004,1.00079999,0.9998,1.0004,11797814.712841226,13989
1598313600,1.0004,1.0007,0.9996,1.0003,16468205.471676536,18908
1598400000,1.0003,1.001,0.9999,1.0003,14333768.80255537,15378
1598486400,1.0003,1.0016,0.9998,1.0004,17548130.13582309,17872
1598572800,1.0004,1.0012,1.0,1.0006,12813210.577267328,13056
1598659200,1.0006,1.0012,1.0,1.0003,7578727.19351617,8322
1598745600,1.0004,1.0007,0.9997,1.0001,6992666.387306773,9148
1598832000,1.0001,1.002,0.9997,1.0002,17926755.763459954,12918
1598918400,1.0002,1.0018,1.0002,1.0004,17858858.214145772,15779
1599004800,1.0005,1.0018,1.0,1.00099999,24316294.780159783,19944
1599091200,1.00089999,1.0023,1.0001,1.0015,24911788.22023048,22764
1599177600,1.0015,1.0017,1.0004,1.0008,17854163.817357462,20839
1599264000,1.0008,1.0008,1.0,1.0002,15667362.616571954,21570
1599350400,1.0002,1.0007,0.9997,0.9998,8280451.008441199,12781
1599436800,0.9998,1.0005,0.9996,1.0,12310835.453519857,14614
1599523200,1.0,1.0007,0.9998,1.0001,17211530.098443214,13272
1599609600,1.0001,1.001,0.9999,1.0001,14449694.224140238,12312
1599696000,1.0001,1.0009,1.0,1.0003,19936143.65101913,13105
1599782400,1.0003,1.0006,1.0,1.0005,13641324.607376829,9542
1599868800,1.0005,1.0005,0.9999,1.0002,6097535.371565407,4828
1599955200,1.0002,1.0007,0.9999,1.0,9801849.928236358,8225
1600041600,1.0,1.0012,0.9999,1.0003,14176740.831680937,11204
1600128000,1.0004,1.0011,1.0,1.0002,17320320.663010806,12145
1600214400,1.0002,1.0009,0.9998,1.0004,18629208.916931268,12258
1600300800,1.0004,1.0009,0.9998,1.0001,11231473.296638155,11239
1600387200,1.0001,1.0007,0.9998,1.0001,20749812.42051197,13985
1600473600,1.0001,1.0006,0.9999,1.0,6289044.716719886,7911
1600560000,1.0,1.0005,0.9997,1.0,6306989.350347523,7077
1600646400,1.0,1.0005,0.9991,0.9999,21955614.54114305,13674
1600732800,1.0,1.0008,0.9995,1.0,15812666.789446238,9814
1600819200,1.0001,1.0009,0.9993,0.9995,18035614.397834674,13329
1600905600,0.9995,1.0007,0.9992,1.0002,13782196.448517548,11532
1600992000,1.0002,1.0124,0.9996,1.0005,12725902.70692601,11603
1601078400,1.0005,1.0008,1.0002,1.0004,3978412.273907569,5406
1601164800,1.0003,1.0007,1.0001,1.0002,4767184.068850447,5033
1601251200,1.0003,1.0009,0.9996,0.9997,12087844.617490131,10193
1601337600,0.9997,1.0005,0.9992,1.0,13569281.110177262,13458
1601424000,1.0,1.0006,0.9994,1.0,12784227.480495017,10096
1601510400,0.9999,1.0009,0.9995,0.9999,15250893.13475917,12996
1601596800,0.9999,1.0008,0.9997,1.0003,14202682.195122099,12712
1601683200,1.0001,1.0009,1.0001,1.0004,3154382.55928218,3865
1601769600,1.0005,1.0008,1.0001,1.0004,3100895.685125887,4387
1601856000,1.0003,1.002,0.9994,1.0004,21556830.642506354,8469
1601942400,1.0003,1.0005,0.9995,0.9998,15224496.593220739,9436
1602028800,0.9998,1.0012,0.9992,0.9999,18316670.29837043,11156
1602115200,0.9999,1.001,0.9995,1.0006,13082354.369025076,10876
1602201600,1.0006,1.0016,1.0002,1.0007,15356319.814044908,13202
1602288000,1.0007,1.0012,1.0004,1.0007,4566138.4187497245,6908
1602374400,1.0007,1.0009,0.9999,1.0002,4830820.995942062,4876
1602460800,1.0002,1.0009,0.9999,1.0006,10859784.29749189,10904
1602547200,1.0006,1.0015,1.0,1.0007,14849415.546915451,9897
1602633600,1.0007,1.0011,1.0003,1.0008,14922114.319796637,10517
1602720000,1.0008,1.0009,1.0,1.0008,15637963.471267924,10063
1602806400,1.0007,1.0016,1.0003,1.0008,15800839.689828886,11526
1602892800,1.0008,1.0009,1.0004,1.0004,3568773.581093965,2993
1602979200,1.0005,1.0008,1.0004,1.0005,2697401.8597900043,3522
1603065600,1.0004,1.001,0.9999,1.0006,19458617.28528293,10202
1603152000,1.0007,1.0012,1.0003,1.001,13278371.298759988,9508
1603238400,1.001,1.0025,1.0005,1.0018,20282913.329365134,18087
1603324800,1.0019,1.002,1.0005,1.0009,17380233.474318504,16371
1603411200,1.001,1.0014,1.0003,1.001,13885611.777280694,12699
1603497600,1.001,1.0014,1.0006,1.0009,4822057.3492892645,4681
1603584000,1.0009,1.0015,1.0005,1.0007,5504107.4946943205,6876
1603670400,1.0007,1.0014,1.0004,1.0012,11829730.097909048,13502
1603756800,1.0013,1.0013,1.0001,1.0007,17070992.75722383,14180
1603843200,1.0006,1.0009,1.0,1.0006,14439232.124819256,15026
1603929600,1.0007,1.0011,1.0,1.0005,14182352.324256089,13836
1604016000,1.0004,1.0012,1.0,1.0007,17741348.851783108,12998
1604102400,1.0007,1.001,1.0002,1.0009,6740012.4551113425,5255
1604188800,1.0009,1.001,1.0004,1.0008,3771208.960148381,4552
1604275200,1.0008,1.001,1.0002,1.0009,17134335.066493094,11467
1604361600,1.0008,1.001,0.9992,1.0005,17210966.65569219,13104
1604448000,1.0005,1.0015,1.0,1.0015,18942482.31558978,11722
1604534400,1.0014,1.0019,1.0005,1.0013,33495942.54516759,21094
1604620800,1.0013,1.0017,1.0004,1.0014,24574491.1742699,18261
1604707200,1.0014,1.0016,0.9997,1.0012,16487700.790811524,16926
1604793600,1.0012,1.0016,0.9999,1.0004,12845580.533664683,12964
1604880000,1.0004,1.0013,1.0,1.0005,17302881.621681474,14781
1604966400,1.0005,1.0015,1.0003,1.0014,20632755.780305047,16958
1605052800,1.0015,1.0016,1.0007,1.0011,20847417.17823764,16742
1605139200,1.0011,1.0018,1.0005,1.0008,29595290.029826894,21373
1605225600,1.0008,1.0014,1.0004,1.001,26679884.852605235,17299
1605312000,1.001,1.0011,1.0004,1.0009,10282629.18503971,11382
1605398400,1.0009,1.0011,1.0,1.0008,9027607.461225867,10651
1605484800,1.0007,1.001,1.0,1.0007,23437280.48072137,17968
1605571200,1.0007,1.0014,0.9999,1.0011,27727671.52014623,24112
1605657600,1.0012,1.12,1.0,1.001,32448161.86935063,22721
1605744000,1.001,1.0013,1.0001,1.0011,21694205.66648433,17910
1605830400,1.0011,1.0013,1.0,1.001,27756452.373731982,25516
1605916800,1.0009,1.0013,1.0004,1.0006,16891276.012350515,25895
1606003200,1.0006,1.002,0.9999,1.001,20077896.27157382,28171
1606089600,1.0011,1.0012,1.0002,1.0007,39188282.34425947,36352
1606176000,1.0007,1.009,1.0,1.0007,48400760.447130814,58440
1606262400,1.0007,1.05,0.9998,1.0001,40943967.509318784,37832
1606348800,1.0001,1.0042,0.9981,1.0008,43350613.784323044,58048
1606435200,1.0008,1.0013,0.9992,1.0004,29569299.55351944,27470
1606521600,1.0004,1.0018,1.0003,1.0007,18365468.37995283,18073
1606608000,1.0007,1.0013,1.0003,1.0009,13199316.295820065,15264
1606694400,1.0009,1.0012,0.9988,1.0005,45302700.609779686,34030
1606780800,1.0007,1.0022,0.9995,1.0008,48142370.628347024,37365
1606867200,1.0009,1.0009,0.9997,1.0007,46748843.386300445,26514
1606953600,1.0006,1.0012,1.0001,1.0007,55082993.71100187,24811
1607040000,1.0007,1.0012,0.9999,1.0002,47002643.37076371,32952
1607126400,1.0002,1.0012,1.0001,1.0004,14415390.779957501,14605
1607212800,1.0004,1.0009,1.0002,1.0006,9451363.60818177,13856
1607299200,1.0006,1.0011,0.9996,1.0003,38613436.117449954,20565
1607385600,1.0004,1.0004,0.998,0.9993,49839739.13041203,23392
1607472000,0.9992,1.002,0.9989,1.0003,64926424.68766247,32774
1607558400,1.0002,1.0004,0.999,1.0001,47624837.76513318,27697
1607644800,1.0,1.0005,0.999,1.0,54838071.930969186,34758
1607731200,1.0,1.0009,0.9997,1.0004,12532791.49181092,13697
1607817600,1.0005,1.0009,0.9993,0.9993,16720255.987717489,14636
1607904000,0.9993,1.0,0.9991,0.9997,29361017.166960847,12976
1607990400,0.9997,1.0007,0.9995,1.0003,35544158.96258931,21217
1608076800,1.0004,1.003,0.9998,1.001,64590142.32104318,40059
1608163200,1.001,1.0012,0.9986,1.0004,116121744.38656676,67139
1608249600,1.0003,1.0012,0.9989,1.001,46595691.25208181,31760
1608336000,1.001,1.0018,1.0004,1.001,26196658.650459148,22545
1608422400,1.0011,1.0015,1.0,1.0007,32291960.871360973,29934
1608508800,1.0007,1.0075,0.9987,1.0,75629345.32840143,47424
1608595200,1.0001,1.0007,0.999,1.0001,56582707.69519405,44543
1608681600,1.0001,1.0007,0.9982,0.9999,51541546.29002288,55712
1608768000,0.9999,1.0016,0.999,0.9998,40575297.55972037,37953
1608854400,0.9998,1.0004,0.999,0.9998,24941891.657972172,32903
1608940800,0.9998,1.0004,0.9987,0.9992,25848906.669447962,28744
1609027200,0.9993,0.9997,0.9969,0.9987,36957178.0213487,43212
1609113600,0.9988,1.0,0.9976,0.9982,48506822.10432806,52486
1609200000,0.9982,0.9999,0.9916,0.9991,58715740.151728585,58712
1609286400,0.9991,1.0007,0.9982,1.0005,56507446.23179072,46481
1609372800,1.0005,1.0013,0.9989,1.001,68153893.1773467,35875
1609459200,1.0011,1.0067,0.9997,1.0024,103011391.30108695,38529
1609545600,1.0024,1.0028,0.9975,1.0009,79863942.70945153,55890
1609632000,1.0009,1.0039,0.9997,1.0013,73363044.83392115,81141
1609718400,1.0013,1.0066,0.9985,1.0007,103405764.516377,106069
1609804800,1.0007,1.004,1.0,1.0028,66599773.06764167,55419
1609891200,1.0029,1.004,1.0,1.0022,125649935.14128104,67264
1609977600,1.0022,1.004,1.0,1.0012,99445574.52240545,85097
1610064000,1.0012,1.008,0.9996,1.0011,99164907.0794888,63454
1610150400,1.0011,1.0042,0.999,1.0038,81140223.75730969,40279
1610236800,1.0038,1.0038,0.998,1.0,92092756.34998937,73552
1610323200,1.0,1.002,0.995,1.0008,106042294.58535859,87289
1610409600,1.0008,1.0019,0.996,0.9998,91710377.41565405,76099
1610496000,0.9997,1.0006,0.9961,1.0003,66359867.96635829,51767
1610582400,1.0004,1.001,0.9983,0.9989,57064607.74709558,44099
1610668800,0.9988,1.0005,0.9978,1.0,60131926.36032701,43657
1610755200,1.0001,1.0015,0.9994,0.9998,42340136.27236967,42953
1610841600,0.9998,1.0022,0.995,0.9997,44622874.32602177,33841
1610928000,0.9997,1.0009,0.9992,1.0001,44019308.04056878,35392
1611014400,1.0001,1.0035,0.9994,1.0005,77704151.15768741,47789
1611100800,1.0006,1.0042,0.9992,1.0007,68609362.64026466,53763
1611187200,1.0007,1.0007,0.9967,0.9991,80133706.46705872,58257
1611273600,0.9993,1.0021,0.9954,1.0007,89467924.10140897,59580
1611360000,1.0008,1.0015,1.0004,1.0008,28725872.395300545,22141
1611446400,1.0008,1.0014,1.0001,1.001,27440228.48135346,19979
1611532800,1.0011,1.0046,0.9993,1.0001,64696875.53310381,39948
1611619200,1.0001,1.0017,0.9991,1.0012,75175709.98439498,43869
1611705600,1.0011,1.0023,0.999,1.0018,78902549.27169777,46902
1611792000,1.0018,1.0057,1.0002,1.0027,98249601.42744434,42110
1611878400,1.0027,1.005,0.9997,1.0004,108773655.54359137,59621
1611964800,1.0004,1.003,0.9996,1.001,40251500.024199985,35652
1612051200,1.0011,1.0012,1.0002,1.0008,37032642.56887778,30215
1612137600,1.0008,1.0015,0.9983,1.0003,87672610.9439049,54117
1612224000,1.0003,1.0012,0.9998,1.0008,61851639.2221162,45427
1612310400,1.0009,1.0019,1.0001,1.0014,78076563.61510287,63914
1612396800,1.0014,1.005,1.0003,1.0011,71381213.78481148,53445
1612483200,1.0012,1.0018,1.0,1.0008,73696928.12310073,42818
1612569600,1.0008,1.0024,1.0003,1.0015,45143913.52634765,43282
1612656000,1.0015,1.0022,1.0004,1.0017,58532485.20390588,52241
1612742400,1.0018,1.0041,1.0003,1.0012,112996627.00078587,79675
1612828800,1.0013,1.0024,1.0,1.0015,77026903.59487769,56810
1612915200,1.0014,1.0034,1.0001,1.0008,87140959.64535919,68335
1613001600,1.0008,1.003,1.0001,1.0004,95848057.64202143,69114
1613088000,1.0003,1.0025,1.0,1.0022,93973665.8442435,67350
1613174400,1.0022,1.0023,1.0003,1.0013,51012173.61475262,69255
1613260800,1.0013,1.0019,1.0,1.0012,62444476.858542964,47845
1613347200,1.0012,1.003,1.0,1.0003,102216065.11158219,82726
1613433600,1.0003,1.0015,0.9993,1.0002,74156836.05466385,51619
1613520000,1.0002,1.0011,0.9996,1.0009,76462312.63319257,38026
1613606400,1.0008,1.0009,0.9992,1.0002,87257559.01250377,50035
1613692800,1.0002,1.0009,0.9989,1.0007,75980752.15486664,56241
1613779200,1.0006,1.0018,0.9996,1.0008,81256576.62188104,68902
1613865600,1.0008,1.0012,0.9999,1.0012,39465831.6233248,35404
1613952000,1.0011,1.0022,0.9982,1.0007,127045620.44662575,89947
1614038400,1.0008,1.003,0.998,1.0003,177513042.39829162,107401
1614124800,1.0003,1.003,0.9998,1.001,152573541.60108927,92322
1614211200,1.0009,1.0019,0.9997,1.0,110774737.69296224,53721
1614297600,1.0001,1.001,0.9992,1.0001,144769723.6694131,62210
1614384000,1.0001,1.0013,0.9991,1.001,56010986.06009392,31150
1614470400,1.001,1.0024,1.0,1.0016,52524959.64075476,31884
1614556800,1.0016,1.0024,1.0,1.0007,98239540.7434067,42394
1614643200,1.0007,1.0018,1.0001,1.001,133906105.40923253,65035
1614729600,1.001,1.0011,1.0,1.0004,71181703.56301391,30805
1614816000,1.0004,1.0009,0.999,0.9998,99110668.93407017,60487
1614902400,0.9998,1.0008,0.9987,1.0004,87540540.96138258,52397
1614988800,1.0004,1.0006,0.9991,1.0005,60534518.12987921,27462
1615075200,1.0005,1.0008,0.9998,1.0003,55722375.28732469,29689
1615161600,1.0003,1.0008,0.9993,1.0005,98039980.10844077,49820
1615248000,1.0003,1.0008,0.9999,1.0006,100391603.16206491,67848
1615334400,1.0005,1.0008,0.9998,1.0002,112897825.17442393,60053
1615420800,1.0002,1.0005,0.9994,1.0003,113713622.64829041,60807
1615507200,1.0003,1.0004,0.9995,1.0,85878142.9960972,47360
1615593600,1.0,1.0002,0.998,0.9996,110066611.66995671,60939
1615680000,0.9997,1.0004,0.9993,1.0,61730498.56469549,40987
1615766400,1.0001,1.0009,0.9975,1.0001,145453892.33723482,88933
1615852800,1.0001,1.0004,0.999,1.0002,139031389.28445283,78971
1615939200,1.0002,1.0011,0.9999,1.0,150660866.55185807,104615
1616025600,1.0,1.0002,0.9965,0.9999,115529409.14085172,57318
1616112000,0.9999,1.0003,0.9995,1.0001,86989039.55213848,42917
1616198400,1.0001,1.0005,0.9999,1.0,66242685.40889069,33824
1616284800,1.0001,1.0009,0.9999,1.0004,55254858.21611995,30221
1616371200,1.0004,1.0008,0.9997,1.0004,152456240.42929897,96334
1616457600,1.0004,1.0008,0.9995,1.0,178270726.42341077,97359
1616544000,1.0,1.0003,0.999,0.9999,113708416.59609221,74940
1616630400,0.9999,1.0006,0.9993,1.0002,110636752.3844499,66063
1616716800,1.0002,1.0012,1.0,1.0006,90231085.7838238,64791
1616803200,1.0005,1.0008,0.9999,1.0002,74092999.28672753,38341
1616889600,1.0002,1.0003,0.9994,0.9997,70263903.42313412,33610
1616976000,0.9998,1.0004,0.9993,0.9998,116245770.51058808,58239
1617062400,0.9999,1.002,0.9993,1.0003,108345847.13312262,59003
1617148800,1.0003,1.0007,0.9995,1.0004,128013803.98068555,82696
1617235200,1.0003,1.0006,0.9992,0.9997,144617081.10046995,68844
1617321600,0.9997,1.0003,0.9989,1.0001,77173511.55593528,39034
1617408000,1.0002,1.0004,0.9997,1.0004,45726983.84914193,25439
1617494400,1.0004,1.0005,1.0,1.0003,32957194.013759915,19571
1617580800,1.0001,1.0005,0.9996,1.0,95268445.16305526,54474
1617667200,1.0,1.004,0.9992,1.0002,108137295.33460794,66962
1617753600,1.0002,1.0007,0.9993,0.9998,157655994.52734852,94695
1617840000,0.9998,1.0003,0.9994,0.9998,142322267.77856976,87257
1617926400,0.9999,1.0017,0.9996,0.9996,114250558.8199267,57344
1618012800,0.9996,1.0001,0.9987,0.9995,82661292.24086054,49194
1618099200,0.9995,0.9996,0.9989,0.9993,40435024.643181205,28032
1618185600,0.9992,1.0001,0.9989,0.9996,170952797.73380005,100016
1618272000,0.9996,1.0009,0.9993,1.0001,155278891.49374235,83775
1618358400,1.0002,1.0012,0.9994,1.0001,199751914.60521093,94284
1618444800,1.0001,1.0016,0.9999,1.001,139346369.09396136,66810
1618531200,1.001,1.0027,1.0002,1.0013,315290468.62442905,146529
1618617600,1.0013,1.0014,1.0003,1.001,126447615.90626933,65576
1618704000,1.0009,1.01,1.0005,1.0019,276245193.2189579,95196
1618790400,1.0019,1.0028,1.0007,1.001,275902784.02814263,121402
1618876800,1.001,1.0023,1.0006,1.0011,235296076.87461847,100199
1618963200,1.001,1.0013,1.0,1.0003,149778460.86461928,83876
1619049600,1.0004,1.0008,0.9995,1.0002,209135847.08334315,91103
1619136000,1.0003,1.0019,0.9995,1.001,296919934.54460084,154566
1619222400,1.001,1.0014,1.0007,1.0013,73672074.45205799,30992
1619308800,1.0013,1.0013,1.0002,1.0011,61826153.0016922,24687
1619395200,1.0011,1.0017,1.0005,1.0007,169522408.7716815,89353
1619481600,1.0007,1.0017,1.0007,1.0011,132668008.94493583,71550
1619568000,1.0011,1.0025,1.0005,1.0009,130646412.14622279,57404
1619654400,1.0009,1.0012,1.0001,1.0005,119514903.7566485,60664
1619740800,1.0005,1.0012,1.0004,1.0011,94630177.69181538,42678
1619827200,1.0011,1.0013,1.0004,1.001,82678112.1572189,25609
1619913600,1.001,1.0011,1.0,1.0007,37177747.98934223,21853
1620000000,1.0007,1.001,1.0001,1.0009,117185463.53774144,60910
1620086400,1.0009,1.0012,1.0,1.0005,234783601.03540432,79944
1620172800,1.0005,1.0018,0.9997,1.001,279619081.65620244,100415
1620259200,1.0011,1.0017,1.0005,1.0006,236470556.2862927,88221
1620345600,1.0006,1.0015,1.0002,1.0009,184332767.7904936,78509
1620432000,1.0009,1.006,1.0008,1.0014,140360156.12794265,39385
1620518400,1.0015,1.0023,0.9994,1.001,169000009.09715134,48992
1620604800,1.001,1.0059,1.0002,1.001,277830498.36932313,112689
1620691200,1.001,1.0051,1.0005,1.0013,203802798.79523703,75319
1620777600,1.0014,1.0071,0.9997,0.9997,237886105.44542342,83728
1620864000,0.9999,1.0024,0.9997,1.0002,264017569.26827854,93430
1620950400,1.0002,1.002,1.0001,1.0009,277189303.3962744,107325
1621036800,1.001,1.0013,1.0004,1.0004,107758485.69024172,37371
1621123200,1.0004,1.0009,0.9997,1.0006,132025425.035917,42404
1621209600,1.0006,1.0013,0.9997,1.0005,270920038.78668433,104614
1621296000,1.0006,1.0015,1.0001,1.0006,200782458.25924417,81071
1621382400,1.0007,1.0056,0.9987,1.0021,449377179.7609398,125132
1621468800,1.002,1.0028,1.001,1.002,394032177.55679375,133826
1621555200,1.002,1.003,1.0006,1.0016,293175198.85255307,111181
1621641600,1.0016,1.0018,1.0005,1.0008,103544817.8178564,43924
1621728000,1.0009,1.002,1.0002,1.0015,247223298.58443758,78127
1621814400,1.0015,1.002,1.0009,1.0013,193109292.56836036,55160
1621900800,1.0013,1.0021,1.0008,1.0011,234878714.71815732,106307
1621987200,1.0011,1.0018,1.0009,1.0015,208265048.22124878,87407
1622073600,1.0015,1.0018,1.0007,1.001,157929362.27936372,79042
1622160000,1.001,1.0014,1.0001,1.0004,257505674.4799663,108151
1622246400,1.0005,1.0009,1.0001,1.0007,122078249.97140291,61853
1622332800,1.0007,1.0009,1.0003,1.0006,123881208.38003248,57580
1622419200,1.0005,1.0011,1.0001,1.0003,187915995.0127865,90504
1622505600,1.0003,1.0005,0.9997,0.9998,179691917.0952303,91478
1622592000,0.9998,1.0005,0.9996,1.0,188769851.47268537,77107
1622678400,1.0,1.0007,0.9998,1.0002,148266815.44365788,67153
1622764800,1.0002,1.001,1.0,1.0005,149960041.58588943,79485
1622851200,1.0005,1.0008,0.9999,1.0004,91519852.93357684,40021
1622937600,1.0004,1.0006,1.0002,1.0003,49984541.292385615,23562
1623024000,1.0003,1.0008,0.9999,1.0003,159934495.8304064,64040
1623110400,1.0003,1.0011,1.0001,1.0008,174101454.25397298,100805
1623196800,1.0007,1.0011,1.0003,1.0005,190970230.2419304,75152
1623283200,1.0005,1.0011,1.0002,1.0004,125386034.02660623,63754
1623369600,1.0003,1.0008,0.9999,1.0,113753048.91753812,46281
1623456000,1.0,1.0004,1.0,1.0002,72521976.25057793,39628
1623542400,1.0002,1.0005,1.0,1.0001,89530388.48566996,44619
1623628800,1.0001,1.0006,1.0,1.0004,157257493.96132767,58971
1623715200,1.0003,1.0005,0.9997,1.0001,116381199.49668866,40749
1623801600,1.0001,1.0004,0.9997,0.9998,120428788.73005985,36416
1623888000,0.9998,1.0001,0.9997,1.0,92834684.45124027,36544
1623974400,1.0001,1.0006,0.9999,1.0005,136548178.52708423,45783
1624060800,1.0004,1.0006,1.0001,1.0001,64822595.80277176,18450
1624147200,1.0002,1.0004,0.9997,0.9999,84908472.05316137,34060
1624233600,0.9998,1.0006,0.9996,0.9998,211559014.65555975,99027
1624320000,0.9998,1.0009,0.9997,1.0004,274429924.1646769,113183
1624406400,1.0004,1.001,1.0,1.0002,164402421.73464617,87651
1624492800,1.0002,1.0005,0.9998,0.9999,159847026.89837116,54324
1624579200,0.9999,1.0001,0.9987,1.0,289771754.9239025,90897
1624665600,1.0,1.0005,0.9997,1.0,152915905.9706703,46935
1624752000,0.9999,1.0004,0.9999,1.0002,89407840.78341992,35837
1624838400,1.0002,1.0005,0.9999,1.0002,101113723.00708689,48231
1624924800,1.0002,1.0006,1.0,1.0001,130770558.70431924,51595
1625011200,1.0,1.0005,0.9999,1.0002,207817408.4086123,72179
1625097600,1.0002,1.0003,0.9998,1.0002,97170997.80960505,60947
1625184000,1.0001,1.0003,0.9997,1.0001,89650570.57490315,41373
1625270400,1.0001,1.0003,1.0,1.0002,29190196.371388048,18216
1625356800,1.0002,1.0003,0.9998,1.0001,40597135.89196104,29881
1625443200,1.0001,1.0004,0.9999,1.0003,99135995.62320216,47980
1625529600,1.0002,1.002,0.9999,1.0,132334238.32149076,62666
1625616000,1.0,1.0009,0.9996,1.0003,108050236.48361246,39370
1625702400,1.0003,1.0005,0.998,1.0,254221841.40152806,81034
1625788800,1.0,1.0002,0.9995,0.9999,214721381.6173313,92133
1625875200,0.9999,1.0,0.9997,1.0,48063648.636710376,35647
1625961600,0.9999,1.0001,0.9997,0.9999,22332703.664794657,22322
1626048000,1.0,1.0001,0.9997,1.0,85272078.33226267,37962
1626134400,1.0,1.0002,0.9997,1.0,87928920.14995833,36043
1626220800,1.0,1.0004,0.9999,1.0,116117248.94891183,62803
1626307200,1.0001,1.0003,0.9996,0.9999,134337427.61465973,56777
1626393600,0.9999,1.0004,0.9999,1.0003,97271808.13652277,46104
1626480000,1.0003,1.0005,1.0001,1.0002,56356533.062706694,14735
1626566400,1.0002,1.0004,1.0001,1.0002,43232374.12703989,8853
1626652800,1.0001,1.0002,0.9996,1.0,184845264.1779836,30771
1626739200,1.0,1.0003,0.9998,1.0001,179270997.59523684,52520
1626825600,1.0002,1.0003,0.9999,1.0,126363293.12501167,45840
1626912000,1.0,1.0003,0.9999,1.0001,119750253.1492462,36963
1626998400,1.0001,1.0004,1.0,1.0003,80773853.80092391,10738
1627084800,1.0002,1.0009,1.0002,1.0005,42721764.09090402,7604
1627171200,1.0006,1.0009,1.0004,1.0007,23001371.695090044,6902
1627257600,1.0007,1.0008,0.9995,1.0003,191528018.91955543,66473
1627344000,1.0002,1.0006,1.0,1.0003,122066141.71244143,43156
1627430400,1.0003,1.0006,1.0001,1.0003,118424737.7751709,44214
1627516800,1.0002,1.0004,1.0001,1.0002,64573442.17181487,32799
1627603200,1.0003,1.0007,1.0002,1.0005,81028054.45524934,44045
1627689600,1.0006,1.0008,1.0002,1.0007,55163098.46758938,30846
1627776000,1.0008,1.0008,1.0002,1.0003,75037161.06528527,36697
1627862400,1.0003,1.0004,0.9999,1.0002,159426429.68435264,43539
1627948800,1.0002,1.0003,0.9998,1.0,106858383.34307492,42259
1628035200,0.9999,1.0001,0.9997,1.0,128931800.97454678,46328
1628121600,0.9999,1.0007,0.9996,1.0004,186155258.05390203,49869
1628208000,1.0005,1.0006,1.0001,1.0004,115026850.46773064,44956
1628294400,1.0005,1.001,1.0003,1.0008,102274418.91746591,44619
1628380800,1.0008,1.001,1.0004,1.0006,147182782.07567552,40111
1628467200,1.0006,1.0008,0.9999,1.0002,256319165.68862173,74783
1628553600,1.0002,1.0007,1.0,1.0003,155991552.16021785,48841
1628640000,1.0003,1.0007,1.0001,1.0005,186361094.6592285,51620
1628726400,1.0005,1.0007,1.0001,1.0004,145331284.54640934,69908
1628812800,1.0004,1.0008,1.0001,1.0004,140175971.4343857,63551
1628899200,1.0004,1.0009,1.0002,1.0007,102408970.35039873,48902
1628985600,1.0007,1.0009,1.0005,1.0008,79353119.79703768,47215
1629072000,1.0007,1.0008,1.0001,1.0003,139518928.46852174,51385
1629158400,1.0003,1.0004,0.9998,1.0,154926622.26038036,63929
1629244800,1.0,1.0005,0.9998,1.0003,167949440.75125906,91685
1629331200,1.0003,1.0003,0.9998,1.0,126532122.62094994,66134
1629417600,1.0001,1.0006,0.9999,1.0005,165032380.54032314,59217
1629504000,1.0005,1.001,1.0003,1.0007,93402949.79772642,26190
1629590400,1.0007,1.0009,1.0004,1.0007,90353364.29730926,31067
1629676800,1.0008,1.0009,1.0001,1.0003,186849157.93141055,54054
1629763200,1.0003,1.0005,0.9999,1.0002,181420250.1631264,53024
1629849600,1.0002,1.0004,0.9999,1.0002,166276327.4312765,60183
1629936000,1.0002,1.0004,1.0,1.0003,136110241.76029032,67210
1630022400,1.0003,1.0008,1.0,1.0007,133635511.04594423,53297
1630108800,1.0006,1.0007,1.0004,1.0007,34746487.888907366,16132
1630195200,1.0006,1.0008,1.0005,1.0007,44614960.90301467,28457
1630281600,1.0007,1.0008,1.0003,1.0003,140994456.8008037,45709
1630368000,1.0003,1.0005,1.0001,1.0003,180031660.97115704,64162
1630454400,1.0003,1.0007,1.0001,1.0005,153514603.16823974,49459
1630540800,1.0004,1.0007,1.0002,1.0004,97202851.04475604,28404
1630627200,1.0004,1.0007,1.0,1.0003,118859137.20792283,51219
1630713600,1.0004,1.0006,1.0002,1.0006,41925401.67144038,22300
1630800000,1.0005,1.0007,1.0004,1.0006,70763161.49456732,41471
1630886400,1.0005,1.0007,1.0001,1.0005,134083490.76164441,48848
1630972800,1.0004,1.0018,0.9999,1.0004,267982310.84772637,88889
1631059200,1.0004,1.0006,0.9999,1.0002,197189317.4789121,92179
1631145600,1.0002,1.0005,0.9998,1.0002,188370059.67061672,75390
1631232000,1.0002,1.0002,0.9998,1.0,183707712.00400767,64385
1631318400,1.0,1.0002,0.9999,1.0002,88429388.94041704,53745
1631404800,1.0001,1.0003,1.0,1.0001,55027652.72903773,45280
1631491200,1.0001,1.0005,0.9999,1.0004,149388248.49358147,76161
1631577600,1.0004,1.0004,1.0001,1.0003,115827144.04759906,59834
1631664000,1.0002,1.0006,1.0001,1.0004,137976933.26417977,40837
1631750400,1.0004,1.0005,0.9999,1.0002,119563710.32667886,34937
1631836800,1.0002,1.0004,0.9999,1.0001,84535522.98568165,22513
1631923200,1.0001,1.0003,0.9999,1.0001,29067561.5000442,10205
1632009600,1.0002,1.0003,1.0001,1.0001,23162305.908205193,8818
1632096000,1.0001,1.0003,0.9996,0.9997,206841984.97730222,58448
1632182400,0.9997,1.0001,0.9995,0.9998,195533718.80667186,61382
1632268800,0.9998,1.0006,0.9998,1.0004,174941734.3252634,48598
1632355200,1.0004,1.0007,1.0003,1.0005,101751392.65216288,28994
1632441600,1.0005,1.0009,1.0002,1.0007,250980438.74388605,67249
1632528000,1.0007,1.0008,1.0004,1.0005,49743358.483151816,21755
1632614400,1.0005,1.0007,1.0003,1.0004,44179311.93503116,18951
1632700800,1.0005,1.0005,1.0001,1.0003,95494926.02269866,19963
1632787200,1.0003,1.0005,0.9996,1.0002,122059382.58205813,29224
1632873600,1.0002,1.0002,0.9997,0.9999,131155826.86674103,33543
1632960000,0.9999,1.0002,0.9998,1.0002,103540769.2820349,28521
1633046400,1.0001,1.0007,1.0,1.0005,157136677.1344361,37791
1633132800,1.0005,1.0006,1.0002,1.0005,40039792.163221106,18654
1633219200,1.0004,1.0006,1.0003,1.0006,34080019.66632071,20611
1633305600,1.0005,1.0006,1.0,1.0004,161047692.1839609,33999
1633392000,1.0003,1.0006,1.0001,1.0006,163944284.74171865,21085
1633478400,1.0005,1.0006,1.0001,1.0004,116496246.36089218,32551
1633564800,1.0004,1.0005,1.0001,1.0003,139626952.69080323,30673
1633651200,1.0003,1.0004,1.0,1.0002,189900745.58637893,30896
1633737600,1.0001,1.0003,1.0,1.0002,46511748.454052776,16227
1633824000,1.0002,1.0004,1.0001,1.0003,45110561.65390638,12854
1633910400,1.0004,1.0005,1.0001,1.0002,105053721.4463119,24914
1633996800,1.0002,1.0003,0.9998,0.9999,126548957.67268309,26722
1634083200,0.9999,1.0002,0.9998,1.0001,113012406.92471601,23904
1634169600,1.0001,1.0003,0.9995,1.0001,138898693.8545699,22293
1634256000,1.0002,1.0003,0.9995,0.9998,178278416.21283168,36950
1634342400,0.9998,1.0001,0.9998,1.0,86145689.6540078,17561
1634428800,1.0,1.0002,0.9999,1.0,63987406.46074471,27423
1634515200,1.0001,1.0001,0.9995,0.9999,214190828.7843474,35402
1634601600,1.0,1.0003,0.9996,1.0001,163328888.66488287,27458
1634688000,1.0002,1.0003,0.9999,1.0002,190225172.68371147,30229
1634774400,1.0002,1.0003,0.9997,1.0001,197404758.22530973,52684
1634860800,1.0,1.0002,0.9995,0.9998,158104621.24999255,29396
1634947200,0.9998,1.0001,0.9997,1.0,31401665.368754458,16859
1635033600,1.0,1.0001,0.9999,1.0,64651940.023824066,17718
1635120000,0.9999,1.0001,0.999,1.0,184412364.5465516,31264
1635206400,1.0,1.0002,0.9998,1.0001,125963452.88642104,34070
1635292800,1.0001,1.0019,0.9999,1.0007,287206028.7771179,88570
1635379200,1.0007,1.0009,1.0003,1.0003,176139222.66664013,55320
1635465600,1.0003,1.0004,0.9999,1.0001,137624778.7517884,39231
1635552000,1.0002,1.0006,1.0,1.0005,60832050.90516827,34010
1635638400,1.0004,1.0008,1.0003,1.0007,112726268.26751976,33087
1635724800,1.0007,1.0009,1.0003,1.0006,112668329.51100272,31982
1635811200,1.0006,1.0013,1.0005,1.0007,103714596.52045263,34692
1635897600,1.0007,1.001,1.0004,1.0005,165055694.24078047,39555
1635984000,1.0005,1.001,1.0004,1.0006,169252588.29273358,50740
1636070400,1.0007,1.007,1.0005,1.0009,140696619.56624454,39420
1636156800,1.001,1.0013,1.0007,1.0009,78876218.41696462,17928
1636243200,1.0009,1.001,1.0004,1.0008,71580831.87727572,16505
1636329600,1.0009,1.0009,1.0003,1.0005,212336646.37134245,42595
1636416000,1.0005,1.0007,1.0,1.0001,139873912.02772406,35223
1636502400,1.0001,1.0007,0.9998,1.0004,201246450.47729117,62293
1636588800,1.0004,1.0006,1.0001,1.0004,136510820.40922195,33116
1636675200,1.0004,1.0005,0.9998,1.0002,200789276.22686127,60644
1636761600,1.0002,1.0004,1.0,1.0002,43092221.99775088,20966
1636848000,1.0001,1.0003,1.0001,1.0002,30440070.24198617,11071
1636934400,1.0002,1.0005,0.9999,1.0001,183298867.46249467,37956
1637020800,1.0001,1.0019,1.0,1.0005,261552887.81180587,76756
1637107200,1.0005,1.0524,1.0003,1.0004,179898548.22796026,65885
1637193600,1.0005,1.0012,1.0,1.0005,198337108.10342786,75397
1637280000,1.0004,1.002,1.0,1.0009,182229296.25209436,96696
1637366400,1.0009,1.0011,1.0007,1.0007,66004935.57720636,49389
1637452800,1.0007,1.0011,1.0006,1.0009,58524723.23253354,24378
1637539200,1.0009,1.001,1.0005,1.0007,229142011.1398208,59563
1637625600,1.0007,1.0008,1.0,1.0003,180714595.61385766,44290
1637712000,1.0003,1.0006,1.0001,1.0003,150533670.96082824,55312
1637798400,1.0003,1.0009,1.0002,1.0007,141055552.36303234,51796
1637884800,1.0006,1.0014,1.0005,1.0007,164975722.67626324,60264
1637971200,1.0007,1.0008,1.0005,1.0008,51575184.66030838,29052
1638057600,1.0007,1.0009,1.0005,1.0007,40058098.4027733,18652
1638144000,1.0007,1.0011,1.0005,1.001,159101210.72408238,47965
1638230400,1.001,1.0011,1.0005,1.0008,181012122.3165007,49309
1638316800,1.0009,1.001,1.0002,1.0006,153693160.31071818,54114
1638403200,1.0006,1.0011,1.0006,1.0007,126392785.40412657,47693
1638489600,1.0007,1.001,1.0001,1.0005,248230032.18544286,70299
1638576000,1.0005,1.0068,1.0004,1.0011,299053060.4215527,86963
1638662400,1.0011,1.0018,1.0009,1.0013,182593953.45304868,52417
1638748800,1.0013,1.0017,1.0005,1.0011,283899050.1445562,76041
1638835200,1.0011,1.0015,1.0005,1.0009,230782927.86215165,54396
1638921600,1.0008,1.0039,1.0007,1.0009,149181089.5331042,58131
1639008000,1.0009,1.001,1.0002,1.0004,104449976.72246207,35565
1639094400,1.0004,1.0008,1.0,1.0005,161129346.61588255,56434
1639180800,1.0005,1.0007,1.0003,1.0006,45943034.846484765,32416
1639267200,1.0006,1.0008,1.0005,1.0006,33547661.34455509,20289
1639353600,1.0006,1.0008,0.997,1.0004,141339484.34543583,55313
1639440000,1.0004,1.0008,1.0001,1.0004,120284842.51517704,43265
1639526400,1.0004,1.0006,0.9999,1.0005,120785543.61875355,50165
1639612800,1.0005,1.0006,0.9998,1.0002,183295884.65871668,48458
1639699200,1.0002,1.0005,1.0,1.0003,140813072.88697502,47981
1639785600,1.0003,1.0006,1.0002,1.0004,54701860.47507648,35716
1639872000,1.0004,1.0006,1.0003,1.0004,33900063.74755818,14217
1639958400,1.0004,1.0027,1.0,1.0001,114028363.66471952,47793
1640044800,1.0002,1.0005,1.0001,1.0003,124850746.16640502,36271
1640131200,1.0003,1.0006,1.0001,1.0003,122241365.55833869,45257
1640217600,1.0003,1.0005,1.0,1.0003,219015052.1938057,50278
1640304000,1.0003,1.0007,1.0003,1.0005,86101578.71981464,31969
1640390400,1.0005,1.0007,1.0004,1.0005,34982793.799730815,23558
1640476800,1.0005,1.0006,1.0004,1.0005,31880431.22666456,25191
1640563200,1.0005,1.0007,1.0002,1.0003,132095169.49282429,29339
1640649600,1.0004,1.0005,1.0,1.0002,175017990.17675638,52023
1640736000,1.0001,1.0003,0.9998,1.0001,227466382.86087984,47145
1640822400,1.0001,1.0003,0.9994,1.0,347273942.67913616,63089
1640908800,1.0,1.0002,0.9997,0.9999,120072846.96370092,36664
1640995200,0.9999,1.0003,0.9997,1.0002,50878306.644635245,25042
1641081600,1.0002,1.0003,1.0,1.0002,49660210.66530803,11254
1641168000,1.0002,1.0003,0.9999,1.0,97084360.64398347,22890
1641254400,1.0001,1.0002,0.9997,0.9999,118601006.33777022,24395
1641340800,0.9999,1.0002,0.953,0.9999,125698241.57475363,47583
1641427200,0.9999,1.0,0.9996,0.9999,140277198.39124513,41822
1641513600,0.9999,1.0,0.996,0.9998,188887936.48308516,54528
1641600000,0.9998,1.0002,0.9998,1.0001,50921466.54128482,19042
1641686400,1.0,1.0002,0.9999,1.0,38509054.79366984,21424
1641772800,1.0001,1.0003,0.9998,1.0001,140230576.1438953,54927
1641859200,1.0001,1.0005,0.9999,1.0003,139841575.50487795,41520
1641945600,1.0004,1.0006,1.0001,1.0004,145606387.0892709,41429
1642032000,1.0004,1.0005,1.0002,1.0003,136833197.55573863,36660
1642118400,1.0002,1.0005,1.0002,1.0004,93012562.27310216,30062
1642204800,1.0004,1.0005,1.0003,1.0003,42211468.03264961,13022
1642291200,1.0004,1.0006,1.0003,1.0004,53688980.91489301,15887
1642377600,1.0004,1.0004,1.0002,1.0003,81219122.05745122,19407
1642464000,1.0004,1.0005,1.0001,1.0002,136741294.13988125,30381
1642550400,1.0003,1.0005,1.0002,1.0002,150335336.0922315,21107
1642636800,1.0003,1.0004,1.0,1.0001,117938421.33039555,27498
1642723200,1.0,1.0003,0.9998,1.0003,202831194.16061482,76267
1642809600,1.0002,1.0004,1.0,1.0001,93920098.98963214,24582
1642896000,1.0002,1.0004,1.0001,1.0003,36474167.58892973,12488
1642982400,1.0003,1.0007,1.0,1.0004,178128543.2717414,35467
1643068800,1.0004,1.0008,1.0002,1.0007,156560511.4518292,32159
1643155200,1.0006,1.0008,1.0003,1.0006,173512652.67650354,65456
1643241600,1.0006,1.0007,1.0001,1.0002,212247920.35208297,42018
1643328000,1.0002,1.0004,1.0001,1.0003,140873045.24400967,36023
1643414400,1.0003,1.0005,1.0002,1.0002,54093451.93950156,17116
1643500800,1.0003,1.0005,1.0002,1.0004,28633268.728052605,10772
1643587200,1.0004,1.0009,1.0002,1.0005,141453740.8926077,28384
1643673600,1.0005,1.0007,1.0003,1.0006,77313483.7618674,29804
1643760000,1.0006,1.0006,1.0003,1.0005,97048602.63123478,29521
1643846400,1.0005,1.0006,1.0003,1.0004,125651054.63342164,38029
1643932800,1.0005,1.0009,1.0004,1.0008,116471687.76996386,36186
1644019200,1.0008,1.0009,1.0005,1.0006,34255928.68307801,17148
1644105600,1.0006,1.0007,1.0005,1.0007,20423097.351450223,6426
1644192000,1.0007,1.001,1.0005,1.0007,142957487.60095882,35340
1644278400,1.0007,1.0011,1.0005,1.0009,121407182.30966426,44389
1644364800,1.001,1.0011,1.0007,1.0009,104765303.31943044,30468
1644451200,1.0009,1.001,1.0005,1.0007,138084542.09267285,35443
1644537600,1.0007,1.0009,1.0004,1.0005,186941305.50271547,35324
1644624000,1.0006,1.0006,1.0004,1.0005,46240915.62810338,15887
1644710400,1.0005,1.0006,1.0004,1.0004,39085219.31597049,17586
1644796800,1.0005,1.0006,1.0003,1.0004,108491171.44420524,21488
1644883200,1.0004,1.0009,1.0004,1.0007,109652277.32616003,24641
1644969600,1.0006,1.0008,1.0005,1.0006,111935288.39707084,22787
1645056000,1.0005,1.0007,1.0004,1.0006,134691479.84545603,29436
1645142400,1.0006,1.0007,1.0003,1.0004,124781680.69247365,30513
1645228800,1.0004,1.0006,1.0003,1.0004,38496542.3172407,12109
1645315200,1.0004,1.0005,1.0002,1.0004,49621807.59303698,27152
1645401600,1.0004,1.0006,1.0003,1.0003,121167698.34584358,44512
1645488000,1.0003,1.0007,1.0002,1.0005,168359547.79909512,63205
1645574400,1.0005,1.0007,1.0004,1.0005,115862751.45275481,39781
1645660800,1.0005,1.0008,1.0,1.0005,201996587.67756623,91224
1645747200,1.0005,1.0007,1.0003,1.0006,175492516.95193836,46237
1645833600,1.0006,1.0007,1.0004,1.0006,41440876.65321264,36445
1645920000,1.0005,1.0006,1.0002,1.0005,102263048.60361677,37404
1646006400,1.0004,1.0006,1.0001,1.0003,179966312.21593446,72344
1646092800,1.0002,1.0006,1.0,1.0004,233971533.00562128,62821
1646179200,1.0004,1.0005,1.0002,1.0004,188387366.33723858,72933
1646265600,1.0004,1.0005,0.9999,1.0001,160138617.0024877,50598
1646352000,1.0,1.0003,0.9999,1.0002,135967942.8828349,54834
1646438400,1.0002,1.0003,1.0001,1.0002,53282409.941968545,47144
1646524800,1.0001,1.0003,1.0001,1.0001,58568391.74158003,29059
1646611200,1.0001,1.0003,1.0,1.0001,155055192.0356889,32247
1646697600,1.0002,1.0003,1.0,1.0001,149448801.58808917,51696
1646784000,1.0001,1.0004,1.0,1.0003,139470425.58306494,32575
1646870400,1.0003,1.0005,1.0002,1.0004,140162975.223504,22140
1646956800,1.0003,1.0007,1.0001,1.0001,97723850.77801913,16363
1647043200,1.0001,1.0003,1.0,1.0,17247289.4891978,10368
1647129600,1.0,1.0004,1.0,1.0002,22252212.486333903,8950
1647216000,1.0002,1.0003,1.0,1.0001,85090131.03181022,17466
1647302400,1.0001,1.0004,1.0,1.0004,80871431.71303898,15061
1647388800,1.0004,1.0006,1.0001,1.0003,111292241.39843601,18485
1647475200,1.0004,1.0006,1.0003,1.0005,109107927.96804236,15315
1647561600,1.0005,1.0009,1.0004,1.0005,141834250.41413397,50654
1647648000,1.0005,1.0007,1.0004,1.0005,90083288.91643421,57987
1647734400,1.0005,1.0007,1.0004,1.0005,72559484.2995467,51847
1647820800,1.0004,1.0006,1.0003,1.0004,102195941.97121094,55182
1647907200,1.0004,1.0006,1.0003,1.0004,170008700.81372496,67709
1647993600,1.0005,1.0005,1.0002,1.0004,108071906.05865529,49551
1648080000,1.0004,1.0009,1.0001,1.0005,158233021.22778517,64954
1648166400,1.0006,1.0007,1.0003,1.0004,104908758.10223158,59053
1648252800,1.0004,1.0006,1.0003,1.0005,41202623.19794,35586
1648339200,1.0004,1.0006,1.0003,1.0004,62166546.762848206,39528
1648425600,1.0003,1.0006,1.0002,1.0005,272922400.4628926,97852
1648512000,1.0005,1.0006,1.0002,1.0004,269510611.3196833,78592
1648598400,1.0003,1.0005,0.9997,1.0003,153615026.73600766,64279
1648684800,1.0003,1.0005,1.0002,1.0003,150000933.45706078,88364
1648771200,1.0003,1.0006,1.0001,1.0004,235300936.77419233,77166
1648857600,1.0004,1.0004,1.0002,1.0004,46551650.62862655,37773
1648944000,1.0004,1.0004,0.9979,1.0003,66916258.455144405,46134
1649030400,1.0003,1.0006,0.9996,1.0002,153593328.80352557,50753
1649116800,1.0003,1.0003,0.9999,1.0002,182228717.3841436,77421
1649203200,1.0002,1.0004,0.9999,1.0001,154958341.79921782,73180
1649289600,1.0001,1.0003,1.0,1.0002,124467529.2714603,58576
1649376000,1.0001,1.0004,1.0,1.0003,111112899.88293973,37405
1649462400,1.0003,1.0003,1.0001,1.0003,33768022.59120839,19981
1649548800,1.0002,1.0005,1.0002,1.0003,31899708.14490898,24198
1649635200,1.0003,1.0004,0.9999,1.0001,198067711.52394086,52507
1649721600,1.0001,1.0004,1.0,1.0002,163011007.15044832,53999
1649808000,1.0002,1.0003,1.0,1.0002,137766937.08852077,47947
1649894400,1.0002,1.0003,1.0,1.0001,143586351.70547757,30129
1649980800,1.0001,1.0002,0.9999,1.0002,63627324.85344045,25515
1650067200,1.0001,1.0003,1.0001,1.0002,30977239.90868706,20700
1650153600,1.0002,1.0003,1.0001,1.0003,30980008.178910606,26455
1650240000,1.0002,1.0004,1.0001,1.0001,131145158.20214206,39487
1650326400,1.0001,1.0003,1.0001,1.0002,115661918.34980187,26254
1650412800,1.0002,1.0004,1.0001,1.0002,149830221.145465,45384
1650499200,1.0002,1.0003,1.0,1.0001,154396595.81612977,54690
1650585600,1.0001,1.0002,1.0,1.0001,138390937.22148353,36977
1650672000,1.0,1.0006,1.0,1.0002,51886564.50737794,18800
1650758400,1.0003,1.0003,1.0001,1.0003,23934740.291207,17831
1650844800,1.0003,1.008,1.0,1.0,163583024.505852,47046
1650931200,1.0002,1.0002,0.9998,0.9999,142834328.53871936,56341
1651017600,0.9999,1.0002,0.9998,1.0,151721922.32878897,47167
1651104000,1.0001,1.0001,0.9999,1.0001,154499724.7772293,37590
1651190400,1.0,1.0001,0.9958,0.9999,138710196.91427255,39018
1651276800,1.0,1.0002,0.9999,1.0002,48354264.248286426,24904
1651363200,1.0002,1.0003,1.0,1.0,50078371.001833506,30724
1651449600,1.0001,1.0001,0.9997,0.9999,119347192.24075098,51080
1651536000,0.9999,1.0,0.9997,0.9998,84568684.2890565,43181
1651622400,0.9998,1.0,0.9997,0.9998,113320852.49164604,70114
1651708800,0.9998,0.9999,0.9997,0.9998,166267322.1122004,81920
1651795200,0.9998,0.9999,0.9996,0.9998,171074915.1716691,60458
1651881600,0.9998,0.9998,0.9995,0.9997,65090297.57610054,41544
1651968000,0.9997,0.9998,0.9996,0.9996,46135479.74052559,28574
1652054400,0.9997,1.0,0.9995,0.9997,309252863.9421129,67077
1652140800,0.9997,0.9999,0.9995,0.9997,258871706.94882423,48510
1652227200,0.9997,0.9998,0.9935,0.9953,486116588.64328104,101954
1652313600,0.9953,0.9989,0.92,0.9971,1039284467.6442629,140972
1652400000,0.9972,0.9994,0.9962,0.9982,357229463.28540444,54405
1652486400,0.9983,0.9989,0.9976,0.9987,215882781.40277517,27517
1652572800,0.9986,0.999,0.9984,0.9988,82343786.18475792,15614
1652659200,0.9988,0.9995,0.9984,0.9985,222147373.26573473,39851
1652745600,0.9986,0.9992,0.9985,0.9989,143356304.13300523,25363
1652832000,0.9989,0.9991,0.9985,0.9986,162621401.94715446,26713
1652918400,0.9987,0.9994,0.9985,0.999,141907668.66803735,26530
1653004800,0.9989,0.9998,0.9986,0.9988,119322276.35081914,25264
1653091200,0.9989,0.9989,0.9986,0.9988,26248638.318920184,5136
1653177600,0.9988,0.9991,0.9986,0.999,31987988.57592365,8257
1653264000,0.9989,0.9992,0.9988,0.999,111217934.17535764,26324
1653350400,0.9989,0.9991,0.9987,0.9989,106986375.18984228,24863
1653436800,0.9989,0.9998,0.9987,0.9989,97289741.2705617,26227
1653523200,0.9989,0.9992,0.9987,0.9989,137447835.90291995,23507
1653609600,0.9989,0.9997,0.9986,0.9989,120179979.55850494,29891
1653696000,0.9989,0.999,0.9987,0.9988,26183095.875518955,15445
1653782400,0.9989,0.9991,0.9986,0.9989,71389482.15664418,10943
1653868800,0.9989,0.9995,0.9989,0.9993,173768485.27145097,28182
1653955200,0.9993,0.9994,0.999,0.9992,145773012.19464037,16526
1654041600,0.9992,0.9993,0.9988,0.9991,121215697.05532208,15028
1654128000,0.9992,0.9994,0.999,0.9993,131172259.99571879,16077
1654214400,0.9994,0.9994,0.9988,0.999,93335085.18402375,15503
1654300800,0.9989,0.9992,0.9989,0.9992,15651617.517102959,3914
1654387200,0.9992,0.9992,0.999,0.9992,15046525.193820335,5872
1654473600,0.9992,0.9993,0.999,0.9993,123265944.79728512,16011
1654560000,0.9993,0.9994,0.999,0.9992,145689029.03180838,21952
1654646400,0.9992,0.9995,0.9991,0.9992,99364590.55680683,11937
1654732800,0.9992,0.9994,0.999,0.9991,113781138.2923533,23999
1654819200,0.9992,0.9993,0.9987,0.9988,113461264.43375513,16992
1654905600,0.9988,0.999,0.9986,0.9988,37630113.291531354,5999
1654992000,0.9989,0.999,0.9986,0.9988,67536123.30501628,12100
1655078400,0.9988,0.9989,0.996,0.9986,449305058.6172489,38110
1655164800,0.9985,0.9998,0.9983,0.9987,244035502.35091037,28110
1655251200,0.9988,0.999,0.9978,0.9989,402835776.42284995,31272
1655337600,0.9989,0.9998,0.9986,0.9986,160088991.43352112,15910
1655424000,0.9986,0.999,0.9984,0.9989,114993933.29989995,10518
1655510400,0.9989,0.9989,0.9982,0.9984,168033999.29005936,15296
1655596800,0.9984,0.9989,0.9983,0.9987,85549430.03592306,11843
1655683200,0.9988,0.9991,0.9985,0.9988,148332987.0852045,19862
1655769600,0.9987,1.0,0.9986,0.999,125666911.66413566,19727
1655856000,0.999,1.0,0.9987,0.9989,114495589.47598355,19167
1655942400,0.9989,0.9993,0.9987,0.9991,117824323.35981393,16732
1656028800,0.999,0.9994,0.9989,0.9992,90693811.78346798,14934
1656115200,0.9992,0.9994,0.9991,0.9993,17288121.96264309,6381
1656201600,0.9993,1.0,0.9992,0.9994,20559549.887198985,6301
1656288000,0.9994,0.9995,0.9988,0.999,118575046.64171596,20656
1656374400,0.999,0.9991,0.9986,0.9986,111319728.78727311,17019
1656460800,0.9987,0.9989,0.9984,0.9988,160083283.40137574,29505
1656547200,0.9988,0.9995,0.9985,0.9988,123253640.01014663,19568
1656633600,0.9988,0.9999,0.9985,0.9988,138148519.4549302,22581
1656720000,0.9987,0.9989,0.9986,0.9987,36276925.026951745,6770
1656806400,0.9987,0.9989,0.9987,0.9987,15924500.933759999,6072
1656892800,0.9987,0.9989,0.9986,0.9988,86463510.32674277,14929
1656979200,0.9988,0.9993,0.9986,0.9989,113716268.45981213,15137
1657065600,0.9989,0.9991,0.9988,0.999,94894386.3700949,19266
1657152000,0.9989,0.9997,0.9988,0.9996,110239658.29804936,17624
1657238400,0.9996,0.9997,0.9991,0.9993,92942862.65190794,15998
1657324800,0.9994,0.9995,0.9993,0.9995,18924957.659924503,4182
1657411200,0.9994,0.9995,0.9992,0.9993,19581705.663318854,6627
1657497600,0.9994,0.9994,0.9988,0.9991,66558391.415531866,11517
1657584000,0.999,0.9991,0.9987,0.9989,85606624.17116746,17223
1657670400,0.999,0.9993,0.9988,0.9992,100972918.88124646,19873
1657756800,0.9992,0.9995,0.999,0.9993,95399718.52881803,16087
1657843200,0.9992,0.9999,0.9991,0.9998,114761122.56456861,15000
1657929600,0.9998,1.0008,0.9995,0.9997,32824564.52253874,5942
1658016000,0.9997,0.9999,0.9996,0.9997,15208433.396022804,5970
1658102400,0.9998,1.0001,0.9996,0.9999,121375217.48588882,18503
1658188800,0.9999,1.0003,0.9997,1.0,116853213.7085282,21343
1658275200,1.0001,1.0004,0.9999,1.0001,123624523.87659629,18593
1658361600,1.0001,1.0003,0.9998,1.0001,88675004.23935008,17011
1658448000,1.0001,1.0003,0.9999,1.0001,100623757.46873915,22535
1658534400,1.0001,1.0003,0.9999,1.0001,27699664.6253671,7175
1658620800,1.0001,1.0003,0.9999,1.0002,33356466.701533113,6678
1658707200,1.0001,1.0002,0.9997,1.0,119260138.12598273,23721
1658793600,1.0,1.0002,0.9999,1.0001,112886096.19738398,13926
1658880000,1.0002,1.0043,0.9999,1.0004,110358817.48974943,19569
1658966400,1.0004,1.0004,0.995,1.0002,106180750.48133017,19898
1659052800,1.0003,1.0006,1.0001,1.0004,124530313.11812456,18239
1659139200,1.0004,1.0005,1.0002,1.0003,48444847.97297317,6949
1659225600,1.0003,1.0004,1.0002,1.0003,30861766.450662766,6670
1659312000,1.0003,1.0005,1.0001,1.0003,81292380.94753571,17344
1659398400,1.0004,1.0005,1.0,1.0002,86881149.65169829,14546
1659484800,1.0001,1.0005,1.0,1.0003,81235201.55031052,10748
1659571200,1.0003,1.0003,0.9965,1.0002,77399583.37256904,9933
1659657600,1.0002,1.0003,0.9995,1.0001,80083363.80938385,10740
1659744000,1.0002,1.0003,1.0,1.0002,28370463.558719836,3703
1659830400,1.0001,1.0003,1.0001,1.0002,13346196.117256667,3841
1659916800,1.0002,1.0003,1.0,1.0003,75351592.13763925,9815
1660003200,1.0002,1.0004,0.9999,1.0003,74333285.03841947,14149
1660089600,1.0003,1.0009,0.999,1.0003,126584796.63202353,17185
1660176000,1.0002,1.0017,1.0002,1.0005,115417715.90317772,16004
1660262400,1.0005,1.0006,1.0003,1.0004,83518803.83458006,16600
1660348800,1.0005,1.0006,1.0002,1.0004,38189064.23505871,6497
1660435200,1.0004,1.0004,1.0002,1.0003,39773161.52824763,7316
1660521600,1.0003,1.0004,1.0001,1.0002,74484544.91450134,10947
1660608000,1.0002,1.0003,0.9999,1.0001,89646566.69142391,11167
1660694400,1.0001,1.0003,0.9999,1.0,94674087.47989352,17900
1660780800,1.0,1.0002,0.9999,1.0,125868847.90758596,14752
1660867200,1.0001,1.0003,0.9998,1.0,131183508.22469144,22775
1660953600,1.0,1.0002,0.9999,1.0,23144390.8412187,5530
1661040000,1.0,1.0002,0.9998,1.0,25540673.678144965,6826
1661126400,0.9999,1.0001,0.9992,0.9999,121507966.2722777,16268
1661212800,0.9999,1.0001,0.9998,1.0,85204190.58864233,12976
1661299200,1.0,1.0003,0.9985,0.9999,122983902.18441078,15977
1661385600,1.0,1.0001,0.9998,1.0,80548848.26549175,12812
1661472000,1.0,1.0012,0.9996,1.0,111923414.50804682,27307
1661558400,1.0,1.0001,0.9999,0.9999,18556469.17160973,7315
1661644800,1.0,1.0001,0.9999,1.0,9338769.273312693,5986
1661731200,0.9999,1.0002,0.9994,1.0,118913827.6523839,26001
1661817600,1.0,1.0001,0.9999,1.0,93916602.06869829,18901
1661904000,1.0001,1.0001,0.9998,0.9999,89804591.60682863,19355
1661990400,0.9999,1.0001,0.9958,1.0,120726193.61386482,17630
1662076800,0.9999,1.0002,0.9987,1.0,78902440.84655185,13923
1662163200,1.0001,1.0001,0.9999,1.0,10416425.087640027,4593
1662249600,1.0,1.0001,0.9999,1.0001,9074039.200743912,5393
1662336000,1.0001,1.0001,0.9993,0.9999,56268553.46528015,14152
1662422400,0.9999,1.0009,0.9995,1.0,138632555.03215086,28786
1662508800,0.9999,1.0007,0.9999,1.0,119739202.41383207,29129
1662595200,1.0,1.0002,0.9998,1.0001,122532392.45656535,22667
1662681600,1.0001,1.002,1.0,1.0003,138061818.52552512,27422
1662768000,1.0003,1.0005,1.0001,1.0003,43733717.48832823,11642
1662854400,1.0003,1.0005,1.0001,1.0002,37857001.797260396,12070
1662940800,1.0002,1.0003,1.0,1.0002,102910771.85798876,17618
1663027200,1.0002,1.0013,0.9999,1.0001,131213814.54220487,23427
1663113600,1.0001,1.0009,0.9998,1.0002,136580682.28605047,17064
1663200000,1.0001,1.0018,0.9998,0.9999,100748341.45622711,20877
1663286400,0.9999,1.0001,0.9544,1.0,78586040.4027169,18906
1663372800,0.9999,1.0001,0.9998,1.0001,21948161.629381433,8556
1663459200,1.0001,1.0001,0.9998,1.0,21043020.796769094,8970
1663545600,0.9999,1.0003,0.9998,1.0001,131366922.41900712,25275
1663632000,1.0001,1.0003,0.9999,1.0,108378234.27950513,26091
1663718400,1.0,1.0002,0.9998,1.0,122479405.92486174,27613
1663804800,1.0,1.0001,0.9998,1.0,119160100.25652224,19164
1663891200,0.9999,1.0,0.9995,1.0,98265087.92617679,20965
1663977600,1.0,1.0001,0.9998,1.0,21312018.616607882,7773
1664064000,1.0,1.0001,0.9999,0.9999,22722166.07813191,8695
1664150400,0.9999,1.0001,0.9998,1.0,125780202.25441891,33737
1664236800,1.0,1.0,0.9996,0.9999,161502276.0728058,21173
1664323200,0.9998,1.0,0.9997,0.9999,172523109.5827453,22241
1664409600,0.9999,1.0001,0.9996,1.0001,122456782.71047321,19556
1664496000,1.0,1.0002,0.9999,1.0001,126090926.38450694,17607
1664582400,1.0,1.0001,0.9999,1.0,19268819.364666786,5457
1664668800,1.0,1.0001,0.9999,1.0,20708403.05501224,10605
1664755200,1.0,1.0003,0.9997,1.0002,94574343.0030829,14870
1664841600,1.0001,1.0003,1.0,1.0002,151616198.566696,19776
1664928000,1.0002,1.0003,0.9999,1.0002,100513237.14129795,14156
1665014400,1.0002,1.0002,1.0,1.0001,69323702.3650334,12048
1665100800,1.0001,1.0002,0.9999,1.0002,93624098.16182588,12251
1665187200,1.0001,1.0002,1.0,1.0001,15487004.948466351,5248
1665273600,1.0002,1.0002,1.0,1.0001,13699266.97391327,5198
1665360000,1.0,1.0002,0.999,0.9999,88775788.80490091,13947
1665446400,0.9999,1.0,0.9997,0.9999,109926556.18599454,14325
1665532800,0.9999,1.0001,0.9998,1.0,73730779.67482685,9763
1665619200,1.0,1.0002,0.9991,1.0,133708941.4040509,19697
1665705600,1.0,1.0001,0.9999,1.0,104329406.0600463,14616
1665792000,1.0,1.0001,0.9999,1.0,11564644.219469413,7572
1665878400,1.0001,1.0001,0.9999,1.0001,11642574.60322934,6785
1665964800,1.0,1.0001,0.9998,1.0001,109275540.59728454,16777
1666051200,1.0001,1.0002,0.9999,1.0001,90529977.55932717,14201
1666137600,1.0001,1.0002,0.9998,0.9999,87926129.3469016,12014
1666224000,1.0,1.0001,0.9997,0.9999,98359583.27099183,13334
1666310400,0.9999,1.0001,0.9988,1.0001,109456625.6640969,20629
1666396800,1.0001,1.0001,0.9998,1.0,105550986.36581044,10998
1666483200,1.0,1.0001,0.9998,1.0,106484861.68895246,13074
1666569600,1.0,1.0002,0.9999,0.9999,148119209.3725406,13542
1666656000,1.0,1.0004,0.9998,1.0002,223379846.15570724,18681
1666742400,1.0002,1.0004,1.0,1.0002,156296726.80922064,14468
1666828800,1.0002,1.0003,1.0,1.0001,148881331.69592318,14843
1666915200,1.0001,1.0003,0.9999,1.0002,160468092.19120374,13006
1667001600,1.0003,1.0005,1.0001,1.0002,81787534.91265082,11569
1667088000,1.0003,1.0003,1.0001,1.0002,46560699.758692145,10056
1667174400,1.0002,1.0003,0.9998,1.0,193768617.38396937,15908
1667260800,1.0,1.0,0.9996,0.9998,125779656.15297243,13888
1667347200,0.9999,1.0001,0.9997,0.9999,166934340.73606884,19290
1667433600,1.0,1.0001,0.9997,0.9999,135687389.53898388,15643
1667520000,0.9999,1.0002,0.9998,1.0,148834480.8316734,16002
1667606400,1.0001,1.0002,0.9999,1.0,56374666.04222845,7497
1667692800,1.0,1.0002,0.9999,1.0001,34778634.39861032,8771
1667779200,1.0001,1.0002,0.9999,1.0001,195650788.1654868,17785
1667865600,1.0001,1.0011,0.999,1.0,320540540.1478418,70348
1667952000,1.0,1.0001,0.9969,0.9985,366026033.27705806,81928
1668038400,0.9985,1.0,0.9381,0.9976,522142616.71705866,103859
1668124800,0.9976,1.0002,0.9968,0.9979,221900674.28185973,48445
1668211200,0.9979,0.9987,0.9969,0.9983,180281087.09870225,22349
1668297600,0.9983,1.0002,0.9979,0.9987,136846551.79858047,30434
1668384000,0.9987,0.9996,0.9981,0.9987,201390085.97619915,43617
1668470400,0.9986,0.999,0.9983,0.9987,192457545.3487887,38231
1668556800,0.9987,0.9998,0.9985,0.9991,176496322.439889,36325
1668643200,0.999,0.9997,0.9986,0.9991,129401447.39310884,28119
1668729600,0.9991,0.9992,0.9986,0.9986,157924831.99374118,21820
1668816000,0.9987,0.999,0.9983,0.9989,113872913.45723113,16617
1668902400,0.9988,0.9991,0.9985,0.9986,118412068.77969521,19101
1668988800,0.9985,0.9992,0.9982,0.9987,290637945.2218288,31695
1669075200,0.9988,0.999,0.9985,0.9988,285554798.81274647,35328
1669161600,0.9987,0.999,0.9985,0.9988,315781454.0664807,31326
1669248000,0.9989,0.9994,0.9987,0.9992,382267555.17106843,33796
1669334400,0.9992,0.9998,0.999,0.9993,289281654.33118945,33787
1669420800,0.9993,0.9995,0.999,0.9993,218802515.4004313,27184
1669507200,0.9993,0.9996,0.9992,0.9994,176007594.14674044,17098
1669593600,0.9994,0.9998,0.9993,0.9995,451809116.7178142,47455
1669680000,0.9995,0.9998,0.9986,0.9997,338489980.88102996,37397
1669766400,0.9997,1.0015,0.9995,1.0002,124951592.15323387,21969
1669852800,1.0002,1.0005,0.9998,1.0001,197186331.19690055,26565
1669939200,1.0,1.0004,0.9999,1.0,213946592.4920957,23305
1670025600,1.0001,1.0002,0.9999,1.0001,129342937.84636824,10662
1670112000,1.0001,1.0002,1.0,1.0001,110910880.73420218,18144
1670198400,1.0001,1.0002,0.9997,0.9999,236011093.32735175,20585
1670284800,0.9999,1.0002,0.9998,0.9999,156775422.48053604,15313
1670371200,0.9999,1.0003,0.9998,1.0,168573553.97003227,19867
1670457600,1.0,1.0003,0.9999,1.0,123754243.3209453,16821
1670544000,1.0001,1.0002,0.9998,1.0001,119761515.7847375,18299
1670630400,1.0001,1.0001,0.9998,1.0,35462973.91421901,5942
1670716800,0.9999,1.0001,0.9999,1.0,26245351.726222105,7336
1670803200,1.0001,1.0003,0.9994,1.0001,163217965.25365904,22499
1670889600,1.0001,1.0009,0.9989,0.9997,246428365.40672418,30611
1670976000,0.9997,1.0002,0.9997,1.0,157928900.67773595,16993
1671062400,1.0001,1.0002,0.9979,1.0,142217237.9529631,15897
1671148800,1.0001,1.0002,0.9997,1.0001,202899457.34279162,27791
1671235200,1.0001,1.0003,0.9999,1.0001,62882950.35924305,9867
1671321600,1.0001,1.0002,1.0,1.0001,16464571.207062779,4876
1671408000,1.0001,1.0002,0.9998,0.9999,160965281.28222874,19951
1671494400,0.9999,1.0002,0.9999,1.0001,162051013.5604694,15896
1671580800,1.0001,1.0001,0.9998,1.0,148289928.46775824,13348
1671667200,1.0001,1.0001,0.9993,0.9999,147426562.41215038,20155
1671753600,0.9998,1.0004,0.9997,1.0,124675132.68492827,15910
1671840000,0.9999,1.0,0.998,0.9999,32279769.261366755,5176
1671926400,0.9999,1.0,0.9998,0.9999,10229921.034746235,5110
1672012800,0.9998,1.0,0.9997,0.9998,34598841.042126395,8800
1672099200,0.9997,1.0,0.9995,0.9996,116018685.66713765,18043
1672185600,0.9996,0.9999,0.9993,0.9994,112733281.21494468,14489
1672272000,0.9995,0.9997,0.9993,0.9995,119562932.14358605,12418
1672358400,0.9995,0.9996,0.9992,0.9995,95636653.02566786,14047
1672444800,0.9995,0.9996,0.9994,0.9994,29390094.41024504,8054
1672531200,0.9995,0.9997,0.9993,0.9995,28921573.535824336,6181
1672617600,0.9995,0.9998,0.9994,0.9997,39607123.63166793,10413
1672704000,0.9997,0.9997,0.9916,0.9995,139290547.6375901,16563
1672790400,0.9995,1.0,0.9985,0.9997,110769741.18583469,15342
1672876800,0.9996,0.9999,0.9993,0.9996,179411092.70802844,15439
1672963200,0.9996,1.0003,0.9992,0.9997,160031734.19429445,19392
1673049600,0.9998,0.9999,0.9996,0.9998,32680985.46102201,6668
1673136000,0.9999,0.9999,0.9997,0.9998,30654811.537841227,7642
1673222400,0.9997,1.0003,0.9997,1.0001,157551616.5196824,18460
1673308800,1.0,1.0002,0.9993,1.0002,156011029.1770514,18801
1673395200,1.0001,1.0002,0.9996,0.9999,217784150.21456626,18659
1673481600,0.9999,1.0003,0.9995,1.0002,197357996.72344965,29012
1673568000,1.0001,1.0004,0.9996,1.0002,255041809.84505835,20938
1673654400,1.0001,1.0005,0.9995,1.0002,125873068.92532884,23134
1673740800,1.0001,1.0005,1.0,1.0003,55408066.35044535,10848
1673827200,1.0003,1.0005,0.9996,1.0,130113301.11328387,19275
1673913600,1.0,1.0003,0.9998,1.0002,247318270.2672566,27436
1674000000,1.0002,1.0003,0.9989,0.9999,201163716.6141114,32488
1674086400,0.9999,1.0002,0.9997,1.0,145135723.30515048,18468
1674172800,1.0,1.0003,0.9998,1.0001,147176736.2934497,17198
1674259200,1.0002,1.0005,1.0,1.0001,60082414.9812466,13310
1674345600,1.0002,1.0003,1.0,1.0002,54289564.102519475,10604
1674432000,1.0003,1.0003,0.9999,1.0001,166388749.91888595,20865
1674518400,1.0002,1.0003,0.9996,1.0002,193208325.4430725,23328
1674604800,1.0001,1.0005,0.9995,1.0001,156323973.5317479,21427
1674691200,1.0001,1.0004,0.9997,1.0,139085233.66128543,18692
1674777600,1.0,1.0004,1.0,1.0003,137824389.45592016,21690
1674864000,1.0002,1.0004,1.0001,1.0003,39768673.07957475,8625
1674950400,1.0002,1.0003,1.0,1.0001,37100956.371943034,9965
1675036800,1.0001,1.0003,0.9998,1.0001,151961049.48049182,23353
1675123200,1.0001,1.0003,0.9998,1.0001,121496352.64627773,20104
1675209600,1.0001,1.0002,0.9995,1.0001,164197317.0915132,23197
1675296000,1.0001,1.0003,0.9999,1.0001,204657232.7027168,22309
1675382400,1.0002,1.0003,0.9988,1.0001,160674627.11064246,24093
1675468800,1.0001,1.0002,0.9999,1.0,41709300.09038758,9584
1675555200,1.0,1.0003,1.0,1.0002,56895920.148491435,12246
1675641600,1.0002,1.0003,0.9996,1.0,164509778.7617734,23257
1675728000,1.0,1.0002,0.9997,1.0001,181546715.18209845,24609
1675814400,1.0001,1.0003,0.9996,1.0,153810951.60460708,32374
1675900800,1.0,1.0003,0.9998,1.0,165707025.06614602,27468
1675987200,1.0,1.0003,0.9999,1.0001,143815240.22870243,19764
1676073600,1.0001,1.0002,0.9999,1.0001,59276889.68411426,8679
1676160000,1.0,1.0002,0.9999,1.0002,39931492.7294414,8538
1676246400,1.0002,1.0029,1.0001,1.0006,408634753.5408699,47332
1676332800,1.0006,1.0009,1.0,1.0003,353302827.0970351,25086
1676419200,1.0002,1.0005,1.0,1.0001,206083354.03226677,20440
1676505600,1.0002,1.0003,0.9998,1.0001,292381651.78038013,32973
1676592000,1.0001,1.0004,0.9997,1.0001,233935258.01500157,26516
1676678400,1.0002,1.0003,1.0,1.0001,58757344.3338701,10302
1676764800,1.0002,1.0003,1.0,1.0002,37939449.62025652,9657
1676851200,1.0002,1.0003,0.9999,1.0,96498831.74868374,17885
1676937600,1.0,1.0003,0.9999,1.0001,147899008.55245376,23199
1677024000,1.0001,1.0003,0.9996,1.0,220107509.89813644,53539
1677110400,1.0,1.0003,0.9999,1.0001,267132476.53320655,27813
1677196800,1.0001,1.0003,0.9999,1.0001,268026062.69858736,25864
1677283200,1.0001,1.0002,0.9999,1.0001,40721668.07132468,11640
1677369600,1.0001,1.0002,0.9999,1.0001,63359160.11324133,12904
1677456000,1.0001,1.0002,0.999,1.0,172693028.2181249,24071
1677542400,1.0,1.0003,0.9999,1.0001,142109226.59156594,19422
1677628800,1.0001,1.0002,0.9998,1.0001,163780404.12596542,19151
1677715200,1.0001,1.0002,0.9994,1.0,163698655.85854608,16017
1677801600,1.0001,1.0005,0.9998,1.0001,168891407.31375054,22822
1677888000,1.0,1.0002,0.9999,1.0,14902098.738884205,6688
1677974400,1.0001,1.0001,0.9999,1.0,30166838.812040307,7490
1678060800,1.0,1.0002,0.9997,0.9999,210735109.57496563,21508
1678147200,0.9998,1.0001,0.9995,0.9999,305371255.7518896,29151
1678233600,0.9999,1.0001,0.9995,0.9998,149253214.61457473,21274
1678320000,0.9999,1.0002,0.9993,1.0001,193623663.07466522,23255
1678406400,1.0,1.005,0.9998,1.0034,290481986.52518487,39494
1678492800,1.0035,1.06,1.0,1.0077,403224377.4728911,153584
1678579200,1.0078,1.0187,1.0054,1.0073,275556565.5173947,126264
1678665600,1.0074,1.0106,1.0006,1.0041,320405767.3658271,103345
1678752000,1.0042,1.008,1.0011,1.0031,432640099.52870476,105316
1678838400,1.0031,1.005,1.0012,1.0037,321280102.3682208,89838
1678924800,1.0037,1.0038,1.00108,1.00195,261786153.69248122,59368
1679011200,1.002,1.003,1.00051,1.00228,292560258.10029495,59121
1679097600,1.00228,1.00324,1.0021,1.00224,55647915.93499906,30584
1679184000,1.00224,1.0031,1.00223,1.00306,51140516.237508595,27317
1679270400,1.00305,1.00362,1.00112,1.00181,238082845.26381937,86741
1679356800,1.00181,1.003,1.0002,1.0016,216195807.4531242,65870
1679443200,1.00159,1.00247,1.0003,1.00176,196431573.21955293,98606
1679529600,1.00176,1.003,1.00108,1.0011,207880293.70512965,72636
1679616000,1.00109,1.00149,1.00046,1.00115,133725142.33581264,54895
1679702400,1.00115,1.0014,1.00078,1.00079,36456623.20640142,21613
1679788800,1.00079,1.001,1.00056,1.00086,32947469.13822646,22700
1679875200,1.00086,1.00086,0.9995,1.00024,122858348.58855504,49892
1679961600,1.00024,1.0005,0.99936,1.00013,112204274.24697967,51502
1680048000,1.00014,1.00049,0.99958,1.00012,111214501.96817102,50232
1680134400,1.00001,1.00027,0.9998,1.00002,105567692.21589842,46698
1680220800,1.00002,1.00049,0.99973,1.00009,132993909.87521316,47134
1680307200,1.00009,1.00039,1.0,1.00025,36300911.15481,20768
1680393600,1.00025,1.0003,0.9999,1.00019,35591189.594077,28849
1680480000,1.00019,1.00025,0.9998,0.99999,125584510.86983307,61997
1680566400,0.99999,1.00044,0.9999,1.00019,106347884.28637986,51650
1680652800,1.0002,1.00025,0.9999,1.00001,100083376.45605133,41396
1680739200,1.00001,1.00048,0.99982,1.00029,80924385.03192055,41844
1680825600,1.00029,1.00071,0.9997,1.00046,51776884.76628916,24040
1680912000,1.00046,1.0007,1.0002,1.00033,29575894.42831238,15143
1680998400,1.00033,1.00058,1.0001,1.00049,31516426.53848128,16861
1681084800,1.00049,1.0008,0.9999,1.00044,87179466.98350957,35610
1681171200,1.00044,1.0011,1.0001,1.00082,128697691.49763256,52295
1681257600,1.00082,1.00179,1.0,1.0004,107549959.93105868,52797
1681344000,1.00039,1.00131,1.00039,1.001,81082970.41176416,39210
1681430400,1.001,1.0012,1.00056,1.00079,84842030.31798701,33136
1681516800,1.00079,1.00099,1.00062,1.00074,27987487.945831448,15164
1681603200,1.00073,1.00077,0.99998,1.00047,34583455.0438194,19063
1681689600,1.00047,1.00067,1.00007,1.00051,75395257.38872615,37696
1681776000,1.00051,1.00081,0.99949,1.00028,101779874.02736416,34637
1681862400,1.00028,1.00113,0.99993,1.00045,124496639.99374685,52918
1681948800,1.00045,1.00059,1.0,1.0001,73988192.30977201,43417
1682035200,1.00009,1.00082,0.9996,1.00013,97254473.17192164,48933
1682121600,1.00012,1.00038,0.99991,1.00019,17795304.968177635,19764
1682208000,1.00019,1.0003,0.9998,0.99992,27749216.55292092,22378
1682294400,0.99991,1.00009,0.9998,0.99999,74271281.30019324,36450
1682380800,0.99999,1.00021,0.99184,1.00003,75518724.77630933,33862
1682467200,1.00002,1.0005,0.99982,1.00032,108942042.96832925,52991
1682553600,1.00032,1.00047,0.99984,1.00007,98103757.86798604,36492
1682640000,1.00006,1.00065,0.99973,1.00052,88364431.7791144,30138
1682726400,1.00051,1.00079,1.0003,1.00031,29316196.752283253,12978
1682812800,1.0003,1.00059,1.00017,1.00029,31265943.614327993,15113
1682899200,1.0003,1.0004,0.99944,1.00016,45681789.11547677,24277
1682985600,1.00016,1.00076,0.99972,1.00046,87909298.42742853,32168
1683072000,1.00046,1.00064,1.00011,1.00027,82550444.87173422,34234
1683158400,1.00027,1.0005,1.00006,1.00036,76473220.16232462,25613
1683244800,1.00036,1.00146,1.0002,1.0011,66952339.39840196,33044
1683331200,1.00111,1.00193,1.0008,1.00181,37871812.1874242,19908
1683417600,1.0018,1.00183,1.001,1.00135,25484418.516429458,16544
1683504000,1.00135,1.00148,1.00044,1.00082,86559539.3909313,50045
1683590400,1.00083,1.00093,0.99986,1.00037,90986485.10376547,43742
1683676800,1.00036,1.0505,0.95519,1.00067,107538739.5904653,45116
1683763200,1.00066,1.00073,0.9974,1.00027,75044298.6533724,31726
1683849600,1.00027,1.00069,0.99995,1.00048,79777285.4553718,39610
1683936000,1.00048,1.0005,1.00015,1.0005,21256768.340473007,12943
1684022400,1.00049,1.0005,1.00009,1.00029,21560251.29120297,15421
1684108800,1.00029,1.0005,0.99986,1.00013,70589711.90600166,29347
1684195200,1.00013,1.00035,0.99974,0.99996,72840017.46397768,36391
1684281600,0.99996,1.00022,0.9991,0.99998,78546979.5080621,39101
1684368000,0.99998,1.0001,0.9971,0.99989,51327283.389955975,30176
1684454400,0.99989,1.00029,0.99987,1.00012,56835539.94815266,25423
1684540800,1.00012,1.00028,1.00009,1.00024,17424630.9528994,10570
1684627200,1.00023,1.00031,1.00002,1.00011,18411802.162464604,13089
1684713600,1.0001,1.00014,0.99974,1.00006,69212979.06419826,27575
1684800000,1.00007,1.00029,0.9999,0.99992,74431661.02356654,27695
1684886400,0.99993,1.00022,0.9991,0.99988,92600680.09664544,38263
1684972800,0.99988,1.00003,0.9996,0.99993,68485785.92230886,29848
1685059200,0.99993,1.00033,0.99975,1.00033,72822043.56182542,25376
1685145600,1.00033,1.0004,1.00018,1.0004,17690077.660268545,12246
1685232000,1.00039,1.00041,1.0001,1.00022,36634638.41790399,23383
1685318400,1.00022,1.00034,0.99951,1.00009,61152884.653780356,25704
1685404800,1.00009,1.00069,0.99952,1.0001,94181613.11559677,34122
1685491200,1.0001,1.0002,0.99981,1.00011,107853570.58293924,45107
1685577600,1.00011,1.0002,0.9996,0.99993,84373634.09510098,38527
1685664000,0.99994,1.0005,0.99941,1.00034,87899582.37179823,30222
1685750400,1.00034,1.00048,1.00003,1.00017,15954902.222169597,11061
1685836800,1.00018,1.00022,0.9999,0.99997,17463733.726294305,11177
1685923200,0.99998,1.00027,0.99943,1.00019,134515567.28712413,60125
1686009600,1.00017,1.00029,0.99974,1.00005,93540018.29241447,39895
1686096000,1.00005,1.0008,0.9998,1.00005,101314531.9190897,35219
1686182400,1.00005,1.0004,0.99961,1.00019,83193386.75890031,37706
1686268800,1.00018,1.00045,0.99934,1.00001,88038571.05679664,29296
1686355200,1.00001,1.0006,0.99922,1.00042,87162639.98794095,53457
1686441600,1.00042,1.00048,0.9999,1.00003,27348695.184540596,22236
1686528000,1.00005,1.00018,0.99939,0.99978,88192723.31645194,38597
1686614400,0.99978,1.00008,0.99948,0.99974,67557951.43250495,30355
1686700800,0.99975,0.99996,0.9993,0.9997,84726787.04386073,31605
1686787200,0.99971,1.00028,0.97427,0.99911,197371469.35954875,58342
1686873600,0.99912,0.9996,0.9983,0.99934,102112018.23732589,38095
1686960000,0.99933,0.99987,0.99923,0.99971,22690003.10675674,13554
1687046400,0.99972,0.99999,0.99968,0.99993,14902633.376189053,10025
1687132800,0.99993,0.99997,0.99938,0.99985,67588650.49968985,18715
1687219200,0.99985,1.00034,0.99942,1.00029,108438219.60663594,31605
1687305600,1.0003,1.0004,0.9994,0.99979,108591265.36336055,40924
1687392000,0.9998,1.00044,0.99884,1.00004,132883154.42183867,49047
1687478400,1.00003,1.00054,0.99976,1.00046,113181742.36007532,35555
1687564800,1.00047,1.00071,1.0001,1.00022,39581990.52940679,20005
1687651200,1.00022,1.0368,0.99944,0.99975,51911083.0838343,24631
1687737600,0.99976,1.0,0.99923,0.99985,93466747.75911687,40892
1687824000,0.99985,1.00057,0.99947,1.00005,130673090.76319622,47500
1687910400,1.00004,1.00036,0.9996,0.99998,108594932.49536942,44099
1687996800,0.99997,1.00005,0.99004,0.99986,107851837.89059469,39809
1688083200,0.99985,1.00001,0.99935,0.99995,153064493.91429496,59741
1688169600,0.99996,1.00016,0.99973,1.00008,94477889.63437906,25593
1688256000,1.00008,1.00015,0.99985,0.99993,29590007.082351603,17161
1688342400,0.99993,1.0005,0.9998,1.00002,115925009.24432443,36804
1688428800,1.0,1.00032,0.9998,0.99987,73126997.90538298,28715
1688515200,0.99988,1.0,0.9995,0.99964,87577435.3426682,37333
1688601600,0.99966,1.00015,0.99948,0.99989,109028398.62213992,37479
1688688000,0.99989,1.00025,0.99978,1.00017,107245886.58318642,33651
1688774400,1.00017,1.00022,1.0,1.00019,19027260.919889443,12953
1688860800,1.0002,1.00029,1.0001,1.0002,25835799.57078757,13751
1688947200,1.0002,1.0003,0.99974,1.00006,105047860.42535628,30939
1689033600,1.00005,1.00016,0.99971,1.0,113234704.97034042,32283
1689120000,0.99999,1.00021,0.9996,0.99997,83888221.9280499,24785
1689206400,0.99997,1.0005,0.9997,1.00018,142173872.7188067,59026
1689292800,1.00017,1.00057,0.99997,1.00049,122647300.24186173,43308
1689379200,1.00049,1.00055,1.0001,1.00011,42396751.04255807,14769
1689465600,1.00011,1.00039,0.9999,1.00009,43959183.60298984,14492
1689552000,1.0001,1.0002,0.99986,0.99996,83302438.96795085,30356
1689638400,0.99996,1.00009,0.99971,1.0,70128418.58104928,22362
1689724800,1.00001,1.00007,0.9997,1.00003,67227262.61316018,22852
1689811200,1.00002,1.0001,0.99941,0.99987,69330244.48392208,24361
1689897600,0.99986,1.00009,0.99983,1.00008,56677508.89795238,20599
1689984000,1.00007,1.0002,0.99999,1.00011,19855118.22763206,9683
1690070400,1.0001,1.00012,0.99981,0.99984,12328127.026173906,11352
1690156800,0.99985,1.0,0.99962,0.99997,74506870.7045874,24103
1690243200,0.99996,0.99998,0.9997,0.99993,74312159.82549328,28543
1690329600,0.99993,1.0,0.99949,0.99988,95479789.55057304,24486
1690416000,0.99988,1.0,0.99,0.99967,86061178.99907753,19807
1690502400,0.99969,0.99999,0.9995,0.99994,75242327.06272139,18042
1690588800,0.99993,1.0,0.9999,0.99999,17553055.36016724,9914
1690675200,0.99999,1.0,0.99986,0.99989,15292547.394301988,13368
1690761600,0.99988,0.99991,0.99949,0.9999,72910831.21582821,23589
1690848000,0.99989,0.99991,0.9988,0.99949,85903764.79929101,23955
1690934400,0.99949,1.0,0.99906,0.99938,100260705.25136067,22349
1691020800,0.99938,0.99943,0.99852,0.99914,93536168.80696832,18114
1691107200,0.99915,0.99999,0.99826,0.99849,114774170.07519192,18906
1691193600,0.99848,0.99895,0.99832,0.99894,15082621.313801734,10719
1691280000,0.99896,0.99905,0.99821,0.99825,17308613.988332953,10509
1691366400,0.99825,0.9991,0.99773,0.99884,104813652.8482232,22887
1691452800,0.99884,1.0,0.9985,0.99963,103175076.66600578,33755
1691539200,0.99962,0.99998,0.99911,0.99935,98921236.7356349,32125
1691625600,0.99936,0.9995,0.99858,0.99895,82652425.78388026,22837
1691712000,0.99894,0.9992,0.99822,0.9991,75999683.49548826,27407
1691798400,0.99911,0.9995,0.99908,0.99946,19093209.46112197,14040
1691884800,0.99945,0.99958,0.9993,0.9993,19886483.952281956,13831
1691971200,0.9993,1.0,0.998,0.99908,111748472.39499955,33955
1692057600,0.99909,0.9995,0.99842,0.99893,97846984.1621144,43354
1692144000,0.99893,1.001,0.99867,0.99887,121075311.89332548,36900
1692230400,0.99888,1.0004,0.99836,1.00015,182694912.51693135,55775
1692316800,1.00014,1.00018,0.951,0.99966,139937023.38267913,45615
1692403200,0.99966,0.99996,0.99941,0.99975,18175006.241695367,17623
1692489600,0.99977,0.99999,0.9993,0.9999,21891211.05793433,15084
1692576000,0.9999,0.99998,0.99926,0.99983,94068633.06275463,49077
1692662400,0.99983,0.9999,0.9971,0.99939,101639457.81366885,59151
1692748800,0.99939,0.9999,0.9988,0.99983,102372647.4602011,44750
1692835200,0.99984,1.0,0.9991,0.99944,102424648.36481476,34334
1692921600,0.99943,0.9999,0.99931,0.99951,134022308.46649055,43804
1693008000,0.99951,0.99969,0.99928,0.99957,26683550.16124985,13994
1693094400,0.99956,0.99984,0.9994,0.99953,26249345.16706684,14478
1693180800,0.99953,0.99964,0.99918,0.99937,101124948.18935433,33033
1693267200,0.99937,1.00039,0.999,0.99983,187569021.63807625,43958
1693353600,0.99983,1.00009,0.99935,1.00002,131425358.86881976,34120
1693440000,1.00001,1.00008,0.99932,0.99975,119711025.53345835,35247
1693526400,0.99975,0.99991,0.99914,0.9997,95396112.27414401,32359
1693612800,0.9997,1.00003,0.99959,1.00002,17212528.878685523,10060
1693699200,1.00002,1.00003,0.99974,0.99984,21560541.734380748,11667
1693785600,0.99984,0.99984,0.9994,0.99945,70432438.99687628,21791
1693872000,0.99945,0.99958,0.99905,0.99947,115884365.3532567,32784
1693958400,0.99946,1.0,0.999,0.99935,103735914.76015936,28867
1694044800,0.99936,0.99995,0.98239,0.99954,98097503.96384871,21981
1694131200,0.99954,0.9998,0.99933,0.99973,73561241.14810199,21116
1694217600,0.99973,0.9998,0.9996,0.99975,17764429.654599026,9655
1694304000,0.99974,0.99989,0.99952,0.99953,21537403.531210925,12288
1694390400,0.99953,0.9998,0.9994,0.99965,107890532.50274867,30138
1694476800,0.99964,1.0,0.99945,0.99995,162523839.10826486,31789
1694563200,0.99995,1.00036,0.99974,1.00011,140793455.66011038,26339
1694649600,1.00011,1.00039,0.99983,1.00015,116074612.94834298,24558
1694736000,1.00015,1.00027,0.99989,1.0,106675998.30281125,24780
1694822400,1.0,1.0003,0.99998,1.00017,22353547.663343083,13089
1694908800,1.00018,1.0004,1.00011,1.00021,20598713.996839363,9449
1694995200,1.00022,1.00067,1.0,1.00019,111779371.42093007,24177
1695081600,1.0002,1.00028,0.99992,1.00017,86618432.80914822,17687
1695168000,1.00016,1.00027,0.99983,1.0,111301003.35266177,21557
1695254400,1.00001,1.0002,0.99969,0.99992,108044001.17311326,23255
1695340800,0.99993,1.00002,0.99966,0.99998,71078596.51756983,21972
1695427200,0.99999,1.00018,0.99992,1.00017,13382541.115363501,6977
1695513600,1.00015,1.00019,1.0,1.00011,17923048.12373403,9709
1695600000,1.00012,1.00012,0.99947,0.99979,71890880.42896636,19524
1695686400,0.99979,0.9999,0.99943,0.99962,110483881.93541874,23509
1695772800,0.99961,0.99967,0.99908,0.99941,136047037.17500255,25803
1695859200,0.9994,1.00015,0.99906,1.00004,108932229.24471858,27210
1695945600,1.00004,1.00011,0.9997,0.99995,107434056.56948358,25250
1696032000,0.99995,1.00025,0.99991,1.00016,33708069.48578992,13756
1696118400,1.00015,1.00025,0.99977,0.99987,32761531.558882423,19315
1696204800,0.99987,1.00071,0.99972,1.00009,164110658.99216765,34585
1696291200,1.0001,1.00019,0.99961,1.00003,105751658.27616154,28208
1696377600,1.00003,1.00018,0.99961,1.00005,118652680.33193581,25689
1696464000,1.00006,1.00049,0.99972,1.00002,114492575.83385666,27483
1696550400,1.00003,1.0006,0.99999,1.00046,97752647.756912,24042
1696636800,1.00046,1.0007,1.00045,1.00057,33242448.101794686,12175
1696723200,1.00057,1.00078,1.00044,1.00052,23652355.594107613,13593
1696809600,1.00051,1.00052,0.9998,1.0,87984642.41218567,30122
1696896000,1.0,1.00031,0.99982,0.99996,95909855.54669286,24976
1696982400,0.99996,1.0003,0.999,0.99975,120382409.74088953,29769
1697068800,0.99977,1.00018,0.99946,0.99971,122275661.90939261,39021
1697155200,0.99971,1.0,0.99949,0.99989,92885048.67379221,19914
1697241600,0.99988,1.00017,0.99982,1.0001,33030813.215542413,10425
1697328000,1.00011,1.00038,0.99991,1.00015,24089119.00456273,12721
1697414400,1.00015,1.00078,0.99985,1.00044,142473466.38677284,41080
1697500800,1.00043,1.00066,1.00025,1.00033,109741682.20847392,26461
1697587200,1.00032,1.00057,1.0,1.00025,96762323.50376463,26514
1697673600,1.00025,1.00046,0.998,1.00041,106097040.08896732,24726
1697760000,1.00042,1.00075,1.00006,1.00048,120227571.09270835,29739
1697846400,1.00049,1.0005,1.00016,1.00031,26816363.50063653,12200
1697932800,1.00031,1.00057,1.0,1.00013,29440311.083813682,13502
1698019200,1.00012,1.00073,0.9996,1.00043,113552391.84251773,42180
1698105600,1.00043,1.00046,0.99962,0.99994,151075532.50830558,42523
1698192000,0.99994,1.00065,0.9998,1.0004,107067475.74818665,31345
1698278400,1.0004,1.00044,0.9998,1.00016,109348507.22152634,34293
1698364800,1.00017,1.00026,0.99989,1.00018,96533638.44118097,31030
1698451200,1.00018,1.0002,1.00001,1.00017,31845095.042823,11944
1698537600,1.00018,1.00045,1.00002,1.00031,23352592.727864522,12689
1698624000,1.00031,1.00068,0.99996,1.00051,127441701.70035675,37237
1698710400,1.0005,1.0006,1.0001,1.00033,116197352.92832471,36158
1698796800,1.00034,1.00069,0.99952,1.00038,113951445.3033166,35431
1698883200,1.00038,1.00082,1.00009,1.00015,102096578.41420284,30504
1698969600,1.00015,1.00066,0.99999,1.00063,101943533.69446495,34223
1699056000,1.00062,1.00092,1.00039,1.0008,30960699.740018096,13119
1699142400,1.0008,1.001,1.00052,1.00058,52331716.02518545,15564
1699228800,1.00057,1.00088,1.00007,1.00028,99445882.22997287,31482
1699315200,1.00029,1.00071,1.00008,1.00044,114606769.7255762,37925
1699401600,1.00044,1.00056,0.99997,1.00036,126686694.94060859,37573
1699488000,1.00037,1.00076,0.99951,1.00007,171420941.40317595,63513
1699574400,1.00007,1.00065,0.99952,1.00023,141462197.76597473,45146
1699660800,1.00023,1.0007,0.99972,0.99985,59141140.45149158,28376
1699747200,0.99989,1.00129,0.99977,1.00036,64673257.75979508,37810
1699833600,1.00036,1.00081,1.00007,1.0002,150732420.14832312,47121
1699920000,1.0002,1.0008,0.999,1.00026,149939768.8902824,56018
1700006400,1.00026,1.00089,1.00002,1.00076,198742703.59442845,62720
1700092800,1.00076,1.00099,0.9996,0.99989,207043280.8531513,69074
1700179200,0.99989,1.00043,0.99987,1.00027,167570675.4979332,43699
1700265600,1.00027,1.0007,1.00015,1.00057,48653967.0131321,19652
1700352000,1.00057,1.00073,1.00021,1.00052,58305071.93946502,21311
1700438400,1.00052,1.00095,0.99087,1.00072,228847179.1049505,62949
1700524800,1.00072,1.00079,1.00002,1.00034,184720182.44513616,54164
1700611200,1.00033,1.00064,0.99952,1.00027,169175295.84994042,48213
1700697600,1.00028,1.00046,0.99992,1.00019,90887724.62014335,26709
1700784000,1.0002,1.00077,1.00004,1.00044,143169074.65313733,38192
1700870400,1.00045,1.0008,1.0,1.0004,52341409.727228306,19761
1700956800,1.0004,1.0005,0.99969,1.00023,42450438.23416413,27938
1701043200,1.00023,1.00089,0.99983,0.99994,130201636.9186937,35232
1701129600,0.99995,1.00073,0.99989,1.00038,153765303.76711738,35885
1701216000,1.00038,1.00129,0.99992,1.00035,141225269.9187763,36672
1701302400,1.00035,1.00036,0.99999,1.00014,104257962.49335779,30216
1701388800,1.00014,1.00049,0.99982,1.00035,116994074.7657965,30809
1701475200,1.00033,1.0005,0.99986,1.00048,40652687.08430061,18336
1701561600,1.00047,1.00054,0.99984,1.00023,54423263.77956287,19839
1701648000,1.00024,1.00067,0.99945,0.99999,178153769.19384414,55272
1701734400,0.99999,1.0004,0.99971,1.00027,172915310.85068312,49683
1701820800,1.00026,1.00069,0.99985,1.00004,145382996.8827624,45865
1701907200,1.00003,1.00097,0.9999,1.00035,141877346.43559256,41899
1701993600,1.00036,1.0005,0.99998,1.00008,133634896.42577396,45405
1702080000,1.00008,1.00073,1.00005,1.00048,89380611.65754506,32114
1702166400,1.00048,1.00048,0.99985,1.00005,39402889.137229994,26510
1702252800,1.00005,1.0005,0.9986,0.99978,193289033.6686444,66009
1702339200,0.99979,1.00051,0.99909,0.99978,169772068.5463703,57487
1702425600,0.99978,1.00034,0.99926,1.00018,167954999.27857715,52261
1702512000,1.00017,1.0005,0.99995,1.00022,170186745.9418842,47706
1702598400,1.00021,1.0008,0.99966,1.00014,124090933.63367268,43411
1702684800,1.00014,1.00024,0.99922,0.99933,44541765.22606006,23047
1702771200,0.99933,0.99955,0.99816,0.99937,53360725.91851587,25943
1702857600,0.99937,0.99993,0.9989,0.99978,139217021.3698936,47312
1702944000,0.99977,1.0,0.99928,1.0,162156882.39375326,42248
1703030400,0.99999,1.00033,0.99959,1.00002,169714462.6770401,40673
1703116800,1.00003,1.00032,0.9998,1.00012,156049722.60154355,43631
1703203200,1.00011,1.00092,0.99997,1.00084,147618684.59908673,38363
1703289600,1.00083,1.00097,1.00006,1.00041,69532941.04718502,15753
1703376000,1.00041,1.00098,1.00021,1.00069,72546667.46516158,19821
1703462400,1.00066,1.00075,0.9999,1.00016,50917738.344309375,18272
1703548800,1.00015,1.0004,0.9994,1.00016,115540217.5099674,31303
1703635200,1.00016,1.001,0.9988,1.00075,231702401.6819709,37225
1703721600,1.00076,1.001,0.99983,1.00085,182726160.72511545,40029
1703808000,1.0009,1.00129,1.0,1.00039,162193545.10997382,41027
1703894400,1.0004,1.0005,0.99987,1.00021,56160677.781672,42822
1703980800,1.00021,1.00021,0.9995,0.99976,51264385.85292465,22960
1704067200,0.99976,1.00045,0.99959,1.00025,56602594.05897605,27497
1704153600,1.00025,1.00114,1.0,1.0004,155028392.6158065,50166
1704240000,1.00038,1.01328,1.0,1.00045,267508338.53961262,95865
1704326400,1.00045,1.00154,1.0,1.00094,207828475.8755158,78985
1704412800,1.00095,1.002,1.0004,1.00079,186520291.27662814,81948
1704499200,1.00079,1.00099,1.00013,1.00043,73673095.76574379,16006
1704585600,1.00043,1.00065,1.00015,1.00047,65467850.64588942,17763
1704672000,1.00047,1.0013,0.99997,1.0009,251899328.26411936,61985
1704758400,1.00089,1.001,1.00006,1.00042,336116833.89051473,84432
1704844800,1.00042,1.001,0.99999,1.0004,309996537.4587332,70043
1704931200,1.00041,1.00111,0.99934,1.00027,253741147.06268302,62373
1705017600,1.00028,1.00087,0.9988,0.99985,229578130.6612092,65692
1705104000,0.99985,1.0002,0.99964,1.00009,49047560.487157725,19769
1705190400,1.0001,1.00012,0.99941,0.99941,41908453.47985052,21861
1705276800,0.99941,0.99989,0.9991,0.99957,135727570.0842523,45160
1705363200,0.99957,1.0002,0.99892,0.9999,214679088.82194427,39891
1705449600,0.9999,1.00007,0.99891,0.99925,206849871.2106641,46869
1705536000,0.99926,0.99942,0.9979,0.99928,191083375.60037783,47539
1705622400,0.99928,0.99958,0.99848,0.99922,148570900.63572463,41179
1705708800,0.99922,0.9998,0.99895,0.99933,40002995.59304301,11417
1705795200,0.99932,0.99964,0.99918,0.99934,27506411.45717109,10902
1705881600,0.99934,0.99998,0.99857,0.99874,172571359.92510566,41836
1705968000,0.99874,0.99931,0.998,0.99922,179770077.12273324,36060
1706054400,0.99922,1.0,0.9989,0.99968,138664930.71824774,33513
1706140800,0.99967,1.00026,0.999,0.9996,149390966.69320244,28545
1706227200,0.9996,1.0006,0.99927,0.99998,141636184.5041432,31063
1706313600,0.99998,1.00032,0.99985,1.00021,37496359.49838518,11940
1706400000,1.0002,1.00025,0.9999,1.00007,28331374.200016923,11714
1706486400,1.00007,1.0012,0.99976,1.00015,125965390.82078801,31498
1706572800,1.00015,1.00029,0.99978,1.00014,135861256.7633152,22435
1706659200,1.00014,1.0005,0.9991,0.9993,159158621.3724059,28235
1706745600,0.99929,0.99999,0.99897,0.99982,136128876.37078342,25778
1706832000,0.99981,0.99984,0.99916,0.99968,120541896.810986,21795
1706918400,0.99968,1.00005,0.99944,0.99984,37162678.3360411,10135
1707004800,0.99985,0.99987,0.99943,0.99969,25778664.29687462,10187
1707091200,0.99969,0.99973,0.99852,0.99883,118841141.0255498,23120
1707177600,0.99885,0.99995,0.9984,0.99986,117902628.9394552,21387
1707264000,0.99987,0.99999,0.9991,0.99989,136643104.49710548,25026
1707350400,0.99989,1.00022,0.99945,1.00014,166321418.8594648,27279
1707436800,1.00015,1.00085,0.99966,1.00043,139583949.14327198,24110
1707523200,1.00043,1.00101,1.0001,1.00029,78564817.61028287,13277
1707609600,1.00029,1.00059,1.00007,1.00027,51404216.47406203,12393
1707696000,1.00027,1.00061,0.99985,1.00034,153681712.02912065,26056
1707782400,1.00034,1.00074,1.0,1.00059,154713050.64880097,25460
1707868800,1.00059,1.00104,0.995,1.00097,158961540.8613675,31851
1707955200,1.00098,1.0016,1.0002,1.00112,199696186.31547472,37030
1708041600,1.00112,1.00119,1.00026,1.00075,177136842.02868357,27479
1708128000,1.00077,1.00092,1.00025,1.0004,93224356.50611673,17282
1708214400,1.00039,1.0005,0.99999,1.00023,45433229.57281874,51741
1708300800,1.00023,1.00043,0.9998,1.00018,113710916.26862124,22306
1708387200,1.00017,1.00037,0.99973,1.00017,155419668.95647207,29084
1708473600,1.00017,1.00023,0.99981,1.00002,120356632.98669857,24397
1708560000,1.00002,1.0015,0.99896,0.99936,187391850.02617985,29946
1708646400,0.99936,1.0,0.9993,0.99988,110329740.2194437,32740
1708732800,0.9999,1.0,0.99963,0.99998,42061837.57018437,14527
1708819200,0.99999,1.00006,0.99977,1.00001,61688029.43134436,16963
1708905600,1.00001,1.00104,0.9998,1.00071,197845093.05452064,39180
1708992000,1.00071,1.0012,1.0001,1.00046,313279330.347297,51272
1709078400,1.00047,1.0016,0.996,1.0011,236630115.7301435,67409
1709164800,1.0011,1.00155,0.999,1.00061,254737637.25342605,88324
1709251200,1.0006,1.00149,1.0,1.00079,254703494.52155054,55067
1709337600,1.00078,1.00152,1.0003,1.00081,111147895.07084368,37975
1709424000,1.0008,1.00128,1.0001,1.0005,69360095.5841533,26204
1709510400,1.00049,1.00213,1.00032,1.00139,307108457.64017856,66862
1709596800,1.0014,1.00374,0.99972,1.00134,301858190.98672765,104941
1709683200,1.00134,1.00248,0.9991,1.00079,340730656.7130146,77534
1709769600,1.00078,1.00251,1.0003,1.00167,281622630.15467423,77081
1709856000,1.00166,1.00383,1.00083,1.00224,314149132.03004616,72904
1709942400,1.00225,1.00295,1.0017,1.00216,88723347.83201155,27383
1710028800,1.00216,1.00271,1.001,1.00102,55508448.03786187,30223
1710115200,1.00102,1.0017,0.9999,1.00029,313609023.15673155,83771
1710201600,1.00029,1.0013,0.9995,1.00015,270599657.839306,71443
1710288000,1.00016,1.00181,0.9999,1.00055,298265675.2637138,54464
1710374400,1.00055,1.00129,0.99809,0.99989,212490998.92638847,57128
1710460800,0.99984,1.00066,0.98167,1.00018,214031963.04052088,72033
1710547200,1.00018,1.0005,0.99886,0.99923,88229338.52954029,32598
1710633600,0.99923,0.99976,0.99831,0.99939,96863517.80849153,31782
1710720000,0.99936,1.00012,0.99899,0.99994,184466590.68576854,45547
1710806400,0.99996,1.00027,0.99859,0.99954,213617692.6911763,51820
1710892800,0.99953,1.00052,0.9991,1.00014,266380921.33406708,66278
1710979200,1.00014,1.00062,0.99951,0.99991,212536788.95657396,53590
1711065600,0.99991,1.00036,0.99984,1.00028,130408830.65525647,34053
1711152000,1.00028,1.00043,1.0,1.00043,40099732.84538578,16278
1711238400,1.00043,1.00059,0.99993,1.00009,41624518.06492423,16363
1711324800,1.00008,1.00095,1.0,1.00026,220980173.8222929,44983
1711411200,1.00026,1.0007,0.99972,1.0,153831674.474628,41009
1711497600,1.00001,1.00024,0.99923,0.99954,205930756.68242645,48613
1711584000,0.99953,1.00052,0.9992,1.00009,137483563.40558168,37856
1711670400,1.00009,1.00073,0.99914,1.00067,110319913.49215764,27019
1711756800,1.00067,1.00097,1.00031,1.00042,51455978.62712394,18484
1711843200,1.00043,1.00044,0.99983,1.00021,37234540.168203205,14545
1711929600,1.0002,1.00099,0.9998,1.00047,90993862.38204472,28171
1712016000,1.00047,1.00113,0.9996,1.00028,224950803.2919095,58230
1712102400,1.00028,1.0009,1.0002,1.00037,273289043.3117549,64036
1712188800,1.00036,1.0009,0.99971,1.00051,292467462.5102282,71139
1712275200,1.00051,1.00083,0.99963,1.0004,230671764.82322556,68359
1712361600,1.0004,1.00067,1.00007,1.00033,83990394.43177933,15978
1712448000,1.00033,1.00062,1.0,1.00003,43179987.73831724,14490
1712534400,1.00003,1.00049,0.9995,1.00007,143093397.26559243,36892
1712620800,1.00006,1.00062,0.99839,0.99969,145482485.1390126,42129
1712707200,0.99969,1.0001,0.99931,0.99997,162291712.36169422,58186
1712793600,0.99998,1.00029,0.9994,1.00012,128510327.21579848,33957
1712880000,1.00013,1.00064,0.9988,1.00044,260589134.601538,68915
1712966400,1.00044,1.00262,1.00003,1.00132,165389874.49815914,63926
1713052800,1.00131,1.0019,0.9995,1.00088,67108069.500102565,46802
1713139200,1.00088,1.00136,1.0,1.00025,256346754.10953927,87067
1713225600,1.00025,1.00079,0.99947,1.00042,207541402.19566712,68208
1713312000,1.00042,1.00099,0.99978,0.99996,191199749.20052359,56855
1713398400,0.99996,1.00129,0.99985,1.00056,236139137.48019573,56144
1713484800,1.00056,1.0011,0.9999,1.0005,166922945.43521407,54312
1713571200,1.00051,1.00054,1.00014,1.00043,76224111.07816842,17437
1713657600,1.00043,1.0006,1.00003,1.00019,34214260.0011923,12780
1713744000,1.00018,1.00086,0.99985,1.0004,166741797.3039695,42933
1713830400,1.00039,1.00073,1.0,1.0001,170799779.03020886,39129
1713916800,1.00009,1.0003,0.99891,0.99962,194822101.1681365,50592
1714003200,0.99962,1.0002,0.99927,0.99985,138590547.9511812,44468
1714089600,0.99986,1.00022,0.99934,0.99983,129742030.4857885,40309
1714176000,0.99983,0.99984,0.99914,0.99926,29060983.331411105,15452
1714262400,0.99926,0.99977,0.99914,0.99964,21003041.985277597,11218
1714348800,0.99967,1.00012,0.9994,0.99972,87681324.57111603,38374
1714435200,0.99973,0.99994,0.9984,0.99903,107210522.73122975,40517
1714521600,0.99903,0.99924,0.99825,0.99868,91572235.2477426,33800
1714608000,0.99868,1.00053,0.99864,1.00011,107663403.36852483,43361
1714694400,1.00011,1.0008,0.99987,1.00063,95515150.96532851,39017
1714780800,1.00063,1.00079,1.00001,1.00015,42597085.67179185,19340
1714867200,1.00016,1.00027,1.0001,1.00019,22868563.572373234,10636
1714953600,1.00019,1.00026,0.9998,1.00008,96983578.93502694,33588
1715040000,1.00007,1.0002,0.9998,0.99999,90839560.15712385,31056
1715126400,0.99998,1.00001,0.9994,0.99953,97904554.58642581,24451
1715212800,0.99952,1.0,0.99915,0.99988,89841159.19488811,30031
1715299200,0.99988,1.0,0.9995,0.99982,77228567.25596006,24682
1715385600,0.99983,0.9999,0.99953,0.99974,17899803.712276265,6752
1715472000,0.99974,0.99976,0.99953,0.99954,16309943.318490574,10728
1715558400,0.99953,1.0,0.99901,0.9998,98320832.91979288,31541
1715644800,0.9998,0.99983,0.99919,0.99953,100560737.2634757,31548
1715731200,0.99954,1.00083,0.99945,1.00039,137086804.98050886,35972
1715817600,1.00038,1.00052,0.99985,1.00009,97658444.11040166,23613
1715904000,1.00009,1.0005,0.9999,1.0004,94908453.33662583,23720
1715990400,1.0004,1.00044,1.0001,1.00022,31117183.522569813,8731
1716076800,1.00022,1.00024,0.99986,0.9999,29600300.68095406,10587
1716163200,0.99992,1.00066,0.99962,1.00013,89455950.43165737,23965
1716249600,1.00013,1.00025,0.99936,0.9999,176628459.4957659,54566
1716336000,0.9999,1.0,0.99906,0.99954,91913063.39655815,26968
1716422400,0.99958,1.0,0.99879,0.99951,140664905.56104487,37409
1716508800,0.99952,0.99998,0.999,0.9998,80171260.87528437,29892
1716595200,0.9998,1.0,0.99956,0.99991,20627641.04798447,14665
1716681600,0.99992,0.99997,0.99931,0.99948,26019678.158998534,10148
1716768000,0.99948,0.99954,0.99545,0.99921,86215124.38165024,25384
1716854400,0.99921,0.99934,0.99858,0.9989,85237148.79233547,31340
1716940800,0.9989,0.99999,0.99864,0.9987,91138106.2447397,25537
1717027200,0.9987,0.99993,0.99866,0.9997,81743236.00404745,19101
1717113600,0.9997,1.0,0.9984,0.99897,95850870.21352224,32461
1717200000,0.99898,0.99932,0.99877,0.99931,23518435.358944062,8166
1717286400,0.99931,0.99954,0.9991,0.99951,19937242.97327692,8219
1717372800,0.99951,0.99999,0.997,0.99981,91787471.09386635,30518
1717459200,0.99981,1.00017,0.99954,1.00008,103649496.32864274,35594
1717545600,1.00009,1.001,0.9996,1.00004,92005407.16610906,30539
1717632000,1.00004,1.00014,0.98198,0.99959,109403913.19655697,33575
1717718400,0.99959,0.99981,0.997,0.99958,102941386.78945799,36641
1717804800,0.99957,0.99993,0.9995,0.99984,24843344.276692886,11681
1717891200,0.99982,1.0,0.99975,0.99986,35135510.440949105,17532
1717977600,0.99987,0.99989,0.98356,0.9995,109843308.70661648,41466
1718064000,0.9995,0.9999,0.99892,0.9999,136510951.10142395,55709
1718150400,0.9999,1.00031,0.99893,0.99971,111161176.16329719,45405
1718236800,0.99971,1.00013,0.99953,0.99956,92251098.3806097,23821
1718323200,0.99957,0.99988,0.999,0.99948,107810595.15007934,32530
1718409600,0.9995,0.99955,0.99928,0.9994,16203490.437016632,9461
1718496000,0.99939,0.99948,0.99902,0.99932,17179023.36566536,9808
1718582400,0.99932,0.99968,0.99907,0.99967,104394013.87169656,38959
1718668800,0.99968,1.0,0.9992,0.99954,125523422.78989168,51365
1718755200,0.99954,0.99999,0.99935,0.99963,85325691.86384462,43359
1718841600,0.99964,0.99985,0.99909,0.99939,136267081.33429766,41914
1718928000,0.99939,0.99956,0.99903,0.99947,100325204.68923718,30721
1719014400,0.99948,0.99976,0.99933,0.99959,40796804.10789186,12865
1719100800,0.99963,0.99965,0.99911,0.99928,18378021.82589871,10161
1719187200,0.99928,0.99964,0.99911,0.99935,127863607.55847356,44869
1719273600,0.99934,0.99988,0.99916,0.99979,115247839.92639,34735
1719360000,0.9998,0.99985,0.99926,0.99941,121249195.64734659,27996
1719446400,0.99941,0.99941,0.99851,0.99861,119804662.16680896,32489
1719532800,0.99861,0.99914,0.99801,0.99821,138727770.64243135,35590
1719619200,0.99821,0.99869,0.99812,0.99842,28425803.526169967,14125
1719705600,0.99842,0.99861,0.99716,0.99838,34700002.13744785,16933
1719792000,0.99839,0.99907,0.99112,0.99901,127409829.77171755,29608
1719878400,0.99901,0.99905,0.99819,0.9985,86153471.77624437,20626
1719964800,0.9985,0.9993,0.99838,0.99899,85203324.80325577,24183
1720051200,0.99899,0.9997,0.99888,0.9997,80790519.99340566,35502
1720137600,0.9997,1.00012,0.99949,1.00001,160866283.37661508,62658
1720224000,1.0,1.00021,0.99991,1.00014,30455610.147905815,9346
1720310400,1.00013,1.00018,0.9997,0.99983,38907338.472193785,14070
1720396800,0.99984,1.00018,0.99957,0.99992,110681564.1249047,31067
1720483200,0.99992,1.0002,0.99963,1.00004,85628899.43214276,27820
1720569600,1.00005,1.00028,0.99974,0.99989,86165144.37779431,29125
1720656000,0.99988,1.00028,0.99968,1.00008,111909447.68585937,31222
1720742400,1.00008,1.00038,0.99999,1.00024,104725306.12049079,35960
1720828800,1.00024,1.00038,1.00001,1.00028,28873517.175922822,9113
1720915200,1.00028,1.00048,1.00021,1.0003,31749506.27186146,11731
1721001600,1.00031,1.00099,1.00021,1.0005,140699559.67068103,33813
1721088000,1.00049,1.00066,1.00019,1.00053,155688483.08136442,32306
1721174400,1.00054,1.00064,0.99996,1.00002,177393277.06739816,41191
1721260800,1.00002,1.00024,0.99978,0.99983,113519790.80156189,25326
1721347200,0.99984,1.00077,0.99967,1.00045,118929400.59196045,24973
1721433600,1.00045,1.00137,1.00031,1.00036,54404415.018161155,11194
1721520000,1.00037,1.00073,1.00006,1.00007,29334994.46155027,10870
1721606400,1.00007,1.002,0.99996,1.0003,105565216.66157986,21919
1721692800,1.0003,1.00065,0.99989,1.00012,161846544.23893863,28933
1721779200,1.00013,1.00033,0.998,0.99981,107745633.48159318,30990
1721865600,0.99981,1.00016,0.99861,0.99983,110696752.97750768,29866
1721952000,0.99984,1.00036,0.99971,1.00011,84998724.79747003,24107
1722038400,1.00011,1.00042,0.99979,1.00005,30272212.88037324,10634
1722124800,1.00005,1.00009,0.99985,0.99999,21249259.77059031,7675
1722211200,0.99999,1.0001,0.99965,0.99982,110529650.99127345,27948
1722297600,0.99983,1.0,0.99953,0.9998,75959913.92384645,28926
1722384000,0.9998,0.99999,0.9817,0.99967,93762567.80679722,28214
1722470400,0.99967,1.0,0.99884,0.9991,123616303.23413454,36078
1722556800,0.99911,0.9998,0.992,0.9988,126391013.50384034,30748
1722643200,0.99881,0.99957,0.99858,0.99949,53281197.554390736,16039
1722729600,0.99949,0.9998,0.99905,0.99964,54415703.26598136,15491
1722816000,0.99964,1.0013,0.99905,1.00029,326029464.1604365,124334
1722902400,1.00028,1.0015,1.00015,1.00043,259092702.27230653,84696
1722988800,1.00043,1.00075,1.00003,1.00017,237956583.49382335,48860
1723075200,1.00016,1.00075,1.0001,1.00027,227492094.12000433,65079
1723161600,1.00028,1.0007,1.0001,1.00051,143242628.4269079,26000
1723248000,1.0005,1.00053,1.00017,1.0002,55073575.37103904,7577
1723334400,1.00019,1.00052,1.00008,1.00011,44031200.5769898,12978
1723420800,1.00011,1.00056,1.00002,1.0002,163678040.96569684,29112
1723507200,1.0002,1.0008,1.00007,1.00035,189013718.3579987,28588
1723593600,1.00035,1.0007,1.00007,1.00022,222029857.65665078,37232
1723680000,1.00021,1.00061,0.99988,1.00021,171000470.31559116,35573
1723766400,1.00022,1.00051,0.99998,1.00029,146976170.0799112,27339
1723852800,1.0003,1.0003,1.0001,1.00017,41431799.86305204,6596
1723939200,1.00017,1.00027,1.00002,1.00015,24905701.79790791,6482
1724025600,1.00015,1.002,1.00005,1.00034,138291199.22918096,22136
1724112000,1.00035,1.00069,0.99998,1.00005,175848122.17831653,24218
1724198400,1.00006,1.0004,1.0,1.00026,169732603.50450397,19964
1724284800,1.00027,1.00041,1.00009,1.00019,165156140.75687036,24767
1724371200,1.00019,1.0011,0.99985,1.00083,145596657.21344763,23893
1724457600,1.00083,1.0009,1.00038,1.00047,71409744.50913398,9968
1724544000,1.00048,1.0006,1.00035,1.00054,39681691.857783094,12547
1724630400,1.00054,1.00057,1.00016,1.00026,143084556.43322325,21287
1724716800,1.00028,1.00047,0.99971,1.00038,196335214.3193465,37389
1724803200,1.00039,1.0004,1.0,1.00019,185458469.04088458,31669
1724889600,1.00019,1.00034,1.00002,1.0002,131681027.87066634,27925
1724976000,1.0002,1.0002,0.99974,0.99989,93023911.00257099,26139
1725062400,0.9999,1.00007,0.99973,0.99992,25328680.481454432,7030
1725148800,0.99992,1.00007,0.99975,0.99998,20071240.48447541,10219
1725235200,0.99998,1.00008,0.99976,0.99998,72680372.20136641,19706
1725321600,0.99998,1.00005,0.99966,0.99979,108132659.46691631,25817
1725408000,0.99979,1.0,0.99975,0.99998,104592067.22624286,32769
1725494400,0.99997,1.0,0.99967,0.99967,94330398.34409858,24849
1725580800,0.99968,1.0,0.99898,0.99973,161468624.83841535,47629
1725667200,0.99974,1.0,0.99965,0.99995,34520490.30601274,8227
1725753600,0.99995,1.00001,0.99978,1.0,35545937.94910574,10689
1725840000,1.0,1.00028,0.99981,1.0002,169376039.0609138,31603
1725926400,1.00019,1.0002,0.99982,1.0,91511559.97708073,17963
1726012800,0.99999,1.00019,0.9996,1.00007,116165000.5008129,28811
1726099200,1.00007,1.00014,0.99961,0.99996,112515538.78309438,24915
1726185600,0.99996,1.00066,0.99983,1.00066,181925399.0739404,25198
1726272000,1.00066,1.00075,1.00011,1.00028,37773602.34829078,8488
1726358400,1.00028,1.00031,0.99991,1.00005,42877409.96505616,11020
1726444800,1.00004,1.0001,0.9997,0.99993,112257043.75422475,23326
1726531200,0.99993,1.00031,0.9996,1.0001,135326302.42326936,26004
1726617600,1.0001,1.0005,0.99984,1.00001,136291810.7096803,28006
1726704000,1.00004,1.00034,0.99992,1.00017,180629922.78220016,31349
1726790400,1.00018,1.00019,0.99985,1.0001,121494262.10660298,22328
1726876800,1.0001,1.0004,0.99978,1.00032,81995273.66362843,13829
1726963200,1.00032,1.00035,1.00003,1.00016,67871679.80903974,18126
1727049600,1.00016,1.00035,0.99983,1.0,140358248.3737529,25531
1727136000,1.0,1.00002,0.99976,1.0,89690065.46457852,21986
1727222400,0.99999,1.00003,0.999,0.99973,104532087.88702533,25247
1727308800,0.99974,1.00034,0.99965,1.00019,154983086.32132497,33108
1727395200,1.00021,1.00055,0.9998,1.00016,134652404.026886,26623
1727481600,1.00016,1.0003,1.00003,1.00011,33889636.191587895,11172
1727568000,1.00011,1.0003,1.00001,1.00021,39313266.119511686,15028
1727654400,1.00021,1.00024,0.99965,0.99973,123153042.81294177,25280
